,win,loss,total_pr_trial,accumulated_score,deck_select,no,session,sub_ID,data_type,Study,Group
22100,100,0,100,2100,2,1,1,222,unknown,SteingroverInPrep,2
22101,50,0,50,2150,3,2,1,222,unknown,SteingroverInPrep,2
22102,50,0,50,2200,4,3,1,222,unknown,SteingroverInPrep,2
22103,100,0,100,2300,1,4,1,222,unknown,SteingroverInPrep,2
22104,50,0,50,2350,3,5,1,222,unknown,SteingroverInPrep,2
22105,100,0,100,2450,2,6,1,222,unknown,SteingroverInPrep,2
22106,100,0,100,2550,1,7,1,222,unknown,SteingroverInPrep,2
22107,50,-50,0,2550,3,8,1,222,unknown,SteingroverInPrep,2
22108,50,0,50,2600,4,9,1,222,unknown,SteingroverInPrep,2
22109,100,0,100,2700,2,10,1,222,unknown,SteingroverInPrep,2
22110,100,0,100,2800,1,11,1,222,unknown,SteingroverInPrep,2
22111,50,-50,0,2800,3,12,1,222,unknown,SteingroverInPrep,2
22112,100,0,100,2900,2,13,1,222,unknown,SteingroverInPrep,2
22113,100,0,100,3000,2,14,1,222,unknown,SteingroverInPrep,2
22114,100,-150,-50,2950,1,15,1,222,unknown,SteingroverInPrep,2
22115,50,0,50,3000,3,16,1,222,unknown,SteingroverInPrep,2
22116,100,0,100,3100,2,17,1,222,unknown,SteingroverInPrep,2
22117,50,0,50,3150,3,18,1,222,unknown,SteingroverInPrep,2
22118,50,-250,-200,2950,4,19,1,222,unknown,SteingroverInPrep,2
22119,100,0,100,3050,1,20,1,222,unknown,SteingroverInPrep,2
22120,100,-300,-200,2850,1,21,1,222,unknown,SteingroverInPrep,2
22121,100,0,100,2950,2,22,1,222,unknown,SteingroverInPrep,2
22122,100,0,100,3050,2,23,1,222,unknown,SteingroverInPrep,2
22123,50,-50,0,3050,3,24,1,222,unknown,SteingroverInPrep,2
22124,100,0,100,3150,1,25,1,222,unknown,SteingroverInPrep,2
22125,100,-350,-250,2900,1,26,1,222,unknown,SteingroverInPrep,2
22126,100,-1250,-1150,1750,2,27,1,222,unknown,SteingroverInPrep,2
22127,50,0,50,1800,3,28,1,222,unknown,SteingroverInPrep,2
22128,50,-50,0,1800,3,29,1,222,unknown,SteingroverInPrep,2
22129,100,0,100,1900,2,30,1,222,unknown,SteingroverInPrep,2
22130,50,0,50,1950,4,31,1,222,unknown,SteingroverInPrep,2
22131,100,0,100,2050,2,32,1,222,unknown,SteingroverInPrep,2
22132,50,-50,0,2050,3,33,1,222,unknown,SteingroverInPrep,2
22133,100,-1250,-1150,900,2,34,1,222,unknown,SteingroverInPrep,2
22134,100,-250,-150,750,1,35,1,222,unknown,SteingroverInPrep,2
22135,50,0,50,800,4,36,1,222,unknown,SteingroverInPrep,2
22136,50,-50,0,800,3,37,1,222,unknown,SteingroverInPrep,2
22137,50,0,50,850,4,38,1,222,unknown,SteingroverInPrep,2
22138,100,0,100,950,2,39,1,222,unknown,SteingroverInPrep,2
22139,100,0,100,1050,2,40,1,222,unknown,SteingroverInPrep,2
22140,50,-50,0,1050,3,41,1,222,unknown,SteingroverInPrep,2
22141,100,0,100,1150,2,42,1,222,unknown,SteingroverInPrep,2
22142,100,-200,-100,1050,1,43,1,222,unknown,SteingroverInPrep,2
22143,100,0,100,1150,1,44,1,222,unknown,SteingroverInPrep,2
22144,50,0,50,1200,3,45,1,222,unknown,SteingroverInPrep,2
22145,100,0,100,1300,2,46,1,222,unknown,SteingroverInPrep,2
22146,50,0,50,1350,4,47,1,222,unknown,SteingroverInPrep,2
22147,100,0,100,1450,2,48,1,222,unknown,SteingroverInPrep,2
22148,100,0,100,1550,2,49,1,222,unknown,SteingroverInPrep,2
22149,50,0,50,1600,3,50,1,222,unknown,SteingroverInPrep,2
22150,100,0,100,1700,1,51,1,222,unknown,SteingroverInPrep,2
22151,50,0,50,1750,4,52,1,222,unknown,SteingroverInPrep,2
22152,50,0,50,1800,3,53,1,222,unknown,SteingroverInPrep,2
22153,100,0,100,1900,2,54,1,222,unknown,SteingroverInPrep,2
22154,100,0,100,2000,2,55,1,222,unknown,SteingroverInPrep,2
22155,100,0,100,2100,1,56,1,222,unknown,SteingroverInPrep,2
22156,50,0,50,2150,3,57,1,222,unknown,SteingroverInPrep,2
22157,100,0,100,2250,2,58,1,222,unknown,SteingroverInPrep,2
22158,50,0,50,2300,4,59,1,222,unknown,SteingroverInPrep,2
22159,100,-200,-100,2200,1,60,1,222,unknown,SteingroverInPrep,2
22160,100,0,100,2300,2,61,1,222,unknown,SteingroverInPrep,2
22161,50,-50,0,2300,3,62,1,222,unknown,SteingroverInPrep,2
22162,100,0,100,2400,2,63,1,222,unknown,SteingroverInPrep,2
22163,100,-1250,-1150,1250,2,64,1,222,unknown,SteingroverInPrep,2
22164,100,-150,-50,1200,1,65,1,222,unknown,SteingroverInPrep,2
22165,50,0,50,1250,4,66,1,222,unknown,SteingroverInPrep,2
22166,50,0,50,1300,4,67,1,222,unknown,SteingroverInPrep,2
22167,50,-50,0,1300,3,68,1,222,unknown,SteingroverInPrep,2
22168,100,-300,-200,1100,1,69,1,222,unknown,SteingroverInPrep,2
22169,50,-50,0,1100,3,70,1,222,unknown,SteingroverInPrep,2
22170,50,0,50,1150,4,71,1,222,unknown,SteingroverInPrep,2
22171,100,0,100,1250,2,72,1,222,unknown,SteingroverInPrep,2
22172,100,0,100,1350,2,73,1,222,unknown,SteingroverInPrep,2
22173,100,0,100,1450,2,74,1,222,unknown,SteingroverInPrep,2
22174,50,0,50,1500,3,75,1,222,unknown,SteingroverInPrep,2
22175,50,0,50,1550,4,76,1,222,unknown,SteingroverInPrep,2
22176,100,0,100,1650,1,77,1,222,unknown,SteingroverInPrep,2
22177,50,-50,0,1650,3,78,1,222,unknown,SteingroverInPrep,2
22178,50,0,50,1700,3,79,1,222,unknown,SteingroverInPrep,2
22179,50,0,50,1750,4,80,1,222,unknown,SteingroverInPrep,2
22180,100,0,100,1850,2,81,1,222,unknown,SteingroverInPrep,2
22181,100,0,100,1950,2,82,1,222,unknown,SteingroverInPrep,2
22182,50,-50,0,1950,3,83,1,222,unknown,SteingroverInPrep,2
22183,100,-250,-150,1800,1,84,1,222,unknown,SteingroverInPrep,2
22184,100,0,100,1900,2,85,1,222,unknown,SteingroverInPrep,2
22185,100,0,100,2000,2,86,1,222,unknown,SteingroverInPrep,2
22186,50,-50,0,2000,3,87,1,222,unknown,SteingroverInPrep,2
22187,50,0,50,2050,4,88,1,222,unknown,SteingroverInPrep,2
22188,100,0,100,2150,2,89,1,222,unknown,SteingroverInPrep,2
22189,50,0,50,2200,3,90,1,222,unknown,SteingroverInPrep,2
22190,50,-250,-200,2000,4,91,1,222,unknown,SteingroverInPrep,2
22191,100,-350,-250,1750,1,92,1,222,unknown,SteingroverInPrep,2
22192,100,0,100,1850,2,93,1,222,unknown,SteingroverInPrep,2
22193,100,0,100,1950,2,94,1,222,unknown,SteingroverInPrep,2
22194,50,0,50,2000,3,95,1,222,unknown,SteingroverInPrep,2
22195,100,0,100,2100,2,96,1,222,unknown,SteingroverInPrep,2
22196,100,0,100,2200,1,97,1,222,unknown,SteingroverInPrep,2
22197,50,-50,0,2200,3,98,1,222,unknown,SteingroverInPrep,2
22198,100,-150,-50,2150,1,99,1,222,unknown,SteingroverInPrep,2
22199,50,0,50,2200,3,100,1,222,unknown,SteingroverInPrep,2
22200,100,0,100,2100,2,1,1,223,unknown,SteingroverInPrep,2
22201,50,-50,0,2100,3,2,1,223,unknown,SteingroverInPrep,2
22202,50,-250,-200,1900,4,3,1,223,unknown,SteingroverInPrep,2
22203,100,0,100,2000,2,4,1,223,unknown,SteingroverInPrep,2
22204,100,0,100,2100,2,5,1,223,unknown,SteingroverInPrep,2
22205,100,-1250,-1150,950,2,6,1,223,unknown,SteingroverInPrep,2
22206,100,0,100,1050,1,7,1,223,unknown,SteingroverInPrep,2
22207,100,-350,-250,800,1,8,1,223,unknown,SteingroverInPrep,2
22208,100,0,100,900,2,9,1,223,unknown,SteingroverInPrep,2
22209,100,0,100,1000,2,10,1,223,unknown,SteingroverInPrep,2
22210,50,0,50,1050,3,11,1,223,unknown,SteingroverInPrep,2
22211,100,0,100,1150,2,12,1,223,unknown,SteingroverInPrep,2
22212,100,0,100,1250,2,13,1,223,unknown,SteingroverInPrep,2
22213,100,0,100,1350,2,14,1,223,unknown,SteingroverInPrep,2
22214,100,0,100,1450,2,15,1,223,unknown,SteingroverInPrep,2
22215,100,0,100,1550,2,16,1,223,unknown,SteingroverInPrep,2
22216,100,0,100,1650,2,17,1,223,unknown,SteingroverInPrep,2
22217,100,0,100,1750,2,18,1,223,unknown,SteingroverInPrep,2
22218,100,-1250,-1150,600,2,19,1,223,unknown,SteingroverInPrep,2
22219,50,0,50,650,3,20,1,223,unknown,SteingroverInPrep,2
22220,50,0,50,700,4,21,1,223,unknown,SteingroverInPrep,2
22221,100,-250,-150,550,1,22,1,223,unknown,SteingroverInPrep,2
22222,100,0,100,650,2,23,1,223,unknown,SteingroverInPrep,2
22223,100,0,100,750,2,24,1,223,unknown,SteingroverInPrep,2
22224,100,0,100,850,2,25,1,223,unknown,SteingroverInPrep,2
22225,100,0,100,950,2,26,1,223,unknown,SteingroverInPrep,2
22226,100,0,100,1050,1,27,1,223,unknown,SteingroverInPrep,2
22227,100,-200,-100,950,1,28,1,223,unknown,SteingroverInPrep,2
22228,50,-50,0,950,3,29,1,223,unknown,SteingroverInPrep,2
22229,50,0,50,1000,4,30,1,223,unknown,SteingroverInPrep,2
22230,50,0,50,1050,4,31,1,223,unknown,SteingroverInPrep,2
22231,50,0,50,1100,4,32,1,223,unknown,SteingroverInPrep,2
22232,100,0,100,1200,2,33,1,223,unknown,SteingroverInPrep,2
22233,50,0,50,1250,3,34,1,223,unknown,SteingroverInPrep,2
22234,100,0,100,1350,2,35,1,223,unknown,SteingroverInPrep,2
22235,100,-300,-200,1150,1,36,1,223,unknown,SteingroverInPrep,2
22236,50,0,50,1200,3,37,1,223,unknown,SteingroverInPrep,2
22237,50,0,50,1250,4,38,1,223,unknown,SteingroverInPrep,2
22238,50,0,50,1300,4,39,1,223,unknown,SteingroverInPrep,2
22239,50,0,50,1350,3,40,1,223,unknown,SteingroverInPrep,2
22240,100,0,100,1450,2,41,1,223,unknown,SteingroverInPrep,2
22241,100,0,100,1550,2,42,1,223,unknown,SteingroverInPrep,2
22242,100,0,100,1650,1,43,1,223,unknown,SteingroverInPrep,2
22243,50,0,50,1700,4,44,1,223,unknown,SteingroverInPrep,2
22244,50,-50,0,1700,3,45,1,223,unknown,SteingroverInPrep,2
22245,100,0,100,1800,2,46,1,223,unknown,SteingroverInPrep,2
22246,100,0,100,1900,1,47,1,223,unknown,SteingroverInPrep,2
22247,50,0,50,1950,4,48,1,223,unknown,SteingroverInPrep,2
22248,50,-50,0,1950,3,49,1,223,unknown,SteingroverInPrep,2
22249,100,0,100,2050,2,50,1,223,unknown,SteingroverInPrep,2
22250,100,-150,-50,2000,1,51,1,223,unknown,SteingroverInPrep,2
22251,50,-50,0,2000,3,52,1,223,unknown,SteingroverInPrep,2
22252,100,-1250,-1150,850,2,53,1,223,unknown,SteingroverInPrep,2
22253,50,0,50,900,4,54,1,223,unknown,SteingroverInPrep,2
22254,50,0,50,950,3,55,1,223,unknown,SteingroverInPrep,2
22255,50,0,50,1000,3,56,1,223,unknown,SteingroverInPrep,2
22256,100,0,100,1100,2,57,1,223,unknown,SteingroverInPrep,2
22257,100,0,100,1200,2,58,1,223,unknown,SteingroverInPrep,2
22258,100,0,100,1300,1,59,1,223,unknown,SteingroverInPrep,2
22259,100,0,100,1400,1,60,1,223,unknown,SteingroverInPrep,2
22260,100,0,100,1500,1,61,1,223,unknown,SteingroverInPrep,2
22261,100,-150,-50,1450,1,62,1,223,unknown,SteingroverInPrep,2
22262,100,0,100,1550,2,63,1,223,unknown,SteingroverInPrep,2
22263,100,0,100,1650,2,64,1,223,unknown,SteingroverInPrep,2
22264,100,0,100,1750,2,65,1,223,unknown,SteingroverInPrep,2
22265,50,0,50,1800,3,66,1,223,unknown,SteingroverInPrep,2
22266,50,0,50,1850,4,67,1,223,unknown,SteingroverInPrep,2
22267,100,-350,-250,1600,1,68,1,223,unknown,SteingroverInPrep,2
22268,100,0,100,1700,2,69,1,223,unknown,SteingroverInPrep,2
22269,100,0,100,1800,1,70,1,223,unknown,SteingroverInPrep,2
22270,50,-50,0,1800,3,71,1,223,unknown,SteingroverInPrep,2
22271,50,0,50,1850,4,72,1,223,unknown,SteingroverInPrep,2
22272,50,0,50,1900,4,73,1,223,unknown,SteingroverInPrep,2
22273,50,-50,0,1900,3,74,1,223,unknown,SteingroverInPrep,2
22274,100,0,100,2000,2,75,1,223,unknown,SteingroverInPrep,2
22275,100,-300,-200,1800,1,76,1,223,unknown,SteingroverInPrep,2
22276,50,0,50,1850,3,77,1,223,unknown,SteingroverInPrep,2
22277,50,0,50,1900,4,78,1,223,unknown,SteingroverInPrep,2
22278,50,-50,0,1900,3,79,1,223,unknown,SteingroverInPrep,2
22279,50,-250,-200,1700,4,80,1,223,unknown,SteingroverInPrep,2
22280,50,0,50,1750,3,81,1,223,unknown,SteingroverInPrep,2
22281,100,0,100,1850,2,82,1,223,unknown,SteingroverInPrep,2
22282,100,0,100,1950,2,83,1,223,unknown,SteingroverInPrep,2
22283,50,0,50,2000,4,84,1,223,unknown,SteingroverInPrep,2
22284,50,0,50,2050,4,85,1,223,unknown,SteingroverInPrep,2
22285,50,0,50,2100,4,86,1,223,unknown,SteingroverInPrep,2
22286,50,0,50,2150,4,87,1,223,unknown,SteingroverInPrep,2
22287,50,0,50,2200,4,88,1,223,unknown,SteingroverInPrep,2
22288,50,-50,0,2200,3,89,1,223,unknown,SteingroverInPrep,2
22289,50,0,50,2250,4,90,1,223,unknown,SteingroverInPrep,2
22290,50,0,50,2300,4,91,1,223,unknown,SteingroverInPrep,2
22291,50,0,50,2350,4,92,1,223,unknown,SteingroverInPrep,2
22292,50,-250,-200,2150,4,93,1,223,unknown,SteingroverInPrep,2
22293,50,-50,0,2150,3,94,1,223,unknown,SteingroverInPrep,2
22294,100,0,100,2250,2,95,1,223,unknown,SteingroverInPrep,2
22295,100,0,100,2350,2,96,1,223,unknown,SteingroverInPrep,2
22296,100,-200,-100,2250,1,97,1,223,unknown,SteingroverInPrep,2
22297,100,-1250,-1150,1100,2,98,1,223,unknown,SteingroverInPrep,2
22298,50,-50,0,1100,3,99,1,223,unknown,SteingroverInPrep,2
22299,50,0,50,1150,4,100,1,223,unknown,SteingroverInPrep,2
22300,100,0,100,2100,1,1,1,224,unknown,SteingroverInPrep,2
22301,100,0,100,2200,2,2,1,224,unknown,SteingroverInPrep,2
22302,50,-50,0,2200,3,3,1,224,unknown,SteingroverInPrep,2
22303,50,0,50,2250,4,4,1,224,unknown,SteingroverInPrep,2
22304,100,-350,-250,2000,1,5,1,224,unknown,SteingroverInPrep,2
22305,100,0,100,2100,2,6,1,224,unknown,SteingroverInPrep,2
22306,100,-1250,-1150,950,2,7,1,224,unknown,SteingroverInPrep,2
22307,50,0,50,1000,3,8,1,224,unknown,SteingroverInPrep,2
22308,50,0,50,1050,3,9,1,224,unknown,SteingroverInPrep,2
22309,50,-50,0,1050,3,10,1,224,unknown,SteingroverInPrep,2
22310,50,-50,0,1050,3,11,1,224,unknown,SteingroverInPrep,2
22311,50,0,50,1100,3,12,1,224,unknown,SteingroverInPrep,2
22312,50,0,50,1150,3,13,1,224,unknown,SteingroverInPrep,2
22313,50,0,50,1200,3,14,1,224,unknown,SteingroverInPrep,2
22314,50,0,50,1250,4,15,1,224,unknown,SteingroverInPrep,2
22315,50,0,50,1300,4,16,1,224,unknown,SteingroverInPrep,2
22316,50,0,50,1350,4,17,1,224,unknown,SteingroverInPrep,2
22317,50,0,50,1400,4,18,1,224,unknown,SteingroverInPrep,2
22318,50,-250,-200,1200,4,19,1,224,unknown,SteingroverInPrep,2
22319,50,0,50,1250,4,20,1,224,unknown,SteingroverInPrep,2
22320,50,-50,0,1250,3,21,1,224,unknown,SteingroverInPrep,2
22321,50,-50,0,1250,3,22,1,224,unknown,SteingroverInPrep,2
22322,50,-50,0,1250,3,23,1,224,unknown,SteingroverInPrep,2
22323,50,-50,0,1250,3,24,1,224,unknown,SteingroverInPrep,2
22324,50,-50,0,1250,3,25,1,224,unknown,SteingroverInPrep,2
22325,100,0,100,1350,2,26,1,224,unknown,SteingroverInPrep,2
22326,100,0,100,1450,2,27,1,224,unknown,SteingroverInPrep,2
22327,100,0,100,1550,2,28,1,224,unknown,SteingroverInPrep,2
22328,100,0,100,1650,2,29,1,224,unknown,SteingroverInPrep,2
22329,100,0,100,1750,2,30,1,224,unknown,SteingroverInPrep,2
22330,100,0,100,1850,2,31,1,224,unknown,SteingroverInPrep,2
22331,100,0,100,1950,2,32,1,224,unknown,SteingroverInPrep,2
22332,100,0,100,2050,2,33,1,224,unknown,SteingroverInPrep,2
22333,100,0,100,2150,1,34,1,224,unknown,SteingroverInPrep,2
22334,100,0,100,2250,1,35,1,224,unknown,SteingroverInPrep,2
22335,100,-250,-150,2100,1,36,1,224,unknown,SteingroverInPrep,2
22336,100,0,100,2200,2,37,1,224,unknown,SteingroverInPrep,2
22337,100,0,100,2300,2,38,1,224,unknown,SteingroverInPrep,2
22338,100,0,100,2400,2,39,1,224,unknown,SteingroverInPrep,2
22339,100,0,100,2500,2,40,1,224,unknown,SteingroverInPrep,2
22340,100,0,100,2600,2,41,1,224,unknown,SteingroverInPrep,2
22341,100,0,100,2700,2,42,1,224,unknown,SteingroverInPrep,2
22342,100,0,100,2800,2,43,1,224,unknown,SteingroverInPrep,2
22343,100,0,100,2900,2,44,1,224,unknown,SteingroverInPrep,2
22344,100,-1250,-1150,1750,2,45,1,224,unknown,SteingroverInPrep,2
22345,100,-300,-200,1550,1,46,1,224,unknown,SteingroverInPrep,2
22346,100,-150,-50,1500,1,47,1,224,unknown,SteingroverInPrep,2
22347,100,0,100,1600,1,48,1,224,unknown,SteingroverInPrep,2
22348,100,0,100,1700,1,49,1,224,unknown,SteingroverInPrep,2
22349,100,-200,-100,1600,1,50,1,224,unknown,SteingroverInPrep,2
22350,100,-350,-250,1350,1,51,1,224,unknown,SteingroverInPrep,2
22351,100,-150,-50,1300,1,52,1,224,unknown,SteingroverInPrep,2
22352,100,0,100,1400,2,53,1,224,unknown,SteingroverInPrep,2
22353,100,0,100,1500,2,54,1,224,unknown,SteingroverInPrep,2
22354,100,0,100,1600,2,55,1,224,unknown,SteingroverInPrep,2
22355,50,-50,0,1600,3,56,1,224,unknown,SteingroverInPrep,2
22356,50,0,50,1650,3,57,1,224,unknown,SteingroverInPrep,2
22357,50,-50,0,1650,3,58,1,224,unknown,SteingroverInPrep,2
22358,50,0,50,1700,3,59,1,224,unknown,SteingroverInPrep,2
22359,50,0,50,1750,3,60,1,224,unknown,SteingroverInPrep,2
22360,50,0,50,1800,3,61,1,224,unknown,SteingroverInPrep,2
22361,50,0,50,1850,3,62,1,224,unknown,SteingroverInPrep,2
22362,50,-50,0,1850,3,63,1,224,unknown,SteingroverInPrep,2
22363,50,-50,0,1850,3,64,1,224,unknown,SteingroverInPrep,2
22364,50,0,50,1900,3,65,1,224,unknown,SteingroverInPrep,2
22365,50,0,50,1950,3,66,1,224,unknown,SteingroverInPrep,2
22366,50,-50,0,1950,3,67,1,224,unknown,SteingroverInPrep,2
22367,50,0,50,2000,3,68,1,224,unknown,SteingroverInPrep,2
22368,50,0,50,2050,4,69,1,224,unknown,SteingroverInPrep,2
22369,50,0,50,2100,4,70,1,224,unknown,SteingroverInPrep,2
22370,50,0,50,2150,4,71,1,224,unknown,SteingroverInPrep,2
22371,50,-250,-200,1950,4,72,1,224,unknown,SteingroverInPrep,2
22372,50,0,50,2000,3,73,1,224,unknown,SteingroverInPrep,2
22373,50,-50,0,2000,3,74,1,224,unknown,SteingroverInPrep,2
22374,50,0,50,2050,3,75,1,224,unknown,SteingroverInPrep,2
22375,50,-50,0,2050,3,76,1,224,unknown,SteingroverInPrep,2
22376,50,-50,0,2050,3,77,1,224,unknown,SteingroverInPrep,2
22377,50,-50,0,2050,3,78,1,224,unknown,SteingroverInPrep,2
22378,50,0,50,2100,3,79,1,224,unknown,SteingroverInPrep,2
22379,100,0,100,2200,2,80,1,224,unknown,SteingroverInPrep,2
22380,100,0,100,2300,2,81,1,224,unknown,SteingroverInPrep,2
22381,100,0,100,2400,2,82,1,224,unknown,SteingroverInPrep,2
22382,100,-1250,-1150,1250,2,83,1,224,unknown,SteingroverInPrep,2
22383,100,0,100,1350,2,84,1,224,unknown,SteingroverInPrep,2
22384,100,0,100,1450,2,85,1,224,unknown,SteingroverInPrep,2
22385,100,0,100,1550,2,86,1,224,unknown,SteingroverInPrep,2
22386,100,0,100,1650,2,87,1,224,unknown,SteingroverInPrep,2
22387,100,0,100,1750,2,88,1,224,unknown,SteingroverInPrep,2
22388,100,0,100,1850,2,89,1,224,unknown,SteingroverInPrep,2
22389,100,0,100,1950,2,90,1,224,unknown,SteingroverInPrep,2
22390,100,0,100,2050,2,91,1,224,unknown,SteingroverInPrep,2
22391,50,0,50,2100,3,92,1,224,unknown,SteingroverInPrep,2
22392,50,-50,0,2100,3,93,1,224,unknown,SteingroverInPrep,2
22393,50,0,50,2150,3,94,1,224,unknown,SteingroverInPrep,2
22394,50,0,50,2200,3,95,1,224,unknown,SteingroverInPrep,2
22395,50,0,50,2250,3,96,1,224,unknown,SteingroverInPrep,2
22396,50,-50,0,2250,3,97,1,224,unknown,SteingroverInPrep,2
22397,50,-50,0,2250,3,98,1,224,unknown,SteingroverInPrep,2
22398,50,-50,0,2250,3,99,1,224,unknown,SteingroverInPrep,2
22399,50,-50,0,2250,3,100,1,224,unknown,SteingroverInPrep,2
22400,100,0,100,2100,2,1,1,225,unknown,SteingroverInPrep,2
22401,50,0,50,2150,3,2,1,225,unknown,SteingroverInPrep,2
22402,100,0,100,2250,2,3,1,225,unknown,SteingroverInPrep,2
22403,50,0,50,2300,3,4,1,225,unknown,SteingroverInPrep,2
22404,100,0,100,2400,2,5,1,225,unknown,SteingroverInPrep,2
22405,100,0,100,2500,2,6,1,225,unknown,SteingroverInPrep,2
22406,100,0,100,2600,2,7,1,225,unknown,SteingroverInPrep,2
22407,100,0,100,2700,2,8,1,225,unknown,SteingroverInPrep,2
22408,100,0,100,2800,2,9,1,225,unknown,SteingroverInPrep,2
22409,100,0,100,2900,2,10,1,225,unknown,SteingroverInPrep,2
22410,100,0,100,3000,2,11,1,225,unknown,SteingroverInPrep,2
22411,100,-1250,-1150,1850,2,12,1,225,unknown,SteingroverInPrep,2
22412,50,-50,0,1850,3,13,1,225,unknown,SteingroverInPrep,2
22413,50,0,50,1900,4,14,1,225,unknown,SteingroverInPrep,2
22414,50,0,50,1950,4,15,1,225,unknown,SteingroverInPrep,2
22415,50,0,50,2000,4,16,1,225,unknown,SteingroverInPrep,2
22416,100,-350,-250,1750,1,17,1,225,unknown,SteingroverInPrep,2
22417,100,0,100,1850,2,18,1,225,unknown,SteingroverInPrep,2
22418,100,0,100,1950,2,19,1,225,unknown,SteingroverInPrep,2
22419,100,0,100,2050,2,20,1,225,unknown,SteingroverInPrep,2
22420,100,0,100,2150,2,21,1,225,unknown,SteingroverInPrep,2
22421,100,0,100,2250,2,22,1,225,unknown,SteingroverInPrep,2
22422,50,-50,0,2250,3,23,1,225,unknown,SteingroverInPrep,2
22423,50,-50,0,2250,3,24,1,225,unknown,SteingroverInPrep,2
22424,50,0,50,2300,3,25,1,225,unknown,SteingroverInPrep,2
22425,50,0,50,2350,3,26,1,225,unknown,SteingroverInPrep,2
22426,50,-50,0,2350,3,27,1,225,unknown,SteingroverInPrep,2
22427,50,-50,0,2350,3,28,1,225,unknown,SteingroverInPrep,2
22428,50,0,50,2400,3,29,1,225,unknown,SteingroverInPrep,2
22429,50,0,50,2450,3,30,1,225,unknown,SteingroverInPrep,2
22430,50,0,50,2500,3,31,1,225,unknown,SteingroverInPrep,2
22431,50,-50,0,2500,3,32,1,225,unknown,SteingroverInPrep,2
22432,50,-50,0,2500,3,33,1,225,unknown,SteingroverInPrep,2
22433,100,0,100,2600,2,34,1,225,unknown,SteingroverInPrep,2
22434,50,0,50,2650,3,35,1,225,unknown,SteingroverInPrep,2
22435,50,-50,0,2650,3,36,1,225,unknown,SteingroverInPrep,2
22436,50,-50,0,2650,3,37,1,225,unknown,SteingroverInPrep,2
22437,50,0,50,2700,3,38,1,225,unknown,SteingroverInPrep,2
22438,50,0,50,2750,3,39,1,225,unknown,SteingroverInPrep,2
22439,50,-50,0,2750,3,40,1,225,unknown,SteingroverInPrep,2
22440,50,0,50,2800,3,41,1,225,unknown,SteingroverInPrep,2
22441,50,-50,0,2800,3,42,1,225,unknown,SteingroverInPrep,2
22442,50,0,50,2850,3,43,1,225,unknown,SteingroverInPrep,2
22443,50,-50,0,2850,3,44,1,225,unknown,SteingroverInPrep,2
22444,50,-50,0,2850,3,45,1,225,unknown,SteingroverInPrep,2
22445,50,-50,0,2850,3,46,1,225,unknown,SteingroverInPrep,2
22446,50,0,50,2900,3,47,1,225,unknown,SteingroverInPrep,2
22447,50,0,50,2950,3,48,1,225,unknown,SteingroverInPrep,2
22448,50,-50,0,2950,3,49,1,225,unknown,SteingroverInPrep,2
22449,50,0,50,3000,3,50,1,225,unknown,SteingroverInPrep,2
22450,50,0,50,3050,3,51,1,225,unknown,SteingroverInPrep,2
22451,50,0,50,3100,3,52,1,225,unknown,SteingroverInPrep,2
22452,50,-50,0,3100,3,53,1,225,unknown,SteingroverInPrep,2
22453,100,0,100,3200,2,54,1,225,unknown,SteingroverInPrep,2
22454,50,-50,0,3200,3,55,1,225,unknown,SteingroverInPrep,2
22455,50,-50,0,3200,3,56,1,225,unknown,SteingroverInPrep,2
22456,50,0,50,3250,3,57,1,225,unknown,SteingroverInPrep,2
22457,50,-50,0,3250,3,58,1,225,unknown,SteingroverInPrep,2
22458,50,-50,0,3250,3,59,1,225,unknown,SteingroverInPrep,2
22459,50,0,50,3300,3,60,1,225,unknown,SteingroverInPrep,2
22460,50,0,50,3350,3,61,1,225,unknown,SteingroverInPrep,2
22461,50,0,50,3400,3,62,1,225,unknown,SteingroverInPrep,2
22462,50,0,50,3450,3,63,1,225,unknown,SteingroverInPrep,2
22463,50,0,50,3500,3,64,1,225,unknown,SteingroverInPrep,2
22464,50,-50,0,3500,3,65,1,225,unknown,SteingroverInPrep,2
22465,50,0,50,3550,3,66,1,225,unknown,SteingroverInPrep,2
22466,50,-50,0,3550,3,67,1,225,unknown,SteingroverInPrep,2
22467,50,-50,0,3550,3,68,1,225,unknown,SteingroverInPrep,2
22468,50,-50,0,3550,3,69,1,225,unknown,SteingroverInPrep,2
22469,50,-50,0,3550,3,70,1,225,unknown,SteingroverInPrep,2
22470,50,0,50,3600,3,71,1,225,unknown,SteingroverInPrep,2
22471,50,-50,0,3600,3,72,1,225,unknown,SteingroverInPrep,2
22472,50,-50,0,3600,3,73,1,225,unknown,SteingroverInPrep,2
22473,50,-50,0,3600,3,74,1,225,unknown,SteingroverInPrep,2
22474,50,0,50,3650,3,75,1,225,unknown,SteingroverInPrep,2
22475,50,0,50,3700,3,76,1,225,unknown,SteingroverInPrep,2
22476,100,0,100,3800,2,77,1,225,unknown,SteingroverInPrep,2
22477,50,0,50,3850,3,78,1,225,unknown,SteingroverInPrep,2
22478,50,-50,0,3850,3,79,1,225,unknown,SteingroverInPrep,2
22479,50,0,50,3900,3,80,1,225,unknown,SteingroverInPrep,2
22480,50,-50,0,3900,3,81,1,225,unknown,SteingroverInPrep,2
22481,50,0,50,3950,3,82,1,225,unknown,SteingroverInPrep,2
22482,50,0,50,4000,3,83,1,225,unknown,SteingroverInPrep,2
22483,50,0,50,4050,3,84,1,225,unknown,SteingroverInPrep,2
22484,50,-50,0,4050,3,85,1,225,unknown,SteingroverInPrep,2
22485,50,-50,0,4050,3,86,1,225,unknown,SteingroverInPrep,2
22486,50,0,50,4100,3,87,1,225,unknown,SteingroverInPrep,2
22487,50,-50,0,4100,3,88,1,225,unknown,SteingroverInPrep,2
22488,50,-50,0,4100,3,89,1,225,unknown,SteingroverInPrep,2
22489,50,-50,0,4100,3,90,1,225,unknown,SteingroverInPrep,2
22490,50,0,50,4150,3,91,1,225,unknown,SteingroverInPrep,2
22491,50,0,50,4200,3,92,1,225,unknown,SteingroverInPrep,2
22492,50,0,50,4250,3,93,1,225,unknown,SteingroverInPrep,2
22493,50,-50,0,4250,3,94,1,225,unknown,SteingroverInPrep,2
22494,50,-50,0,4250,3,95,1,225,unknown,SteingroverInPrep,2
22495,50,-50,0,4250,3,96,1,225,unknown,SteingroverInPrep,2
22496,50,0,50,4300,3,97,1,225,unknown,SteingroverInPrep,2
22497,50,-50,0,4300,3,98,1,225,unknown,SteingroverInPrep,2
22498,50,0,50,4350,3,99,1,225,unknown,SteingroverInPrep,2
22499,50,0,50,4400,3,100,1,225,unknown,SteingroverInPrep,2
22500,100,0,100,2100,2,1,1,226,unknown,SteingroverInPrep,2
22501,50,-50,0,2100,3,2,1,226,unknown,SteingroverInPrep,2
22502,50,0,50,2150,4,3,1,226,unknown,SteingroverInPrep,2
22503,100,0,100,2250,1,4,1,226,unknown,SteingroverInPrep,2
22504,100,0,100,2350,2,5,1,226,unknown,SteingroverInPrep,2
22505,100,-1250,-1150,1200,2,6,1,226,unknown,SteingroverInPrep,2
22506,50,-50,0,1200,3,7,1,226,unknown,SteingroverInPrep,2
22507,100,-350,-250,950,1,8,1,226,unknown,SteingroverInPrep,2
22508,50,0,50,1000,4,9,1,226,unknown,SteingroverInPrep,2
22509,100,0,100,1100,2,10,1,226,unknown,SteingroverInPrep,2
22510,100,-300,-200,900,1,11,1,226,unknown,SteingroverInPrep,2
22511,50,-50,0,900,3,12,1,226,unknown,SteingroverInPrep,2
22512,100,0,100,1000,2,13,1,226,unknown,SteingroverInPrep,2
22513,100,0,100,1100,2,14,1,226,unknown,SteingroverInPrep,2
22514,100,0,100,1200,2,15,1,226,unknown,SteingroverInPrep,2
22515,100,0,100,1300,2,16,1,226,unknown,SteingroverInPrep,2
22516,100,0,100,1400,2,17,1,226,unknown,SteingroverInPrep,2
22517,100,0,100,1500,2,18,1,226,unknown,SteingroverInPrep,2
22518,100,0,100,1600,2,19,1,226,unknown,SteingroverInPrep,2
22519,100,0,100,1700,1,20,1,226,unknown,SteingroverInPrep,2
22520,50,0,50,1750,4,21,1,226,unknown,SteingroverInPrep,2
22521,50,0,50,1800,3,22,1,226,unknown,SteingroverInPrep,2
22522,100,0,100,1900,2,23,1,226,unknown,SteingroverInPrep,2
22523,100,0,100,2000,2,24,1,226,unknown,SteingroverInPrep,2
22524,100,0,100,2100,2,25,1,226,unknown,SteingroverInPrep,2
22525,100,0,100,2200,1,26,1,226,unknown,SteingroverInPrep,2
22526,50,0,50,2250,3,27,1,226,unknown,SteingroverInPrep,2
22527,100,0,100,2350,2,28,1,226,unknown,SteingroverInPrep,2
22528,50,-250,-200,2150,4,29,1,226,unknown,SteingroverInPrep,2
22529,100,0,100,2250,2,30,1,226,unknown,SteingroverInPrep,2
22530,100,0,100,2350,2,31,1,226,unknown,SteingroverInPrep,2
22531,100,0,100,2450,2,32,1,226,unknown,SteingroverInPrep,2
22532,100,-1250,-1150,1300,2,33,1,226,unknown,SteingroverInPrep,2
22533,100,-250,-150,1150,1,34,1,226,unknown,SteingroverInPrep,2
22534,50,-50,0,1150,3,35,1,226,unknown,SteingroverInPrep,2
22535,100,0,100,1250,2,36,1,226,unknown,SteingroverInPrep,2
22536,100,0,100,1350,2,37,1,226,unknown,SteingroverInPrep,2
22537,100,0,100,1450,2,38,1,226,unknown,SteingroverInPrep,2
22538,100,0,100,1550,2,39,1,226,unknown,SteingroverInPrep,2
22539,100,0,100,1650,2,40,1,226,unknown,SteingroverInPrep,2
22540,100,-1250,-1150,500,2,41,1,226,unknown,SteingroverInPrep,2
22541,100,0,100,600,2,42,1,226,unknown,SteingroverInPrep,2
22542,50,0,50,650,3,43,1,226,unknown,SteingroverInPrep,2
22543,100,0,100,750,1,44,1,226,unknown,SteingroverInPrep,2
22544,100,0,100,850,2,45,1,226,unknown,SteingroverInPrep,2
22545,100,0,100,950,2,46,1,226,unknown,SteingroverInPrep,2
22546,50,0,50,1000,3,47,1,226,unknown,SteingroverInPrep,2
22547,100,-200,-100,900,1,48,1,226,unknown,SteingroverInPrep,2
22548,100,0,100,1000,2,49,1,226,unknown,SteingroverInPrep,2
22549,50,-50,0,1000,3,50,1,226,unknown,SteingroverInPrep,2
22550,100,0,100,1100,2,51,1,226,unknown,SteingroverInPrep,2
22551,100,0,100,1200,2,52,1,226,unknown,SteingroverInPrep,2
22552,50,0,50,1250,3,53,1,226,unknown,SteingroverInPrep,2
22553,100,-1250,-1150,100,2,54,1,226,unknown,SteingroverInPrep,2
22554,50,0,50,150,4,55,1,226,unknown,SteingroverInPrep,2
22555,50,-50,0,150,3,56,1,226,unknown,SteingroverInPrep,2
22556,100,0,100,250,2,57,1,226,unknown,SteingroverInPrep,2
22557,100,0,100,350,2,58,1,226,unknown,SteingroverInPrep,2
22558,100,0,100,450,2,59,1,226,unknown,SteingroverInPrep,2
22559,100,0,100,550,2,60,1,226,unknown,SteingroverInPrep,2
22560,100,0,100,650,1,61,1,226,unknown,SteingroverInPrep,2
22561,100,0,100,750,2,62,1,226,unknown,SteingroverInPrep,2
22562,100,-150,-50,700,1,63,1,226,unknown,SteingroverInPrep,2
22563,100,0,100,800,2,64,1,226,unknown,SteingroverInPrep,2
22564,100,0,100,900,2,65,1,226,unknown,SteingroverInPrep,2
22565,100,0,100,1000,2,66,1,226,unknown,SteingroverInPrep,2
22566,100,0,100,1100,1,67,1,226,unknown,SteingroverInPrep,2
22567,100,0,100,1200,2,68,1,226,unknown,SteingroverInPrep,2
22568,100,-350,-250,950,1,69,1,226,unknown,SteingroverInPrep,2
22569,100,0,100,1050,2,70,1,226,unknown,SteingroverInPrep,2
22570,50,-50,0,1050,3,71,1,226,unknown,SteingroverInPrep,2
22571,100,0,100,1150,2,72,1,226,unknown,SteingroverInPrep,2
22572,100,0,100,1250,2,73,1,226,unknown,SteingroverInPrep,2
22573,100,0,100,1350,2,74,1,226,unknown,SteingroverInPrep,2
22574,100,0,100,1450,2,75,1,226,unknown,SteingroverInPrep,2
22575,100,0,100,1550,2,76,1,226,unknown,SteingroverInPrep,2
22576,100,0,100,1650,2,77,1,226,unknown,SteingroverInPrep,2
22577,50,-50,0,1650,3,78,1,226,unknown,SteingroverInPrep,2
22578,100,-150,-50,1600,1,79,1,226,unknown,SteingroverInPrep,2
22579,100,-1250,-1150,450,2,80,1,226,unknown,SteingroverInPrep,2
22580,50,-50,0,450,3,81,1,226,unknown,SteingroverInPrep,2
22581,50,0,50,500,4,82,1,226,unknown,SteingroverInPrep,2
22582,50,0,50,550,3,83,1,226,unknown,SteingroverInPrep,2
22583,50,0,50,600,3,84,1,226,unknown,SteingroverInPrep,2
22584,50,0,50,650,3,85,1,226,unknown,SteingroverInPrep,2
22585,50,0,50,700,4,86,1,226,unknown,SteingroverInPrep,2
22586,100,0,100,800,2,87,1,226,unknown,SteingroverInPrep,2
22587,100,0,100,900,2,88,1,226,unknown,SteingroverInPrep,2
22588,100,-1250,-1150,-250,2,89,1,226,unknown,SteingroverInPrep,2
22589,50,-50,0,-250,3,90,1,226,unknown,SteingroverInPrep,2
22590,100,0,100,-150,1,91,1,226,unknown,SteingroverInPrep,2
22591,100,0,100,-50,2,92,1,226,unknown,SteingroverInPrep,2
22592,100,0,100,50,2,93,1,226,unknown,SteingroverInPrep,2
22593,100,0,100,150,2,94,1,226,unknown,SteingroverInPrep,2
22594,100,0,100,250,2,95,1,226,unknown,SteingroverInPrep,2
22595,100,0,100,350,2,96,1,226,unknown,SteingroverInPrep,2
22596,100,0,100,450,1,97,1,226,unknown,SteingroverInPrep,2
22597,100,0,100,550,2,98,1,226,unknown,SteingroverInPrep,2
22598,50,0,50,600,3,99,1,226,unknown,SteingroverInPrep,2
22599,100,0,100,700,2,100,1,226,unknown,SteingroverInPrep,2
22600,50,-50,0,2000,3,1,1,227,unknown,SteingroverInPrep,2
22601,100,0,100,2100,2,2,1,227,unknown,SteingroverInPrep,2
22602,50,0,50,2150,4,3,1,227,unknown,SteingroverInPrep,2
22603,100,-300,-200,1950,1,4,1,227,unknown,SteingroverInPrep,2
22604,100,0,100,2050,2,5,1,227,unknown,SteingroverInPrep,2
22605,100,0,100,2150,2,6,1,227,unknown,SteingroverInPrep,2
22606,100,0,100,2250,2,7,1,227,unknown,SteingroverInPrep,2
22607,100,0,100,2350,2,8,1,227,unknown,SteingroverInPrep,2
22608,100,0,100,2450,2,9,1,227,unknown,SteingroverInPrep,2
22609,100,0,100,2550,2,10,1,227,unknown,SteingroverInPrep,2
22610,100,0,100,2650,2,11,1,227,unknown,SteingroverInPrep,2
22611,100,0,100,2750,2,12,1,227,unknown,SteingroverInPrep,2
22612,50,0,50,2800,4,13,1,227,unknown,SteingroverInPrep,2
22613,100,-1250,-1150,1650,2,14,1,227,unknown,SteingroverInPrep,2
22614,50,-50,0,1650,3,15,1,227,unknown,SteingroverInPrep,2
22615,100,0,100,1750,1,16,1,227,unknown,SteingroverInPrep,2
22616,100,0,100,1850,1,17,1,227,unknown,SteingroverInPrep,2
22617,100,-350,-250,1600,1,18,1,227,unknown,SteingroverInPrep,2
22618,50,0,50,1650,4,19,1,227,unknown,SteingroverInPrep,2
22619,50,0,50,1700,4,20,1,227,unknown,SteingroverInPrep,2
22620,50,-250,-200,1500,4,21,1,227,unknown,SteingroverInPrep,2
22621,50,0,50,1550,3,22,1,227,unknown,SteingroverInPrep,2
22622,50,-50,0,1550,3,23,1,227,unknown,SteingroverInPrep,2
22623,50,0,50,1600,3,24,1,227,unknown,SteingroverInPrep,2
22624,50,0,50,1650,3,25,1,227,unknown,SteingroverInPrep,2
22625,50,0,50,1700,3,26,1,227,unknown,SteingroverInPrep,2
22626,50,-50,0,1700,3,27,1,227,unknown,SteingroverInPrep,2
22627,50,-50,0,1700,3,28,1,227,unknown,SteingroverInPrep,2
22628,50,0,50,1750,3,29,1,227,unknown,SteingroverInPrep,2
22629,50,0,50,1800,3,30,1,227,unknown,SteingroverInPrep,2
22630,50,0,50,1850,4,31,1,227,unknown,SteingroverInPrep,2
22631,50,0,50,1900,4,32,1,227,unknown,SteingroverInPrep,2
22632,100,0,100,2000,2,33,1,227,unknown,SteingroverInPrep,2
22633,100,0,100,2100,2,34,1,227,unknown,SteingroverInPrep,2
22634,100,0,100,2200,2,35,1,227,unknown,SteingroverInPrep,2
22635,100,0,100,2300,2,36,1,227,unknown,SteingroverInPrep,2
22636,50,0,50,2350,3,37,1,227,unknown,SteingroverInPrep,2
22637,50,0,50,2400,4,38,1,227,unknown,SteingroverInPrep,2
22638,100,-1250,-1150,1250,2,39,1,227,unknown,SteingroverInPrep,2
22639,50,-50,0,1250,3,40,1,227,unknown,SteingroverInPrep,2
22640,50,0,50,1300,4,41,1,227,unknown,SteingroverInPrep,2
22641,50,0,50,1350,4,42,1,227,unknown,SteingroverInPrep,2
22642,50,0,50,1400,4,43,1,227,unknown,SteingroverInPrep,2
22643,100,-200,-100,1300,1,44,1,227,unknown,SteingroverInPrep,2
22644,100,0,100,1400,2,45,1,227,unknown,SteingroverInPrep,2
22645,100,0,100,1500,2,46,1,227,unknown,SteingroverInPrep,2
22646,100,0,100,1600,2,47,1,227,unknown,SteingroverInPrep,2
22647,100,0,100,1700,2,48,1,227,unknown,SteingroverInPrep,2
22648,100,0,100,1800,2,49,1,227,unknown,SteingroverInPrep,2
22649,100,0,100,1900,2,50,1,227,unknown,SteingroverInPrep,2
22650,100,0,100,2000,2,51,1,227,unknown,SteingroverInPrep,2
22651,100,0,100,2100,2,52,1,227,unknown,SteingroverInPrep,2
22652,100,-1250,-1150,950,2,53,1,227,unknown,SteingroverInPrep,2
22653,50,-50,0,950,3,54,1,227,unknown,SteingroverInPrep,2
22654,50,0,50,1000,4,55,1,227,unknown,SteingroverInPrep,2
22655,50,-250,-200,800,4,56,1,227,unknown,SteingroverInPrep,2
22656,100,0,100,900,1,57,1,227,unknown,SteingroverInPrep,2
22657,100,0,100,1000,1,58,1,227,unknown,SteingroverInPrep,2
22658,100,-150,-50,950,1,59,1,227,unknown,SteingroverInPrep,2
22659,100,0,100,1050,1,60,1,227,unknown,SteingroverInPrep,2
22660,100,-250,-150,900,1,61,1,227,unknown,SteingroverInPrep,2
22661,100,0,100,1000,1,62,1,227,unknown,SteingroverInPrep,2
22662,100,0,100,1100,2,63,1,227,unknown,SteingroverInPrep,2
22663,100,0,100,1200,2,64,1,227,unknown,SteingroverInPrep,2
22664,100,0,100,1300,2,65,1,227,unknown,SteingroverInPrep,2
22665,100,0,100,1400,2,66,1,227,unknown,SteingroverInPrep,2
22666,100,0,100,1500,2,67,1,227,unknown,SteingroverInPrep,2
22667,100,0,100,1600,2,68,1,227,unknown,SteingroverInPrep,2
22668,100,-1250,-1150,450,2,69,1,227,unknown,SteingroverInPrep,2
22669,50,-50,0,450,3,70,1,227,unknown,SteingroverInPrep,2
22670,50,-50,0,450,3,71,1,227,unknown,SteingroverInPrep,2
22671,50,0,50,500,3,72,1,227,unknown,SteingroverInPrep,2
22672,100,0,100,600,1,73,1,227,unknown,SteingroverInPrep,2
22673,100,-300,-200,400,1,74,1,227,unknown,SteingroverInPrep,2
22674,50,0,50,450,4,75,1,227,unknown,SteingroverInPrep,2
22675,50,0,50,500,4,76,1,227,unknown,SteingroverInPrep,2
22676,50,0,50,550,4,77,1,227,unknown,SteingroverInPrep,2
22677,50,0,50,600,4,78,1,227,unknown,SteingroverInPrep,2
22678,100,0,100,700,2,79,1,227,unknown,SteingroverInPrep,2
22679,100,0,100,800,2,80,1,227,unknown,SteingroverInPrep,2
22680,100,0,100,900,2,81,1,227,unknown,SteingroverInPrep,2
22681,100,0,100,1000,2,82,1,227,unknown,SteingroverInPrep,2
22682,50,0,50,1050,4,83,1,227,unknown,SteingroverInPrep,2
22683,100,0,100,1150,2,84,1,227,unknown,SteingroverInPrep,2
22684,50,0,50,1200,4,85,1,227,unknown,SteingroverInPrep,2
22685,50,0,50,1250,4,86,1,227,unknown,SteingroverInPrep,2
22686,100,0,100,1350,2,87,1,227,unknown,SteingroverInPrep,2
22687,100,0,100,1450,2,88,1,227,unknown,SteingroverInPrep,2
22688,100,0,100,1550,2,89,1,227,unknown,SteingroverInPrep,2
22689,50,0,50,1600,4,90,1,227,unknown,SteingroverInPrep,2
22690,50,0,50,1650,4,91,1,227,unknown,SteingroverInPrep,2
22691,50,0,50,1700,4,92,1,227,unknown,SteingroverInPrep,2
22692,100,0,100,1800,2,93,1,227,unknown,SteingroverInPrep,2
22693,100,0,100,1900,2,94,1,227,unknown,SteingroverInPrep,2
22694,100,0,100,2000,2,95,1,227,unknown,SteingroverInPrep,2
22695,100,-1250,-1150,850,2,96,1,227,unknown,SteingroverInPrep,2
22696,50,-250,-200,650,4,97,1,227,unknown,SteingroverInPrep,2
22697,100,0,100,750,2,98,1,227,unknown,SteingroverInPrep,2
22698,100,0,100,850,2,99,1,227,unknown,SteingroverInPrep,2
22699,100,0,100,950,2,100,1,227,unknown,SteingroverInPrep,2
22700,50,0,50,2050,3,1,1,228,unknown,SteingroverInPrep,2
22701,100,0,100,2150,1,2,1,228,unknown,SteingroverInPrep,2
22702,50,-50,0,2150,3,3,1,228,unknown,SteingroverInPrep,2
22703,50,-50,0,2150,3,4,1,228,unknown,SteingroverInPrep,2
22704,100,-250,-150,2000,1,5,1,228,unknown,SteingroverInPrep,2
22705,100,-150,-50,1950,1,6,1,228,unknown,SteingroverInPrep,2
22706,100,-1250,-1150,800,2,7,1,228,unknown,SteingroverInPrep,2
22707,100,0,100,900,2,8,1,228,unknown,SteingroverInPrep,2
22708,50,0,50,950,4,9,1,228,unknown,SteingroverInPrep,2
22709,50,-50,0,950,3,10,1,228,unknown,SteingroverInPrep,2
22710,50,0,50,1000,3,11,1,228,unknown,SteingroverInPrep,2
22711,100,0,100,1100,2,12,1,228,unknown,SteingroverInPrep,2
22712,100,-300,-200,900,1,13,1,228,unknown,SteingroverInPrep,2
22713,50,-50,0,900,3,14,1,228,unknown,SteingroverInPrep,2
22714,50,0,50,950,3,15,1,228,unknown,SteingroverInPrep,2
22715,50,-50,0,950,3,16,1,228,unknown,SteingroverInPrep,2
22716,50,0,50,1000,4,17,1,228,unknown,SteingroverInPrep,2
22717,50,0,50,1050,3,18,1,228,unknown,SteingroverInPrep,2
22718,50,0,50,1100,4,19,1,228,unknown,SteingroverInPrep,2
22719,50,0,50,1150,3,20,1,228,unknown,SteingroverInPrep,2
22720,50,0,50,1200,3,21,1,228,unknown,SteingroverInPrep,2
22721,50,0,50,1250,3,22,1,228,unknown,SteingroverInPrep,2
22722,50,-50,0,1250,3,23,1,228,unknown,SteingroverInPrep,2
22723,50,0,50,1300,3,24,1,228,unknown,SteingroverInPrep,2
22724,50,0,50,1350,4,25,1,228,unknown,SteingroverInPrep,2
22725,50,-50,0,1350,3,26,1,228,unknown,SteingroverInPrep,2
22726,50,0,50,1400,4,27,1,228,unknown,SteingroverInPrep,2
22727,50,0,50,1450,4,28,1,228,unknown,SteingroverInPrep,2
22728,50,0,50,1500,4,29,1,228,unknown,SteingroverInPrep,2
22729,50,0,50,1550,4,30,1,228,unknown,SteingroverInPrep,2
22730,50,0,50,1600,4,31,1,228,unknown,SteingroverInPrep,2
22731,50,-50,0,1600,3,32,1,228,unknown,SteingroverInPrep,2
22732,50,0,50,1650,3,33,1,228,unknown,SteingroverInPrep,2
22733,50,-250,-200,1450,4,34,1,228,unknown,SteingroverInPrep,2
22734,50,0,50,1500,3,35,1,228,unknown,SteingroverInPrep,2
22735,50,-50,0,1500,3,36,1,228,unknown,SteingroverInPrep,2
22736,100,-350,-250,1250,1,37,1,228,unknown,SteingroverInPrep,2
22737,100,0,100,1350,2,38,1,228,unknown,SteingroverInPrep,2
22738,100,0,100,1450,2,39,1,228,unknown,SteingroverInPrep,2
22739,50,-50,0,1450,3,40,1,228,unknown,SteingroverInPrep,2
22740,100,0,100,1550,2,41,1,228,unknown,SteingroverInPrep,2
22741,100,0,100,1650,2,42,1,228,unknown,SteingroverInPrep,2
22742,100,0,100,1750,2,43,1,228,unknown,SteingroverInPrep,2
22743,100,0,100,1850,2,44,1,228,unknown,SteingroverInPrep,2
22744,100,0,100,1950,2,45,1,228,unknown,SteingroverInPrep,2
22745,100,0,100,2050,2,46,1,228,unknown,SteingroverInPrep,2
22746,100,0,100,2150,2,47,1,228,unknown,SteingroverInPrep,2
22747,100,0,100,2250,2,48,1,228,unknown,SteingroverInPrep,2
22748,100,0,100,2350,2,49,1,228,unknown,SteingroverInPrep,2
22749,100,0,100,2450,2,50,1,228,unknown,SteingroverInPrep,2
22750,100,0,100,2550,2,51,1,228,unknown,SteingroverInPrep,2
22751,100,-1250,-1150,1400,2,52,1,228,unknown,SteingroverInPrep,2
22752,100,0,100,1500,2,53,1,228,unknown,SteingroverInPrep,2
22753,100,0,100,1600,2,54,1,228,unknown,SteingroverInPrep,2
22754,100,0,100,1700,2,55,1,228,unknown,SteingroverInPrep,2
22755,100,0,100,1800,2,56,1,228,unknown,SteingroverInPrep,2
22756,100,0,100,1900,2,57,1,228,unknown,SteingroverInPrep,2
22757,50,0,50,1950,3,58,1,228,unknown,SteingroverInPrep,2
22758,100,0,100,2050,2,59,1,228,unknown,SteingroverInPrep,2
22759,100,0,100,2150,2,60,1,228,unknown,SteingroverInPrep,2
22760,50,0,50,2200,3,61,1,228,unknown,SteingroverInPrep,2
22761,50,-50,0,2200,3,62,1,228,unknown,SteingroverInPrep,2
22762,50,0,50,2250,4,63,1,228,unknown,SteingroverInPrep,2
22763,100,0,100,2350,2,64,1,228,unknown,SteingroverInPrep,2
22764,50,-50,0,2350,3,65,1,228,unknown,SteingroverInPrep,2
22765,50,-50,0,2350,3,66,1,228,unknown,SteingroverInPrep,2
22766,50,0,50,2400,4,67,1,228,unknown,SteingroverInPrep,2
22767,100,0,100,2500,2,68,1,228,unknown,SteingroverInPrep,2
22768,50,0,50,2550,4,69,1,228,unknown,SteingroverInPrep,2
22769,50,-50,0,2550,3,70,1,228,unknown,SteingroverInPrep,2
22770,100,-1250,-1150,1400,2,71,1,228,unknown,SteingroverInPrep,2
22771,100,0,100,1500,2,72,1,228,unknown,SteingroverInPrep,2
22772,100,0,100,1600,2,73,1,228,unknown,SteingroverInPrep,2
22773,100,0,100,1700,2,74,1,228,unknown,SteingroverInPrep,2
22774,100,0,100,1800,2,75,1,228,unknown,SteingroverInPrep,2
22775,100,0,100,1900,2,76,1,228,unknown,SteingroverInPrep,2
22776,100,0,100,2000,2,77,1,228,unknown,SteingroverInPrep,2
22777,100,-1250,-1150,850,2,78,1,228,unknown,SteingroverInPrep,2
22778,100,0,100,950,2,79,1,228,unknown,SteingroverInPrep,2
22779,100,0,100,1050,2,80,1,228,unknown,SteingroverInPrep,2
22780,50,-50,0,1050,3,81,1,228,unknown,SteingroverInPrep,2
22781,100,0,100,1150,2,82,1,228,unknown,SteingroverInPrep,2
22782,50,0,50,1200,3,83,1,228,unknown,SteingroverInPrep,2
22783,100,0,100,1300,2,84,1,228,unknown,SteingroverInPrep,2
22784,100,0,100,1400,2,85,1,228,unknown,SteingroverInPrep,2
22785,50,0,50,1450,3,86,1,228,unknown,SteingroverInPrep,2
22786,100,0,100,1550,2,87,1,228,unknown,SteingroverInPrep,2
22787,100,-1250,-1150,400,2,88,1,228,unknown,SteingroverInPrep,2
22788,100,0,100,500,2,89,1,228,unknown,SteingroverInPrep,2
22789,100,0,100,600,2,90,1,228,unknown,SteingroverInPrep,2
22790,100,0,100,700,2,91,1,228,unknown,SteingroverInPrep,2
22791,100,0,100,800,2,92,1,228,unknown,SteingroverInPrep,2
22792,100,0,100,900,2,93,1,228,unknown,SteingroverInPrep,2
22793,50,0,50,950,3,94,1,228,unknown,SteingroverInPrep,2
22794,50,0,50,1000,4,95,1,228,unknown,SteingroverInPrep,2
22795,100,0,100,1100,2,96,1,228,unknown,SteingroverInPrep,2
22796,50,0,50,1150,4,97,1,228,unknown,SteingroverInPrep,2
22797,50,0,50,1200,3,98,1,228,unknown,SteingroverInPrep,2
22798,50,0,50,1250,4,99,1,228,unknown,SteingroverInPrep,2
22799,50,-50,0,1250,3,100,1,228,unknown,SteingroverInPrep,2
22800,100,-200,-100,1900,1,1,1,229,unknown,SteingroverInPrep,2
22801,100,0,100,2000,2,2,1,229,unknown,SteingroverInPrep,2
22802,50,-50,0,2000,3,3,1,229,unknown,SteingroverInPrep,2
22803,50,0,50,2050,4,4,1,229,unknown,SteingroverInPrep,2
22804,100,0,100,2150,2,5,1,229,unknown,SteingroverInPrep,2
22805,100,-1250,-1150,1000,2,6,1,229,unknown,SteingroverInPrep,2
22806,100,-300,-200,800,1,7,1,229,unknown,SteingroverInPrep,2
22807,50,0,50,850,3,8,1,229,unknown,SteingroverInPrep,2
22808,50,0,50,900,3,9,1,229,unknown,SteingroverInPrep,2
22809,50,-50,0,900,3,10,1,229,unknown,SteingroverInPrep,2
22810,50,0,50,950,4,11,1,229,unknown,SteingroverInPrep,2
22811,50,0,50,1000,4,12,1,229,unknown,SteingroverInPrep,2
22812,50,0,50,1050,4,13,1,229,unknown,SteingroverInPrep,2
22813,50,0,50,1100,4,14,1,229,unknown,SteingroverInPrep,2
22814,50,0,50,1150,4,15,1,229,unknown,SteingroverInPrep,2
22815,50,0,50,1200,4,16,1,229,unknown,SteingroverInPrep,2
22816,50,0,50,1250,4,17,1,229,unknown,SteingroverInPrep,2
22817,50,0,50,1300,4,18,1,229,unknown,SteingroverInPrep,2
22818,50,-250,-200,1100,4,19,1,229,unknown,SteingroverInPrep,2
22819,100,0,100,1200,2,20,1,229,unknown,SteingroverInPrep,2
22820,100,0,100,1300,2,21,1,229,unknown,SteingroverInPrep,2
22821,50,0,50,1350,4,22,1,229,unknown,SteingroverInPrep,2
22822,50,-250,-200,1150,4,23,1,229,unknown,SteingroverInPrep,2
22823,100,0,100,1250,2,24,1,229,unknown,SteingroverInPrep,2
22824,100,0,100,1350,2,25,1,229,unknown,SteingroverInPrep,2
22825,100,0,100,1450,2,26,1,229,unknown,SteingroverInPrep,2
22826,100,0,100,1550,2,27,1,229,unknown,SteingroverInPrep,2
22827,100,0,100,1650,2,28,1,229,unknown,SteingroverInPrep,2
22828,100,0,100,1750,2,29,1,229,unknown,SteingroverInPrep,2
22829,100,0,100,1850,2,30,1,229,unknown,SteingroverInPrep,2
22830,100,0,100,1950,2,31,1,229,unknown,SteingroverInPrep,2
22831,100,0,100,2050,2,32,1,229,unknown,SteingroverInPrep,2
22832,100,0,100,2150,2,33,1,229,unknown,SteingroverInPrep,2
22833,100,0,100,2250,2,34,1,229,unknown,SteingroverInPrep,2
22834,100,-1250,-1150,1100,2,35,1,229,unknown,SteingroverInPrep,2
22835,100,-350,-250,850,1,36,1,229,unknown,SteingroverInPrep,2
22836,50,0,50,900,3,37,1,229,unknown,SteingroverInPrep,2
22837,50,0,50,950,4,38,1,229,unknown,SteingroverInPrep,2
22838,100,0,100,1050,2,39,1,229,unknown,SteingroverInPrep,2
22839,100,0,100,1150,2,40,1,229,unknown,SteingroverInPrep,2
22840,100,0,100,1250,2,41,1,229,unknown,SteingroverInPrep,2
22841,100,0,100,1350,2,42,1,229,unknown,SteingroverInPrep,2
22842,100,0,100,1450,2,43,1,229,unknown,SteingroverInPrep,2
22843,100,0,100,1550,2,44,1,229,unknown,SteingroverInPrep,2
22844,100,0,100,1650,2,45,1,229,unknown,SteingroverInPrep,2
22845,100,0,100,1750,2,46,1,229,unknown,SteingroverInPrep,2
22846,100,0,100,1850,2,47,1,229,unknown,SteingroverInPrep,2
22847,50,0,50,1900,4,48,1,229,unknown,SteingroverInPrep,2
22848,50,0,50,1950,4,49,1,229,unknown,SteingroverInPrep,2
22849,50,0,50,2000,4,50,1,229,unknown,SteingroverInPrep,2
22850,50,0,50,2050,4,51,1,229,unknown,SteingroverInPrep,2
22851,50,0,50,2100,4,52,1,229,unknown,SteingroverInPrep,2
22852,50,0,50,2150,4,53,1,229,unknown,SteingroverInPrep,2
22853,50,0,50,2200,4,54,1,229,unknown,SteingroverInPrep,2
22854,50,0,50,2250,4,55,1,229,unknown,SteingroverInPrep,2
22855,50,0,50,2300,4,56,1,229,unknown,SteingroverInPrep,2
22856,50,0,50,2350,4,57,1,229,unknown,SteingroverInPrep,2
22857,50,0,50,2400,4,58,1,229,unknown,SteingroverInPrep,2
22858,50,0,50,2450,4,59,1,229,unknown,SteingroverInPrep,2
22859,50,0,50,2500,4,60,1,229,unknown,SteingroverInPrep,2
22860,50,0,50,2550,4,61,1,229,unknown,SteingroverInPrep,2
22861,50,-250,-200,2350,4,62,1,229,unknown,SteingroverInPrep,2
22862,100,0,100,2450,2,63,1,229,unknown,SteingroverInPrep,2
22863,100,0,100,2550,2,64,1,229,unknown,SteingroverInPrep,2
22864,100,-1250,-1150,1400,2,65,1,229,unknown,SteingroverInPrep,2
22865,100,0,100,1500,2,66,1,229,unknown,SteingroverInPrep,2
22866,100,0,100,1600,2,67,1,229,unknown,SteingroverInPrep,2
22867,100,-1250,-1150,450,2,68,1,229,unknown,SteingroverInPrep,2
22868,100,0,100,550,2,69,1,229,unknown,SteingroverInPrep,2
22869,100,0,100,650,2,70,1,229,unknown,SteingroverInPrep,2
22870,100,0,100,750,2,71,1,229,unknown,SteingroverInPrep,2
22871,100,0,100,850,2,72,1,229,unknown,SteingroverInPrep,2
22872,100,0,100,950,2,73,1,229,unknown,SteingroverInPrep,2
22873,50,0,50,1000,4,74,1,229,unknown,SteingroverInPrep,2
22874,50,0,50,1050,4,75,1,229,unknown,SteingroverInPrep,2
22875,50,0,50,1100,4,76,1,229,unknown,SteingroverInPrep,2
22876,50,0,50,1150,4,77,1,229,unknown,SteingroverInPrep,2
22877,50,0,50,1200,4,78,1,229,unknown,SteingroverInPrep,2
22878,50,0,50,1250,4,79,1,229,unknown,SteingroverInPrep,2
22879,50,-250,-200,1050,4,80,1,229,unknown,SteingroverInPrep,2
22880,100,0,100,1150,2,81,1,229,unknown,SteingroverInPrep,2
22881,100,0,100,1250,2,82,1,229,unknown,SteingroverInPrep,2
22882,50,0,50,1300,4,83,1,229,unknown,SteingroverInPrep,2
22883,50,0,50,1350,4,84,1,229,unknown,SteingroverInPrep,2
22884,50,0,50,1400,4,85,1,229,unknown,SteingroverInPrep,2
22885,50,0,50,1450,4,86,1,229,unknown,SteingroverInPrep,2
22886,50,0,50,1500,4,87,1,229,unknown,SteingroverInPrep,2
22887,50,0,50,1550,4,88,1,229,unknown,SteingroverInPrep,2
22888,50,0,50,1600,4,89,1,229,unknown,SteingroverInPrep,2
22889,50,0,50,1650,4,90,1,229,unknown,SteingroverInPrep,2
22890,50,0,50,1700,4,91,1,229,unknown,SteingroverInPrep,2
22891,50,0,50,1750,4,92,1,229,unknown,SteingroverInPrep,2
22892,50,-250,-200,1550,4,93,1,229,unknown,SteingroverInPrep,2
22893,100,0,100,1650,2,94,1,229,unknown,SteingroverInPrep,2
22894,100,0,100,1750,2,95,1,229,unknown,SteingroverInPrep,2
22895,50,0,50,1800,4,96,1,229,unknown,SteingroverInPrep,2
22896,50,0,50,1850,4,97,1,229,unknown,SteingroverInPrep,2
22897,50,0,50,1900,4,98,1,229,unknown,SteingroverInPrep,2
22898,50,0,50,1950,4,99,1,229,unknown,SteingroverInPrep,2
22899,50,0,50,2000,4,100,1,229,unknown,SteingroverInPrep,2
22900,100,-250,-150,1850,1,1,1,230,unknown,SteingroverInPrep,2
22901,100,0,100,1950,2,2,1,230,unknown,SteingroverInPrep,2
22902,100,0,100,2050,2,3,1,230,unknown,SteingroverInPrep,2
22903,100,0,100,2150,2,4,1,230,unknown,SteingroverInPrep,2
22904,100,0,100,2250,2,5,1,230,unknown,SteingroverInPrep,2
22905,100,-1250,-1150,1100,2,6,1,230,unknown,SteingroverInPrep,2
22906,50,0,50,1150,3,7,1,230,unknown,SteingroverInPrep,2
22907,50,-50,0,1150,3,8,1,230,unknown,SteingroverInPrep,2
22908,50,-50,0,1150,3,9,1,230,unknown,SteingroverInPrep,2
22909,50,0,50,1200,3,10,1,230,unknown,SteingroverInPrep,2
22910,50,-50,0,1200,3,11,1,230,unknown,SteingroverInPrep,2
22911,50,0,50,1250,4,12,1,230,unknown,SteingroverInPrep,2
22912,50,0,50,1300,4,13,1,230,unknown,SteingroverInPrep,2
22913,50,0,50,1350,4,14,1,230,unknown,SteingroverInPrep,2
22914,50,-250,-200,1150,4,15,1,230,unknown,SteingroverInPrep,2
22915,50,0,50,1200,4,16,1,230,unknown,SteingroverInPrep,2
22916,50,0,50,1250,4,17,1,230,unknown,SteingroverInPrep,2
22917,50,0,50,1300,4,18,1,230,unknown,SteingroverInPrep,2
22918,50,0,50,1350,4,19,1,230,unknown,SteingroverInPrep,2
22919,50,0,50,1400,4,20,1,230,unknown,SteingroverInPrep,2
22920,50,0,50,1450,4,21,1,230,unknown,SteingroverInPrep,2
22921,50,0,50,1500,4,22,1,230,unknown,SteingroverInPrep,2
22922,50,0,50,1550,4,23,1,230,unknown,SteingroverInPrep,2
22923,50,0,50,1600,4,24,1,230,unknown,SteingroverInPrep,2
22924,50,0,50,1650,4,25,1,230,unknown,SteingroverInPrep,2
22925,50,0,50,1700,4,26,1,230,unknown,SteingroverInPrep,2
22926,50,0,50,1750,4,27,1,230,unknown,SteingroverInPrep,2
22927,50,0,50,1800,4,28,1,230,unknown,SteingroverInPrep,2
22928,50,0,50,1850,3,29,1,230,unknown,SteingroverInPrep,2
22929,50,-50,0,1850,3,30,1,230,unknown,SteingroverInPrep,2
22930,50,0,50,1900,3,31,1,230,unknown,SteingroverInPrep,2
22931,50,0,50,1950,3,32,1,230,unknown,SteingroverInPrep,2
22932,50,-50,0,1950,3,33,1,230,unknown,SteingroverInPrep,2
22933,50,-250,-200,1750,4,34,1,230,unknown,SteingroverInPrep,2
22934,50,-50,0,1750,3,35,1,230,unknown,SteingroverInPrep,2
22935,50,0,50,1800,3,36,1,230,unknown,SteingroverInPrep,2
22936,50,0,50,1850,3,37,1,230,unknown,SteingroverInPrep,2
22937,50,0,50,1900,3,38,1,230,unknown,SteingroverInPrep,2
22938,50,0,50,1950,3,39,1,230,unknown,SteingroverInPrep,2
22939,50,-50,0,1950,3,40,1,230,unknown,SteingroverInPrep,2
22940,50,0,50,2000,3,41,1,230,unknown,SteingroverInPrep,2
22941,50,-50,0,2000,3,42,1,230,unknown,SteingroverInPrep,2
22942,50,-50,0,2000,3,43,1,230,unknown,SteingroverInPrep,2
22943,50,-50,0,2000,3,44,1,230,unknown,SteingroverInPrep,2
22944,50,0,50,2050,3,45,1,230,unknown,SteingroverInPrep,2
22945,50,0,50,2100,3,46,1,230,unknown,SteingroverInPrep,2
22946,50,0,50,2150,3,47,1,230,unknown,SteingroverInPrep,2
22947,50,-50,0,2150,3,48,1,230,unknown,SteingroverInPrep,2
22948,50,-50,0,2150,3,49,1,230,unknown,SteingroverInPrep,2
22949,50,-50,0,2150,3,50,1,230,unknown,SteingroverInPrep,2
22950,50,0,50,2200,3,51,1,230,unknown,SteingroverInPrep,2
22951,50,0,50,2250,3,52,1,230,unknown,SteingroverInPrep,2
22952,50,-50,0,2250,3,53,1,230,unknown,SteingroverInPrep,2
22953,50,-50,0,2250,3,54,1,230,unknown,SteingroverInPrep,2
22954,50,0,50,2300,4,55,1,230,unknown,SteingroverInPrep,2
22955,50,0,50,2350,4,56,1,230,unknown,SteingroverInPrep,2
22956,50,0,50,2400,4,57,1,230,unknown,SteingroverInPrep,2
22957,50,-50,0,2400,3,58,1,230,unknown,SteingroverInPrep,2
22958,50,-50,0,2400,3,59,1,230,unknown,SteingroverInPrep,2
22959,50,0,50,2450,3,60,1,230,unknown,SteingroverInPrep,2
22960,50,-50,0,2450,3,61,1,230,unknown,SteingroverInPrep,2
22961,50,-50,0,2450,3,62,1,230,unknown,SteingroverInPrep,2
22962,50,0,50,2500,3,63,1,230,unknown,SteingroverInPrep,2
22963,50,0,50,2550,3,64,1,230,unknown,SteingroverInPrep,2
22964,50,0,50,2600,3,65,1,230,unknown,SteingroverInPrep,2
22965,50,-50,0,2600,3,66,1,230,unknown,SteingroverInPrep,2
22966,50,0,50,2650,3,67,1,230,unknown,SteingroverInPrep,2
22967,50,-50,0,2650,3,68,1,230,unknown,SteingroverInPrep,2
22968,50,-50,0,2650,3,69,1,230,unknown,SteingroverInPrep,2
22969,50,0,50,2700,3,70,1,230,unknown,SteingroverInPrep,2
22970,50,-50,0,2700,3,71,1,230,unknown,SteingroverInPrep,2
22971,50,0,50,2750,3,72,1,230,unknown,SteingroverInPrep,2
22972,50,0,50,2800,3,73,1,230,unknown,SteingroverInPrep,2
22973,50,-50,0,2800,3,74,1,230,unknown,SteingroverInPrep,2
22974,50,-50,0,2800,3,75,1,230,unknown,SteingroverInPrep,2
22975,50,0,50,2850,3,76,1,230,unknown,SteingroverInPrep,2
22976,50,0,50,2900,3,77,1,230,unknown,SteingroverInPrep,2
22977,50,-50,0,2900,3,78,1,230,unknown,SteingroverInPrep,2
22978,50,0,50,2950,3,79,1,230,unknown,SteingroverInPrep,2
22979,50,-50,0,2950,3,80,1,230,unknown,SteingroverInPrep,2
22980,50,0,50,3000,3,81,1,230,unknown,SteingroverInPrep,2
22981,50,-50,0,3000,3,82,1,230,unknown,SteingroverInPrep,2
22982,50,0,50,3050,3,83,1,230,unknown,SteingroverInPrep,2
22983,50,-50,0,3050,3,84,1,230,unknown,SteingroverInPrep,2
22984,50,-50,0,3050,3,85,1,230,unknown,SteingroverInPrep,2
22985,50,0,50,3100,3,86,1,230,unknown,SteingroverInPrep,2
22986,50,0,50,3150,3,87,1,230,unknown,SteingroverInPrep,2
22987,50,0,50,3200,3,88,1,230,unknown,SteingroverInPrep,2
22988,50,0,50,3250,3,89,1,230,unknown,SteingroverInPrep,2
22989,50,-50,0,3250,3,90,1,230,unknown,SteingroverInPrep,2
22990,50,0,50,3300,3,91,1,230,unknown,SteingroverInPrep,2
22991,50,0,50,3350,3,92,1,230,unknown,SteingroverInPrep,2
22992,50,-50,0,3350,3,93,1,230,unknown,SteingroverInPrep,2
22993,50,-50,0,3350,3,94,1,230,unknown,SteingroverInPrep,2
22994,50,-50,0,3350,3,95,1,230,unknown,SteingroverInPrep,2
22995,50,0,50,3400,3,96,1,230,unknown,SteingroverInPrep,2
22996,50,-50,0,3400,3,97,1,230,unknown,SteingroverInPrep,2
22997,50,0,50,3450,3,98,1,230,unknown,SteingroverInPrep,2
22998,50,0,50,3500,3,99,1,230,unknown,SteingroverInPrep,2
22999,50,0,50,3550,3,100,1,230,unknown,SteingroverInPrep,2
23000,100,-150,-50,1950,1,1,1,231,unknown,SteingroverInPrep,2
23001,100,-350,-250,1700,1,2,1,231,unknown,SteingroverInPrep,2
23002,100,0,100,1800,1,3,1,231,unknown,SteingroverInPrep,2
23003,100,-300,-200,1600,1,4,1,231,unknown,SteingroverInPrep,2
23004,100,-250,-150,1450,1,5,1,231,unknown,SteingroverInPrep,2
23005,100,0,100,1550,2,6,1,231,unknown,SteingroverInPrep,2
23006,100,0,100,1650,2,7,1,231,unknown,SteingroverInPrep,2
23007,100,0,100,1750,2,8,1,231,unknown,SteingroverInPrep,2
23008,100,0,100,1850,2,9,1,231,unknown,SteingroverInPrep,2
23009,100,0,100,1950,2,10,1,231,unknown,SteingroverInPrep,2
23010,50,-50,0,1950,3,11,1,231,unknown,SteingroverInPrep,2
23011,50,0,50,2000,3,12,1,231,unknown,SteingroverInPrep,2
23012,50,-50,0,2000,3,13,1,231,unknown,SteingroverInPrep,2
23013,50,-50,0,2000,3,14,1,231,unknown,SteingroverInPrep,2
23014,50,-50,0,2000,3,15,1,231,unknown,SteingroverInPrep,2
23015,50,0,50,2050,4,16,1,231,unknown,SteingroverInPrep,2
23016,50,0,50,2100,4,17,1,231,unknown,SteingroverInPrep,2
23017,50,0,50,2150,4,18,1,231,unknown,SteingroverInPrep,2
23018,50,0,50,2200,4,19,1,231,unknown,SteingroverInPrep,2
23019,50,0,50,2250,4,20,1,231,unknown,SteingroverInPrep,2
23020,100,0,100,2350,2,21,1,231,unknown,SteingroverInPrep,2
23021,100,-1250,-1150,1200,2,22,1,231,unknown,SteingroverInPrep,2
23022,100,0,100,1300,2,23,1,231,unknown,SteingroverInPrep,2
23023,100,0,100,1400,2,24,1,231,unknown,SteingroverInPrep,2
23024,100,0,100,1500,2,25,1,231,unknown,SteingroverInPrep,2
23025,50,0,50,1550,4,26,1,231,unknown,SteingroverInPrep,2
23026,50,0,50,1600,4,27,1,231,unknown,SteingroverInPrep,2
23027,50,0,50,1650,4,28,1,231,unknown,SteingroverInPrep,2
23028,50,0,50,1700,4,29,1,231,unknown,SteingroverInPrep,2
23029,50,-250,-200,1500,4,30,1,231,unknown,SteingroverInPrep,2
23030,50,-250,-200,1300,4,31,1,231,unknown,SteingroverInPrep,2
23031,50,0,50,1350,4,32,1,231,unknown,SteingroverInPrep,2
23032,50,0,50,1400,4,33,1,231,unknown,SteingroverInPrep,2
23033,50,0,50,1450,4,34,1,231,unknown,SteingroverInPrep,2
23034,50,0,50,1500,4,35,1,231,unknown,SteingroverInPrep,2
23035,50,0,50,1550,4,36,1,231,unknown,SteingroverInPrep,2
23036,50,0,50,1600,4,37,1,231,unknown,SteingroverInPrep,2
23037,50,0,50,1650,4,38,1,231,unknown,SteingroverInPrep,2
23038,50,0,50,1700,4,39,1,231,unknown,SteingroverInPrep,2
23039,50,0,50,1750,4,40,1,231,unknown,SteingroverInPrep,2
23040,100,0,100,1850,2,41,1,231,unknown,SteingroverInPrep,2
23041,100,0,100,1950,2,42,1,231,unknown,SteingroverInPrep,2
23042,50,0,50,2000,4,43,1,231,unknown,SteingroverInPrep,2
23043,50,0,50,2050,4,44,1,231,unknown,SteingroverInPrep,2
23044,50,0,50,2100,4,45,1,231,unknown,SteingroverInPrep,2
23045,50,0,50,2150,4,46,1,231,unknown,SteingroverInPrep,2
23046,50,0,50,2200,4,47,1,231,unknown,SteingroverInPrep,2
23047,50,0,50,2250,4,48,1,231,unknown,SteingroverInPrep,2
23048,50,0,50,2300,4,49,1,231,unknown,SteingroverInPrep,2
23049,50,-250,-200,2100,4,50,1,231,unknown,SteingroverInPrep,2
23050,50,0,50,2150,4,51,1,231,unknown,SteingroverInPrep,2
23051,50,0,50,2200,4,52,1,231,unknown,SteingroverInPrep,2
23052,50,0,50,2250,4,53,1,231,unknown,SteingroverInPrep,2
23053,50,0,50,2300,4,54,1,231,unknown,SteingroverInPrep,2
23054,50,0,50,2350,4,55,1,231,unknown,SteingroverInPrep,2
23055,50,0,50,2400,4,56,1,231,unknown,SteingroverInPrep,2
23056,50,-250,-200,2200,4,57,1,231,unknown,SteingroverInPrep,2
23057,100,0,100,2300,2,58,1,231,unknown,SteingroverInPrep,2
23058,100,0,100,2400,2,59,1,231,unknown,SteingroverInPrep,2
23059,50,0,50,2450,4,60,1,231,unknown,SteingroverInPrep,2
23060,50,0,50,2500,4,61,1,231,unknown,SteingroverInPrep,2
23061,50,0,50,2550,4,62,1,231,unknown,SteingroverInPrep,2
23062,100,0,100,2650,2,63,1,231,unknown,SteingroverInPrep,2
23063,50,0,50,2700,4,64,1,231,unknown,SteingroverInPrep,2
23064,50,0,50,2750,4,65,1,231,unknown,SteingroverInPrep,2
23065,50,0,50,2800,4,66,1,231,unknown,SteingroverInPrep,2
23066,50,0,50,2850,4,67,1,231,unknown,SteingroverInPrep,2
23067,100,0,100,2950,2,68,1,231,unknown,SteingroverInPrep,2
23068,50,0,50,3000,4,69,1,231,unknown,SteingroverInPrep,2
23069,50,0,50,3050,4,70,1,231,unknown,SteingroverInPrep,2
23070,50,0,50,3100,4,71,1,231,unknown,SteingroverInPrep,2
23071,50,0,50,3150,4,72,1,231,unknown,SteingroverInPrep,2
23072,50,0,50,3200,4,73,1,231,unknown,SteingroverInPrep,2
23073,100,0,100,3300,2,74,1,231,unknown,SteingroverInPrep,2
23074,50,0,50,3350,4,75,1,231,unknown,SteingroverInPrep,2
23075,50,0,50,3400,4,76,1,231,unknown,SteingroverInPrep,2
23076,50,-250,-200,3200,4,77,1,231,unknown,SteingroverInPrep,2
23077,100,0,100,3300,2,78,1,231,unknown,SteingroverInPrep,2
23078,100,0,100,3400,2,79,1,231,unknown,SteingroverInPrep,2
23079,50,-250,-200,3200,4,80,1,231,unknown,SteingroverInPrep,2
23080,50,0,50,3250,4,81,1,231,unknown,SteingroverInPrep,2
23081,50,0,50,3300,4,82,1,231,unknown,SteingroverInPrep,2
23082,50,0,50,3350,4,83,1,231,unknown,SteingroverInPrep,2
23083,50,0,50,3400,4,84,1,231,unknown,SteingroverInPrep,2
23084,50,0,50,3450,4,85,1,231,unknown,SteingroverInPrep,2
23085,50,0,50,3500,4,86,1,231,unknown,SteingroverInPrep,2
23086,50,0,50,3550,4,87,1,231,unknown,SteingroverInPrep,2
23087,50,0,50,3600,4,88,1,231,unknown,SteingroverInPrep,2
23088,50,0,50,3650,4,89,1,231,unknown,SteingroverInPrep,2
23089,50,0,50,3700,4,90,1,231,unknown,SteingroverInPrep,2
23090,100,-1250,-1150,2550,2,91,1,231,unknown,SteingroverInPrep,2
23091,100,-1250,-1150,1400,2,92,1,231,unknown,SteingroverInPrep,2
23092,50,0,50,1450,4,93,1,231,unknown,SteingroverInPrep,2
23093,50,0,50,1500,4,94,1,231,unknown,SteingroverInPrep,2
23094,50,0,50,1550,4,95,1,231,unknown,SteingroverInPrep,2
23095,50,0,50,1600,4,96,1,231,unknown,SteingroverInPrep,2
23096,50,0,50,1650,4,97,1,231,unknown,SteingroverInPrep,2
23097,50,0,50,1700,4,98,1,231,unknown,SteingroverInPrep,2
23098,50,0,50,1750,4,99,1,231,unknown,SteingroverInPrep,2
23099,50,-250,-200,1550,4,100,1,231,unknown,SteingroverInPrep,2
23100,100,-250,-150,1850,1,1,1,232,unknown,SteingroverInPrep,2
23101,100,0,100,1950,1,2,1,232,unknown,SteingroverInPrep,2
23102,100,-1250,-1150,800,2,3,1,232,unknown,SteingroverInPrep,2
23103,50,-50,0,800,3,4,1,232,unknown,SteingroverInPrep,2
23104,50,0,50,850,3,5,1,232,unknown,SteingroverInPrep,2
23105,50,0,50,900,3,6,1,232,unknown,SteingroverInPrep,2
23106,50,-50,0,900,3,7,1,232,unknown,SteingroverInPrep,2
23107,50,0,50,950,4,8,1,232,unknown,SteingroverInPrep,2
23108,50,0,50,1000,4,9,1,232,unknown,SteingroverInPrep,2
23109,50,0,50,1050,4,10,1,232,unknown,SteingroverInPrep,2
23110,50,0,50,1100,4,11,1,232,unknown,SteingroverInPrep,2
23111,50,0,50,1150,4,12,1,232,unknown,SteingroverInPrep,2
23112,100,-200,-100,1050,1,13,1,232,unknown,SteingroverInPrep,2
23113,50,0,50,1100,4,14,1,232,unknown,SteingroverInPrep,2
23114,50,0,50,1150,4,15,1,232,unknown,SteingroverInPrep,2
23115,50,0,50,1200,4,16,1,232,unknown,SteingroverInPrep,2
23116,50,-250,-200,1000,4,17,1,232,unknown,SteingroverInPrep,2
23117,50,-50,0,1000,3,18,1,232,unknown,SteingroverInPrep,2
23118,100,0,100,1100,2,19,1,232,unknown,SteingroverInPrep,2
23119,100,0,100,1200,2,20,1,232,unknown,SteingroverInPrep,2
23120,100,0,100,1300,2,21,1,232,unknown,SteingroverInPrep,2
23121,100,0,100,1400,2,22,1,232,unknown,SteingroverInPrep,2
23122,100,0,100,1500,2,23,1,232,unknown,SteingroverInPrep,2
23123,50,0,50,1550,4,24,1,232,unknown,SteingroverInPrep,2
23124,100,0,100,1650,2,25,1,232,unknown,SteingroverInPrep,2
23125,100,0,100,1750,2,26,1,232,unknown,SteingroverInPrep,2
23126,100,0,100,1850,2,27,1,232,unknown,SteingroverInPrep,2
23127,100,0,100,1950,2,28,1,232,unknown,SteingroverInPrep,2
23128,100,0,100,2050,2,29,1,232,unknown,SteingroverInPrep,2
23129,100,0,100,2150,2,30,1,232,unknown,SteingroverInPrep,2
23130,100,0,100,2250,2,31,1,232,unknown,SteingroverInPrep,2
23131,100,0,100,2350,2,32,1,232,unknown,SteingroverInPrep,2
23132,100,0,100,2450,2,33,1,232,unknown,SteingroverInPrep,2
23133,100,0,100,2550,2,34,1,232,unknown,SteingroverInPrep,2
23134,100,0,100,2650,2,35,1,232,unknown,SteingroverInPrep,2
23135,100,0,100,2750,2,36,1,232,unknown,SteingroverInPrep,2
23136,100,0,100,2850,2,37,1,232,unknown,SteingroverInPrep,2
23137,100,-1250,-1150,1700,2,38,1,232,unknown,SteingroverInPrep,2
23138,100,0,100,1800,2,39,1,232,unknown,SteingroverInPrep,2
23139,100,0,100,1900,2,40,1,232,unknown,SteingroverInPrep,2
23140,100,0,100,2000,2,41,1,232,unknown,SteingroverInPrep,2
23141,100,0,100,2100,2,42,1,232,unknown,SteingroverInPrep,2
23142,100,0,100,2200,2,43,1,232,unknown,SteingroverInPrep,2
23143,100,0,100,2300,2,44,1,232,unknown,SteingroverInPrep,2
23144,100,0,100,2400,2,45,1,232,unknown,SteingroverInPrep,2
23145,100,0,100,2500,2,46,1,232,unknown,SteingroverInPrep,2
23146,100,0,100,2600,2,47,1,232,unknown,SteingroverInPrep,2
23147,100,-1250,-1150,1450,2,48,1,232,unknown,SteingroverInPrep,2
23148,100,0,100,1550,1,49,1,232,unknown,SteingroverInPrep,2
23149,100,-300,-200,1350,1,50,1,232,unknown,SteingroverInPrep,2
23150,50,0,50,1400,3,51,1,232,unknown,SteingroverInPrep,2
23151,100,-1250,-1150,250,2,52,1,232,unknown,SteingroverInPrep,2
23152,100,0,100,350,1,53,1,232,unknown,SteingroverInPrep,2
23153,100,-350,-250,100,1,54,1,232,unknown,SteingroverInPrep,2
23154,50,0,50,150,4,55,1,232,unknown,SteingroverInPrep,2
23155,50,0,50,200,4,56,1,232,unknown,SteingroverInPrep,2
23156,50,0,50,250,4,57,1,232,unknown,SteingroverInPrep,2
23157,50,0,50,300,4,58,1,232,unknown,SteingroverInPrep,2
23158,50,0,50,350,4,59,1,232,unknown,SteingroverInPrep,2
23159,50,0,50,400,4,60,1,232,unknown,SteingroverInPrep,2
23160,100,0,100,500,2,61,1,232,unknown,SteingroverInPrep,2
23161,100,0,100,600,2,62,1,232,unknown,SteingroverInPrep,2
23162,100,0,100,700,2,63,1,232,unknown,SteingroverInPrep,2
23163,100,0,100,800,2,64,1,232,unknown,SteingroverInPrep,2
23164,100,0,100,900,2,65,1,232,unknown,SteingroverInPrep,2
23165,100,0,100,1000,2,66,1,232,unknown,SteingroverInPrep,2
23166,100,0,100,1100,2,67,1,232,unknown,SteingroverInPrep,2
23167,100,0,100,1200,2,68,1,232,unknown,SteingroverInPrep,2
23168,100,0,100,1300,2,69,1,232,unknown,SteingroverInPrep,2
23169,100,0,100,1400,2,70,1,232,unknown,SteingroverInPrep,2
23170,100,0,100,1500,2,71,1,232,unknown,SteingroverInPrep,2
23171,100,0,100,1600,2,72,1,232,unknown,SteingroverInPrep,2
23172,100,0,100,1700,2,73,1,232,unknown,SteingroverInPrep,2
23173,100,0,100,1800,2,74,1,232,unknown,SteingroverInPrep,2
23174,100,0,100,1900,2,75,1,232,unknown,SteingroverInPrep,2
23175,50,-250,-200,1700,4,76,1,232,unknown,SteingroverInPrep,2
23176,100,0,100,1800,2,77,1,232,unknown,SteingroverInPrep,2
23177,100,0,100,1900,2,78,1,232,unknown,SteingroverInPrep,2
23178,100,0,100,2000,2,79,1,232,unknown,SteingroverInPrep,2
23179,100,-1250,-1150,850,2,80,1,232,unknown,SteingroverInPrep,2
23180,100,0,100,950,2,81,1,232,unknown,SteingroverInPrep,2
23181,100,0,100,1050,2,82,1,232,unknown,SteingroverInPrep,2
23182,100,0,100,1150,2,83,1,232,unknown,SteingroverInPrep,2
23183,100,0,100,1250,2,84,1,232,unknown,SteingroverInPrep,2
23184,100,0,100,1350,2,85,1,232,unknown,SteingroverInPrep,2
23185,100,0,100,1450,2,86,1,232,unknown,SteingroverInPrep,2
23186,100,0,100,1550,2,87,1,232,unknown,SteingroverInPrep,2
23187,100,0,100,1650,2,88,1,232,unknown,SteingroverInPrep,2
23188,100,0,100,1750,2,89,1,232,unknown,SteingroverInPrep,2
23189,100,-1250,-1150,600,2,90,1,232,unknown,SteingroverInPrep,2
23190,100,0,100,700,2,91,1,232,unknown,SteingroverInPrep,2
23191,100,0,100,800,2,92,1,232,unknown,SteingroverInPrep,2
23192,100,-1250,-1150,-350,2,93,1,232,unknown,SteingroverInPrep,2
23193,100,0,100,-250,2,94,1,232,unknown,SteingroverInPrep,2
23194,100,0,100,-150,2,95,1,232,unknown,SteingroverInPrep,2
23195,100,0,100,-50,2,96,1,232,unknown,SteingroverInPrep,2
23196,100,0,100,50,2,97,1,232,unknown,SteingroverInPrep,2
23197,100,0,100,150,2,98,1,232,unknown,SteingroverInPrep,2
23198,100,0,100,250,2,99,1,232,unknown,SteingroverInPrep,2
23199,100,0,100,350,2,100,1,232,unknown,SteingroverInPrep,2
23200,100,-1250,-1150,850,2,1,1,233,unknown,SteingroverInPrep,2
23201,100,0,100,950,2,2,1,233,unknown,SteingroverInPrep,2
23202,50,0,50,1000,3,3,1,233,unknown,SteingroverInPrep,2
23203,50,0,50,1050,3,4,1,233,unknown,SteingroverInPrep,2
23204,100,0,100,1150,1,5,1,233,unknown,SteingroverInPrep,2
23205,100,0,100,1250,1,6,1,233,unknown,SteingroverInPrep,2
23206,50,0,50,1300,4,7,1,233,unknown,SteingroverInPrep,2
23207,50,0,50,1350,4,8,1,233,unknown,SteingroverInPrep,2
23208,50,0,50,1400,4,9,1,233,unknown,SteingroverInPrep,2
23209,100,0,100,1500,2,10,1,233,unknown,SteingroverInPrep,2
23210,100,0,100,1600,2,11,1,233,unknown,SteingroverInPrep,2
23211,50,0,50,1650,3,12,1,233,unknown,SteingroverInPrep,2
23212,50,-50,0,1650,3,13,1,233,unknown,SteingroverInPrep,2
23213,100,-250,-150,1500,1,14,1,233,unknown,SteingroverInPrep,2
23214,100,0,100,1600,1,15,1,233,unknown,SteingroverInPrep,2
23215,50,0,50,1650,4,16,1,233,unknown,SteingroverInPrep,2
23216,50,0,50,1700,4,17,1,233,unknown,SteingroverInPrep,2
23217,100,-150,-50,1650,1,18,1,233,unknown,SteingroverInPrep,2
23218,100,0,100,1750,1,19,1,233,unknown,SteingroverInPrep,2
23219,100,-350,-250,1500,1,20,1,233,unknown,SteingroverInPrep,2
23220,100,0,100,1600,2,21,1,233,unknown,SteingroverInPrep,2
23221,100,0,100,1700,2,22,1,233,unknown,SteingroverInPrep,2
23222,100,0,100,1800,2,23,1,233,unknown,SteingroverInPrep,2
23223,100,0,100,1900,2,24,1,233,unknown,SteingroverInPrep,2
23224,50,-50,0,1900,3,25,1,233,unknown,SteingroverInPrep,2
23225,50,-50,0,1900,3,26,1,233,unknown,SteingroverInPrep,2
23226,50,-50,0,1900,3,27,1,233,unknown,SteingroverInPrep,2
23227,50,-50,0,1900,3,28,1,233,unknown,SteingroverInPrep,2
23228,100,-300,-200,1700,1,29,1,233,unknown,SteingroverInPrep,2
23229,100,-200,-100,1600,1,30,1,233,unknown,SteingroverInPrep,2
23230,100,0,100,1700,1,31,1,233,unknown,SteingroverInPrep,2
23231,100,-350,-250,1450,1,32,1,233,unknown,SteingroverInPrep,2
23232,100,-150,-50,1400,1,33,1,233,unknown,SteingroverInPrep,2
23233,100,0,100,1500,1,34,1,233,unknown,SteingroverInPrep,2
23234,100,-250,-150,1350,1,35,1,233,unknown,SteingroverInPrep,2
23235,100,0,100,1450,1,36,1,233,unknown,SteingroverInPrep,2
23236,100,-300,-200,1250,1,37,1,233,unknown,SteingroverInPrep,2
23237,100,0,100,1350,1,38,1,233,unknown,SteingroverInPrep,2
23238,100,0,100,1450,1,39,1,233,unknown,SteingroverInPrep,2
23239,100,0,100,1550,1,40,1,233,unknown,SteingroverInPrep,2
23240,100,0,100,1650,2,41,1,233,unknown,SteingroverInPrep,2
23241,100,0,100,1750,2,42,1,233,unknown,SteingroverInPrep,2
23242,100,0,100,1850,2,43,1,233,unknown,SteingroverInPrep,2
23243,100,0,100,1950,2,44,1,233,unknown,SteingroverInPrep,2
23244,100,0,100,2050,2,45,1,233,unknown,SteingroverInPrep,2
23245,100,0,100,2150,2,46,1,233,unknown,SteingroverInPrep,2
23246,100,0,100,2250,2,47,1,233,unknown,SteingroverInPrep,2
23247,100,0,100,2350,2,48,1,233,unknown,SteingroverInPrep,2
23248,100,-1250,-1150,1200,2,49,1,233,unknown,SteingroverInPrep,2
23249,100,0,100,1300,2,50,1,233,unknown,SteingroverInPrep,2
23250,100,0,100,1400,2,51,1,233,unknown,SteingroverInPrep,2
23251,50,0,50,1450,3,52,1,233,unknown,SteingroverInPrep,2
23252,50,0,50,1500,3,53,1,233,unknown,SteingroverInPrep,2
23253,50,0,50,1550,3,54,1,233,unknown,SteingroverInPrep,2
23254,50,-50,0,1550,3,55,1,233,unknown,SteingroverInPrep,2
23255,50,0,50,1600,3,56,1,233,unknown,SteingroverInPrep,2
23256,50,0,50,1650,3,57,1,233,unknown,SteingroverInPrep,2
23257,50,-50,0,1650,3,58,1,233,unknown,SteingroverInPrep,2
23258,50,0,50,1700,4,59,1,233,unknown,SteingroverInPrep,2
23259,50,-250,-200,1500,4,60,1,233,unknown,SteingroverInPrep,2
23260,50,0,50,1550,4,61,1,233,unknown,SteingroverInPrep,2
23261,50,0,50,1600,4,62,1,233,unknown,SteingroverInPrep,2
23262,50,0,50,1650,4,63,1,233,unknown,SteingroverInPrep,2
23263,50,0,50,1700,4,64,1,233,unknown,SteingroverInPrep,2
23264,50,0,50,1750,4,65,1,233,unknown,SteingroverInPrep,2
23265,50,0,50,1800,4,66,1,233,unknown,SteingroverInPrep,2
23266,50,0,50,1850,4,67,1,233,unknown,SteingroverInPrep,2
23267,50,0,50,1900,4,68,1,233,unknown,SteingroverInPrep,2
23268,50,0,50,1950,4,69,1,233,unknown,SteingroverInPrep,2
23269,50,0,50,2000,4,70,1,233,unknown,SteingroverInPrep,2
23270,50,0,50,2050,4,71,1,233,unknown,SteingroverInPrep,2
23271,50,0,50,2100,4,72,1,233,unknown,SteingroverInPrep,2
23272,50,-250,-200,1900,4,73,1,233,unknown,SteingroverInPrep,2
23273,50,0,50,1950,4,74,1,233,unknown,SteingroverInPrep,2
23274,50,0,50,2000,4,75,1,233,unknown,SteingroverInPrep,2
23275,50,0,50,2050,4,76,1,233,unknown,SteingroverInPrep,2
23276,50,0,50,2100,4,77,1,233,unknown,SteingroverInPrep,2
23277,50,0,50,2150,4,78,1,233,unknown,SteingroverInPrep,2
23278,50,0,50,2200,4,79,1,233,unknown,SteingroverInPrep,2
23279,50,0,50,2250,4,80,1,233,unknown,SteingroverInPrep,2
23280,50,0,50,2300,4,81,1,233,unknown,SteingroverInPrep,2
23281,50,0,50,2350,4,82,1,233,unknown,SteingroverInPrep,2
23282,50,-250,-200,2150,4,83,1,233,unknown,SteingroverInPrep,2
23283,50,0,50,2200,3,84,1,233,unknown,SteingroverInPrep,2
23284,50,-50,0,2200,3,85,1,233,unknown,SteingroverInPrep,2
23285,50,-50,0,2200,3,86,1,233,unknown,SteingroverInPrep,2
23286,50,0,50,2250,3,87,1,233,unknown,SteingroverInPrep,2
23287,50,-50,0,2250,3,88,1,233,unknown,SteingroverInPrep,2
23288,50,0,50,2300,3,89,1,233,unknown,SteingroverInPrep,2
23289,50,-50,0,2300,3,90,1,233,unknown,SteingroverInPrep,2
23290,50,-50,0,2300,3,91,1,233,unknown,SteingroverInPrep,2
23291,50,-50,0,2300,3,92,1,233,unknown,SteingroverInPrep,2
23292,50,0,50,2350,3,93,1,233,unknown,SteingroverInPrep,2
23293,50,0,50,2400,3,94,1,233,unknown,SteingroverInPrep,2
23294,50,0,50,2450,3,95,1,233,unknown,SteingroverInPrep,2
23295,50,-50,0,2450,3,96,1,233,unknown,SteingroverInPrep,2
23296,50,-50,0,2450,3,97,1,233,unknown,SteingroverInPrep,2
23297,50,0,50,2500,3,98,1,233,unknown,SteingroverInPrep,2
23298,50,-50,0,2500,3,99,1,233,unknown,SteingroverInPrep,2
23299,50,0,50,2550,3,100,1,233,unknown,SteingroverInPrep,2
23300,100,0,100,2100,2,1,1,234,unknown,SteingroverInPrep,2
23301,50,0,50,2150,3,2,1,234,unknown,SteingroverInPrep,2
23302,100,0,100,2250,2,3,1,234,unknown,SteingroverInPrep,2
23303,50,0,50,2300,3,4,1,234,unknown,SteingroverInPrep,2
23304,100,0,100,2400,2,5,1,234,unknown,SteingroverInPrep,2
23305,100,-250,-150,2250,1,6,1,234,unknown,SteingroverInPrep,2
23306,100,0,100,2350,2,7,1,234,unknown,SteingroverInPrep,2
23307,50,-250,-200,2150,4,8,1,234,unknown,SteingroverInPrep,2
23308,100,-1250,-1150,1000,2,9,1,234,unknown,SteingroverInPrep,2
23309,50,0,50,1050,3,10,1,234,unknown,SteingroverInPrep,2
23310,50,0,50,1100,3,11,1,234,unknown,SteingroverInPrep,2
23311,50,-50,0,1100,3,12,1,234,unknown,SteingroverInPrep,2
23312,100,0,100,1200,1,13,1,234,unknown,SteingroverInPrep,2
23313,100,-150,-50,1150,1,14,1,234,unknown,SteingroverInPrep,2
23314,100,0,100,1250,2,15,1,234,unknown,SteingroverInPrep,2
23315,100,0,100,1350,2,16,1,234,unknown,SteingroverInPrep,2
23316,100,0,100,1450,2,17,1,234,unknown,SteingroverInPrep,2
23317,50,0,50,1500,4,18,1,234,unknown,SteingroverInPrep,2
23318,100,0,100,1600,2,19,1,234,unknown,SteingroverInPrep,2
23319,100,0,100,1700,2,20,1,234,unknown,SteingroverInPrep,2
23320,100,0,100,1800,2,21,1,234,unknown,SteingroverInPrep,2
23321,100,0,100,1900,2,22,1,234,unknown,SteingroverInPrep,2
23322,100,0,100,2000,2,23,1,234,unknown,SteingroverInPrep,2
23323,100,0,100,2100,2,24,1,234,unknown,SteingroverInPrep,2
23324,100,-1250,-1150,950,2,25,1,234,unknown,SteingroverInPrep,2
23325,50,-50,0,950,3,26,1,234,unknown,SteingroverInPrep,2
23326,100,-200,-100,850,1,27,1,234,unknown,SteingroverInPrep,2
23327,50,0,50,900,4,28,1,234,unknown,SteingroverInPrep,2
23328,50,0,50,950,4,29,1,234,unknown,SteingroverInPrep,2
23329,50,0,50,1000,4,30,1,234,unknown,SteingroverInPrep,2
23330,50,0,50,1050,4,31,1,234,unknown,SteingroverInPrep,2
23331,50,0,50,1100,4,32,1,234,unknown,SteingroverInPrep,2
23332,100,0,100,1200,2,33,1,234,unknown,SteingroverInPrep,2
23333,100,0,100,1300,2,34,1,234,unknown,SteingroverInPrep,2
23334,100,0,100,1400,2,35,1,234,unknown,SteingroverInPrep,2
23335,100,0,100,1500,2,36,1,234,unknown,SteingroverInPrep,2
23336,100,0,100,1600,2,37,1,234,unknown,SteingroverInPrep,2
23337,50,0,50,1650,4,38,1,234,unknown,SteingroverInPrep,2
23338,50,0,50,1700,4,39,1,234,unknown,SteingroverInPrep,2
23339,50,0,50,1750,4,40,1,234,unknown,SteingroverInPrep,2
23340,50,0,50,1800,4,41,1,234,unknown,SteingroverInPrep,2
23341,50,0,50,1850,4,42,1,234,unknown,SteingroverInPrep,2
23342,50,-250,-200,1650,4,43,1,234,unknown,SteingroverInPrep,2
23343,50,0,50,1700,3,44,1,234,unknown,SteingroverInPrep,2
23344,50,-50,0,1700,3,45,1,234,unknown,SteingroverInPrep,2
23345,100,0,100,1800,2,46,1,234,unknown,SteingroverInPrep,2
23346,100,0,100,1900,2,47,1,234,unknown,SteingroverInPrep,2
23347,100,0,100,2000,2,48,1,234,unknown,SteingroverInPrep,2
23348,100,0,100,2100,2,49,1,234,unknown,SteingroverInPrep,2
23349,100,0,100,2200,1,50,1,234,unknown,SteingroverInPrep,2
23350,100,0,100,2300,1,51,1,234,unknown,SteingroverInPrep,2
23351,100,0,100,2400,1,52,1,234,unknown,SteingroverInPrep,2
23352,100,0,100,2500,1,53,1,234,unknown,SteingroverInPrep,2
23353,100,-300,-200,2300,1,54,1,234,unknown,SteingroverInPrep,2
23354,50,-50,0,2300,3,55,1,234,unknown,SteingroverInPrep,2
23355,100,0,100,2400,2,56,1,234,unknown,SteingroverInPrep,2
23356,100,0,100,2500,2,57,1,234,unknown,SteingroverInPrep,2
23357,100,-1250,-1150,1350,2,58,1,234,unknown,SteingroverInPrep,2
23358,50,0,50,1400,4,59,1,234,unknown,SteingroverInPrep,2
23359,50,0,50,1450,4,60,1,234,unknown,SteingroverInPrep,2
23360,50,0,50,1500,4,61,1,234,unknown,SteingroverInPrep,2
23361,50,0,50,1550,4,62,1,234,unknown,SteingroverInPrep,2
23362,50,0,50,1600,4,63,1,234,unknown,SteingroverInPrep,2
23363,50,0,50,1650,4,64,1,234,unknown,SteingroverInPrep,2
23364,50,0,50,1700,4,65,1,234,unknown,SteingroverInPrep,2
23365,50,0,50,1750,4,66,1,234,unknown,SteingroverInPrep,2
23366,50,0,50,1800,4,67,1,234,unknown,SteingroverInPrep,2
23367,50,0,50,1850,4,68,1,234,unknown,SteingroverInPrep,2
23368,50,0,50,1900,4,69,1,234,unknown,SteingroverInPrep,2
23369,50,0,50,1950,4,70,1,234,unknown,SteingroverInPrep,2
23370,50,0,50,2000,4,71,1,234,unknown,SteingroverInPrep,2
23371,50,0,50,2050,4,72,1,234,unknown,SteingroverInPrep,2
23372,50,-250,-200,1850,4,73,1,234,unknown,SteingroverInPrep,2
23373,50,0,50,1900,4,74,1,234,unknown,SteingroverInPrep,2
23374,50,0,50,1950,4,75,1,234,unknown,SteingroverInPrep,2
23375,50,-250,-200,1750,4,76,1,234,unknown,SteingroverInPrep,2
23376,50,-50,0,1750,3,77,1,234,unknown,SteingroverInPrep,2
23377,50,0,50,1800,3,78,1,234,unknown,SteingroverInPrep,2
23378,50,-50,0,1800,3,79,1,234,unknown,SteingroverInPrep,2
23379,50,-50,0,1800,3,80,1,234,unknown,SteingroverInPrep,2
23380,100,0,100,1900,2,81,1,234,unknown,SteingroverInPrep,2
23381,100,0,100,2000,2,82,1,234,unknown,SteingroverInPrep,2
23382,100,0,100,2100,2,83,1,234,unknown,SteingroverInPrep,2
23383,100,0,100,2200,2,84,1,234,unknown,SteingroverInPrep,2
23384,100,0,100,2300,2,85,1,234,unknown,SteingroverInPrep,2
23385,50,0,50,2350,4,86,1,234,unknown,SteingroverInPrep,2
23386,50,0,50,2400,4,87,1,234,unknown,SteingroverInPrep,2
23387,50,0,50,2450,4,88,1,234,unknown,SteingroverInPrep,2
23388,50,0,50,2500,4,89,1,234,unknown,SteingroverInPrep,2
23389,50,0,50,2550,4,90,1,234,unknown,SteingroverInPrep,2
23390,50,0,50,2600,4,91,1,234,unknown,SteingroverInPrep,2
23391,50,0,50,2650,4,92,1,234,unknown,SteingroverInPrep,2
23392,50,0,50,2700,4,93,1,234,unknown,SteingroverInPrep,2
23393,50,0,50,2750,4,94,1,234,unknown,SteingroverInPrep,2
23394,50,0,50,2800,4,95,1,234,unknown,SteingroverInPrep,2
23395,50,0,50,2850,4,96,1,234,unknown,SteingroverInPrep,2
23396,50,0,50,2900,4,97,1,234,unknown,SteingroverInPrep,2
23397,50,0,50,2950,4,98,1,234,unknown,SteingroverInPrep,2
23398,50,0,50,3000,4,99,1,234,unknown,SteingroverInPrep,2
23399,50,0,50,3050,4,100,1,234,unknown,SteingroverInPrep,2
23400,100,0,100,2100,2,1,1,235,unknown,SteingroverInPrep,2
23401,100,0,100,2200,2,2,1,235,unknown,SteingroverInPrep,2
23402,100,-1250,-1150,1050,2,3,1,235,unknown,SteingroverInPrep,2
23403,100,-150,-50,1000,1,4,1,235,unknown,SteingroverInPrep,2
23404,50,-50,0,1000,3,5,1,235,unknown,SteingroverInPrep,2
23405,50,0,50,1050,4,6,1,235,unknown,SteingroverInPrep,2
23406,50,0,50,1100,4,7,1,235,unknown,SteingroverInPrep,2
23407,50,0,50,1150,4,8,1,235,unknown,SteingroverInPrep,2
23408,50,-50,0,1150,3,9,1,235,unknown,SteingroverInPrep,2
23409,100,0,100,1250,2,10,1,235,unknown,SteingroverInPrep,2
23410,100,0,100,1350,1,11,1,235,unknown,SteingroverInPrep,2
23411,100,0,100,1450,2,12,1,235,unknown,SteingroverInPrep,2
23412,100,0,100,1550,1,13,1,235,unknown,SteingroverInPrep,2
23413,100,0,100,1650,1,14,1,235,unknown,SteingroverInPrep,2
23414,100,0,100,1750,2,15,1,235,unknown,SteingroverInPrep,2
23415,100,-250,-150,1600,1,16,1,235,unknown,SteingroverInPrep,2
23416,100,-350,-250,1350,1,17,1,235,unknown,SteingroverInPrep,2
23417,100,0,100,1450,2,18,1,235,unknown,SteingroverInPrep,2
23418,50,0,50,1500,4,19,1,235,unknown,SteingroverInPrep,2
23419,100,-200,-100,1400,1,20,1,235,unknown,SteingroverInPrep,2
23420,100,-300,-200,1200,1,21,1,235,unknown,SteingroverInPrep,2
23421,50,0,50,1250,4,22,1,235,unknown,SteingroverInPrep,2
23422,50,-250,-200,1050,4,23,1,235,unknown,SteingroverInPrep,2
23423,100,0,100,1150,2,24,1,235,unknown,SteingroverInPrep,2
23424,100,0,100,1250,2,25,1,235,unknown,SteingroverInPrep,2
23425,100,0,100,1350,2,26,1,235,unknown,SteingroverInPrep,2
23426,100,0,100,1450,2,27,1,235,unknown,SteingroverInPrep,2
23427,100,0,100,1550,2,28,1,235,unknown,SteingroverInPrep,2
23428,100,0,100,1650,2,29,1,235,unknown,SteingroverInPrep,2
23429,50,0,50,1700,3,30,1,235,unknown,SteingroverInPrep,2
23430,50,0,50,1750,3,31,1,235,unknown,SteingroverInPrep,2
23431,50,-50,0,1750,3,32,1,235,unknown,SteingroverInPrep,2
23432,100,0,100,1850,2,33,1,235,unknown,SteingroverInPrep,2
23433,100,0,100,1950,2,34,1,235,unknown,SteingroverInPrep,2
23434,100,0,100,2050,2,35,1,235,unknown,SteingroverInPrep,2
23435,100,0,100,2150,2,36,1,235,unknown,SteingroverInPrep,2
23436,100,-1250,-1150,1000,2,37,1,235,unknown,SteingroverInPrep,2
23437,100,0,100,1100,2,38,1,235,unknown,SteingroverInPrep,2
23438,100,0,100,1200,2,39,1,235,unknown,SteingroverInPrep,2
23439,100,0,100,1300,2,40,1,235,unknown,SteingroverInPrep,2
23440,100,0,100,1400,2,41,1,235,unknown,SteingroverInPrep,2
23441,100,0,100,1500,2,42,1,235,unknown,SteingroverInPrep,2
23442,100,0,100,1600,2,43,1,235,unknown,SteingroverInPrep,2
23443,100,0,100,1700,2,44,1,235,unknown,SteingroverInPrep,2
23444,100,0,100,1800,2,45,1,235,unknown,SteingroverInPrep,2
23445,100,0,100,1900,2,46,1,235,unknown,SteingroverInPrep,2
23446,100,0,100,2000,2,47,1,235,unknown,SteingroverInPrep,2
23447,100,0,100,2100,2,48,1,235,unknown,SteingroverInPrep,2
23448,100,-1250,-1150,950,2,49,1,235,unknown,SteingroverInPrep,2
23449,100,0,100,1050,2,50,1,235,unknown,SteingroverInPrep,2
23450,100,-1250,-1150,-100,2,51,1,235,unknown,SteingroverInPrep,2
23451,100,0,100,0,1,52,1,235,unknown,SteingroverInPrep,2
23452,100,0,100,100,1,53,1,235,unknown,SteingroverInPrep,2
23453,100,0,100,200,1,54,1,235,unknown,SteingroverInPrep,2
23454,100,-350,-250,-50,1,55,1,235,unknown,SteingroverInPrep,2
23455,50,0,50,0,4,56,1,235,unknown,SteingroverInPrep,2
23456,50,0,50,50,4,57,1,235,unknown,SteingroverInPrep,2
23457,50,0,50,100,4,58,1,235,unknown,SteingroverInPrep,2
23458,50,0,50,150,4,59,1,235,unknown,SteingroverInPrep,2
23459,50,0,50,200,4,60,1,235,unknown,SteingroverInPrep,2
23460,50,0,50,250,4,61,1,235,unknown,SteingroverInPrep,2
23461,50,-50,0,250,3,62,1,235,unknown,SteingroverInPrep,2
23462,50,-50,0,250,3,63,1,235,unknown,SteingroverInPrep,2
23463,50,0,50,300,3,64,1,235,unknown,SteingroverInPrep,2
23464,50,0,50,350,3,65,1,235,unknown,SteingroverInPrep,2
23465,50,0,50,400,3,66,1,235,unknown,SteingroverInPrep,2
23466,50,0,50,450,3,67,1,235,unknown,SteingroverInPrep,2
23467,50,-50,0,450,3,68,1,235,unknown,SteingroverInPrep,2
23468,50,0,50,500,3,69,1,235,unknown,SteingroverInPrep,2
23469,50,-50,0,500,3,70,1,235,unknown,SteingroverInPrep,2
23470,50,-50,0,500,3,71,1,235,unknown,SteingroverInPrep,2
23471,50,0,50,550,4,72,1,235,unknown,SteingroverInPrep,2
23472,50,0,50,600,3,73,1,235,unknown,SteingroverInPrep,2
23473,50,-50,0,600,3,74,1,235,unknown,SteingroverInPrep,2
23474,50,0,50,650,4,75,1,235,unknown,SteingroverInPrep,2
23475,50,-250,-200,450,4,76,1,235,unknown,SteingroverInPrep,2
23476,50,0,50,500,3,77,1,235,unknown,SteingroverInPrep,2
23477,50,-50,0,500,3,78,1,235,unknown,SteingroverInPrep,2
23478,50,0,50,550,3,79,1,235,unknown,SteingroverInPrep,2
23479,50,0,50,600,3,80,1,235,unknown,SteingroverInPrep,2
23480,50,-50,0,600,3,81,1,235,unknown,SteingroverInPrep,2
23481,50,-50,0,600,3,82,1,235,unknown,SteingroverInPrep,2
23482,50,-50,0,600,3,83,1,235,unknown,SteingroverInPrep,2
23483,50,-50,0,600,3,84,1,235,unknown,SteingroverInPrep,2
23484,50,0,50,650,4,85,1,235,unknown,SteingroverInPrep,2
23485,50,0,50,700,4,86,1,235,unknown,SteingroverInPrep,2
23486,50,0,50,750,4,87,1,235,unknown,SteingroverInPrep,2
23487,100,0,100,850,2,88,1,235,unknown,SteingroverInPrep,2
23488,100,0,100,950,2,89,1,235,unknown,SteingroverInPrep,2
23489,100,0,100,1050,2,90,1,235,unknown,SteingroverInPrep,2
23490,100,0,100,1150,2,91,1,235,unknown,SteingroverInPrep,2
23491,100,0,100,1250,1,92,1,235,unknown,SteingroverInPrep,2
23492,100,0,100,1350,1,93,1,235,unknown,SteingroverInPrep,2
23493,100,0,100,1450,1,94,1,235,unknown,SteingroverInPrep,2
23494,100,-200,-100,1350,1,95,1,235,unknown,SteingroverInPrep,2
23495,100,0,100,1450,2,96,1,235,unknown,SteingroverInPrep,2
23496,100,0,100,1550,2,97,1,235,unknown,SteingroverInPrep,2
23497,100,0,100,1650,2,98,1,235,unknown,SteingroverInPrep,2
23498,50,0,50,1700,4,99,1,235,unknown,SteingroverInPrep,2
23499,50,0,50,1750,4,100,1,235,unknown,SteingroverInPrep,2
23500,100,0,100,2100,1,1,1,236,unknown,SteingroverInPrep,2
23501,100,0,100,2200,2,2,1,236,unknown,SteingroverInPrep,2
23502,50,-50,0,2200,3,3,1,236,unknown,SteingroverInPrep,2
23503,50,0,50,2250,4,4,1,236,unknown,SteingroverInPrep,2
23504,100,-300,-200,2050,1,5,1,236,unknown,SteingroverInPrep,2
23505,100,0,100,2150,2,6,1,236,unknown,SteingroverInPrep,2
23506,100,0,100,2250,2,7,1,236,unknown,SteingroverInPrep,2
23507,50,0,50,2300,4,8,1,236,unknown,SteingroverInPrep,2
23508,100,0,100,2400,2,9,1,236,unknown,SteingroverInPrep,2
23509,100,0,100,2500,2,10,1,236,unknown,SteingroverInPrep,2
23510,100,0,100,2600,2,11,1,236,unknown,SteingroverInPrep,2
23511,100,-1250,-1150,1450,2,12,1,236,unknown,SteingroverInPrep,2
23512,100,0,100,1550,1,13,1,236,unknown,SteingroverInPrep,2
23513,100,-150,-50,1500,1,14,1,236,unknown,SteingroverInPrep,2
23514,50,0,50,1550,3,15,1,236,unknown,SteingroverInPrep,2
23515,100,0,100,1650,2,16,1,236,unknown,SteingroverInPrep,2
23516,100,0,100,1750,2,17,1,236,unknown,SteingroverInPrep,2
23517,50,0,50,1800,4,18,1,236,unknown,SteingroverInPrep,2
23518,100,0,100,1900,2,19,1,236,unknown,SteingroverInPrep,2
23519,50,0,50,1950,4,20,1,236,unknown,SteingroverInPrep,2
23520,100,0,100,2050,2,21,1,236,unknown,SteingroverInPrep,2
23521,50,0,50,2100,3,22,1,236,unknown,SteingroverInPrep,2
23522,100,0,100,2200,1,23,1,236,unknown,SteingroverInPrep,2
23523,100,0,100,2300,2,24,1,236,unknown,SteingroverInPrep,2
23524,100,0,100,2400,1,25,1,236,unknown,SteingroverInPrep,2
23525,100,0,100,2500,2,26,1,236,unknown,SteingroverInPrep,2
23526,100,0,100,2600,2,27,1,236,unknown,SteingroverInPrep,2
23527,100,-200,-100,2500,1,28,1,236,unknown,SteingroverInPrep,2
23528,100,0,100,2600,2,29,1,236,unknown,SteingroverInPrep,2
23529,50,-250,-200,2400,4,30,1,236,unknown,SteingroverInPrep,2
23530,100,-1250,-1150,1250,2,31,1,236,unknown,SteingroverInPrep,2
23531,100,0,100,1350,2,32,1,236,unknown,SteingroverInPrep,2
23532,100,0,100,1450,2,33,1,236,unknown,SteingroverInPrep,2
23533,100,0,100,1550,2,34,1,236,unknown,SteingroverInPrep,2
23534,100,0,100,1650,2,35,1,236,unknown,SteingroverInPrep,2
23535,100,-350,-250,1400,1,36,1,236,unknown,SteingroverInPrep,2
23536,100,-1250,-1150,250,2,37,1,236,unknown,SteingroverInPrep,2
23537,100,0,100,350,2,38,1,236,unknown,SteingroverInPrep,2
23538,100,0,100,450,2,39,1,236,unknown,SteingroverInPrep,2
23539,100,0,100,550,2,40,1,236,unknown,SteingroverInPrep,2
23540,100,0,100,650,2,41,1,236,unknown,SteingroverInPrep,2
23541,50,0,50,700,4,42,1,236,unknown,SteingroverInPrep,2
23542,50,0,50,750,4,43,1,236,unknown,SteingroverInPrep,2
23543,50,0,50,800,4,44,1,236,unknown,SteingroverInPrep,2
23544,50,0,50,850,4,45,1,236,unknown,SteingroverInPrep,2
23545,50,0,50,900,4,46,1,236,unknown,SteingroverInPrep,2
23546,50,-250,-200,700,4,47,1,236,unknown,SteingroverInPrep,2
23547,50,0,50,750,4,48,1,236,unknown,SteingroverInPrep,2
23548,50,0,50,800,3,49,1,236,unknown,SteingroverInPrep,2
23549,100,0,100,900,2,50,1,236,unknown,SteingroverInPrep,2
23550,100,0,100,1000,2,51,1,236,unknown,SteingroverInPrep,2
23551,50,0,50,1050,4,52,1,236,unknown,SteingroverInPrep,2
23552,100,0,100,1150,2,53,1,236,unknown,SteingroverInPrep,2
23553,50,0,50,1200,4,54,1,236,unknown,SteingroverInPrep,2
23554,100,0,100,1300,2,55,1,236,unknown,SteingroverInPrep,2
23555,50,0,50,1350,4,56,1,236,unknown,SteingroverInPrep,2
23556,100,0,100,1450,2,57,1,236,unknown,SteingroverInPrep,2
23557,50,-50,0,1450,3,58,1,236,unknown,SteingroverInPrep,2
23558,100,0,100,1550,1,59,1,236,unknown,SteingroverInPrep,2
23559,100,0,100,1650,2,60,1,236,unknown,SteingroverInPrep,2
23560,50,0,50,1700,4,61,1,236,unknown,SteingroverInPrep,2
23561,100,-250,-150,1550,1,62,1,236,unknown,SteingroverInPrep,2
23562,100,0,100,1650,2,63,1,236,unknown,SteingroverInPrep,2
23563,100,0,100,1750,2,64,1,236,unknown,SteingroverInPrep,2
23564,50,0,50,1800,4,65,1,236,unknown,SteingroverInPrep,2
23565,50,0,50,1850,3,66,1,236,unknown,SteingroverInPrep,2
23566,50,-50,0,1850,3,67,1,236,unknown,SteingroverInPrep,2
23567,50,-50,0,1850,3,68,1,236,unknown,SteingroverInPrep,2
23568,50,-50,0,1850,3,69,1,236,unknown,SteingroverInPrep,2
23569,50,0,50,1900,4,70,1,236,unknown,SteingroverInPrep,2
23570,100,0,100,2000,1,71,1,236,unknown,SteingroverInPrep,2
23571,50,0,50,2050,4,72,1,236,unknown,SteingroverInPrep,2
23572,100,0,100,2150,1,73,1,236,unknown,SteingroverInPrep,2
23573,50,0,50,2200,4,74,1,236,unknown,SteingroverInPrep,2
23574,50,0,50,2250,4,75,1,236,unknown,SteingroverInPrep,2
23575,100,-1250,-1150,1100,2,76,1,236,unknown,SteingroverInPrep,2
23576,50,0,50,1150,4,77,1,236,unknown,SteingroverInPrep,2
23577,100,0,100,1250,2,78,1,236,unknown,SteingroverInPrep,2
23578,100,0,100,1350,2,79,1,236,unknown,SteingroverInPrep,2
23579,100,0,100,1450,2,80,1,236,unknown,SteingroverInPrep,2
23580,100,0,100,1550,2,81,1,236,unknown,SteingroverInPrep,2
23581,50,0,50,1600,4,82,1,236,unknown,SteingroverInPrep,2
23582,100,-250,-150,1450,1,83,1,236,unknown,SteingroverInPrep,2
23583,100,-150,-50,1400,1,84,1,236,unknown,SteingroverInPrep,2
23584,50,0,50,1450,3,85,1,236,unknown,SteingroverInPrep,2
23585,100,0,100,1550,2,86,1,236,unknown,SteingroverInPrep,2
23586,50,0,50,1600,4,87,1,236,unknown,SteingroverInPrep,2
23587,50,0,50,1650,3,88,1,236,unknown,SteingroverInPrep,2
23588,100,0,100,1750,2,89,1,236,unknown,SteingroverInPrep,2
23589,100,0,100,1850,2,90,1,236,unknown,SteingroverInPrep,2
23590,50,0,50,1900,4,91,1,236,unknown,SteingroverInPrep,2
23591,50,0,50,1950,4,92,1,236,unknown,SteingroverInPrep,2
23592,50,0,50,2000,4,93,1,236,unknown,SteingroverInPrep,2
23593,50,0,50,2050,4,94,1,236,unknown,SteingroverInPrep,2
23594,50,-250,-200,1850,4,95,1,236,unknown,SteingroverInPrep,2
23595,50,0,50,1900,4,96,1,236,unknown,SteingroverInPrep,2
23596,50,-250,-200,1700,4,97,1,236,unknown,SteingroverInPrep,2
23597,50,0,50,1750,4,98,1,236,unknown,SteingroverInPrep,2
23598,100,0,100,1850,2,99,1,236,unknown,SteingroverInPrep,2
23599,50,-50,0,1850,3,100,1,236,unknown,SteingroverInPrep,2
23600,100,0,100,2100,2,1,1,237,unknown,SteingroverInPrep,2
23601,50,0,50,2150,4,2,1,237,unknown,SteingroverInPrep,2
23602,100,-200,-100,2050,1,3,1,237,unknown,SteingroverInPrep,2
23603,50,0,50,2100,3,4,1,237,unknown,SteingroverInPrep,2
23604,100,0,100,2200,2,5,1,237,unknown,SteingroverInPrep,2
23605,100,0,100,2300,2,6,1,237,unknown,SteingroverInPrep,2
23606,100,0,100,2400,2,7,1,237,unknown,SteingroverInPrep,2
23607,100,0,100,2500,2,8,1,237,unknown,SteingroverInPrep,2
23608,100,0,100,2600,2,9,1,237,unknown,SteingroverInPrep,2
23609,100,0,100,2700,2,10,1,237,unknown,SteingroverInPrep,2
23610,50,0,50,2750,4,11,1,237,unknown,SteingroverInPrep,2
23611,100,0,100,2850,2,12,1,237,unknown,SteingroverInPrep,2
23612,100,0,100,2950,2,13,1,237,unknown,SteingroverInPrep,2
23613,100,-1250,-1150,1800,2,14,1,237,unknown,SteingroverInPrep,2
23614,100,-300,-200,1600,1,15,1,237,unknown,SteingroverInPrep,2
23615,50,-50,0,1600,3,16,1,237,unknown,SteingroverInPrep,2
23616,50,0,50,1650,4,17,1,237,unknown,SteingroverInPrep,2
23617,100,0,100,1750,2,18,1,237,unknown,SteingroverInPrep,2
23618,100,0,100,1850,2,19,1,237,unknown,SteingroverInPrep,2
23619,100,0,100,1950,2,20,1,237,unknown,SteingroverInPrep,2
23620,100,0,100,2050,2,21,1,237,unknown,SteingroverInPrep,2
23621,50,0,50,2100,4,22,1,237,unknown,SteingroverInPrep,2
23622,100,0,100,2200,2,23,1,237,unknown,SteingroverInPrep,2
23623,100,0,100,2300,2,24,1,237,unknown,SteingroverInPrep,2
23624,100,0,100,2400,2,25,1,237,unknown,SteingroverInPrep,2
23625,50,0,50,2450,4,26,1,237,unknown,SteingroverInPrep,2
23626,50,-250,-200,2250,4,27,1,237,unknown,SteingroverInPrep,2
23627,100,0,100,2350,2,28,1,237,unknown,SteingroverInPrep,2
23628,100,0,100,2450,2,29,1,237,unknown,SteingroverInPrep,2
23629,100,-1250,-1150,1300,2,30,1,237,unknown,SteingroverInPrep,2
23630,100,0,100,1400,2,31,1,237,unknown,SteingroverInPrep,2
23631,100,0,100,1500,2,32,1,237,unknown,SteingroverInPrep,2
23632,100,0,100,1600,2,33,1,237,unknown,SteingroverInPrep,2
23633,100,0,100,1700,2,34,1,237,unknown,SteingroverInPrep,2
23634,100,0,100,1800,2,35,1,237,unknown,SteingroverInPrep,2
23635,100,0,100,1900,2,36,1,237,unknown,SteingroverInPrep,2
23636,100,-1250,-1150,750,2,37,1,237,unknown,SteingroverInPrep,2
23637,100,0,100,850,2,38,1,237,unknown,SteingroverInPrep,2
23638,100,0,100,950,2,39,1,237,unknown,SteingroverInPrep,2
23639,100,0,100,1050,2,40,1,237,unknown,SteingroverInPrep,2
23640,100,0,100,1150,2,41,1,237,unknown,SteingroverInPrep,2
23641,100,0,100,1250,2,42,1,237,unknown,SteingroverInPrep,2
23642,50,0,50,1300,4,43,1,237,unknown,SteingroverInPrep,2
23643,50,0,50,1350,4,44,1,237,unknown,SteingroverInPrep,2
23644,50,0,50,1400,4,45,1,237,unknown,SteingroverInPrep,2
23645,50,0,50,1450,4,46,1,237,unknown,SteingroverInPrep,2
23646,50,0,50,1500,4,47,1,237,unknown,SteingroverInPrep,2
23647,50,0,50,1550,4,48,1,237,unknown,SteingroverInPrep,2
23648,50,0,50,1600,3,49,1,237,unknown,SteingroverInPrep,2
23649,50,0,50,1650,3,50,1,237,unknown,SteingroverInPrep,2
23650,50,-50,0,1650,3,51,1,237,unknown,SteingroverInPrep,2
23651,50,0,50,1700,3,52,1,237,unknown,SteingroverInPrep,2
23652,50,-50,0,1700,3,53,1,237,unknown,SteingroverInPrep,2
23653,50,0,50,1750,3,54,1,237,unknown,SteingroverInPrep,2
23654,50,-50,0,1750,3,55,1,237,unknown,SteingroverInPrep,2
23655,50,-50,0,1750,3,56,1,237,unknown,SteingroverInPrep,2
23656,50,-50,0,1750,3,57,1,237,unknown,SteingroverInPrep,2
23657,50,0,50,1800,3,58,1,237,unknown,SteingroverInPrep,2
23658,50,0,50,1850,3,59,1,237,unknown,SteingroverInPrep,2
23659,50,0,50,1900,3,60,1,237,unknown,SteingroverInPrep,2
23660,50,0,50,1950,3,61,1,237,unknown,SteingroverInPrep,2
23661,50,-50,0,1950,3,62,1,237,unknown,SteingroverInPrep,2
23662,50,-50,0,1950,3,63,1,237,unknown,SteingroverInPrep,2
23663,50,-50,0,1950,3,64,1,237,unknown,SteingroverInPrep,2
23664,50,-50,0,1950,3,65,1,237,unknown,SteingroverInPrep,2
23665,50,0,50,2000,3,66,1,237,unknown,SteingroverInPrep,2
23666,50,0,50,2050,3,67,1,237,unknown,SteingroverInPrep,2
23667,50,-50,0,2050,3,68,1,237,unknown,SteingroverInPrep,2
23668,50,0,50,2100,3,69,1,237,unknown,SteingroverInPrep,2
23669,50,-50,0,2100,3,70,1,237,unknown,SteingroverInPrep,2
23670,50,-50,0,2100,3,71,1,237,unknown,SteingroverInPrep,2
23671,50,-50,0,2100,3,72,1,237,unknown,SteingroverInPrep,2
23672,50,0,50,2150,3,73,1,237,unknown,SteingroverInPrep,2
23673,50,0,50,2200,3,74,1,237,unknown,SteingroverInPrep,2
23674,50,-50,0,2200,3,75,1,237,unknown,SteingroverInPrep,2
23675,50,0,50,2250,3,76,1,237,unknown,SteingroverInPrep,2
23676,50,0,50,2300,3,77,1,237,unknown,SteingroverInPrep,2
23677,50,-50,0,2300,3,78,1,237,unknown,SteingroverInPrep,2
23678,50,0,50,2350,3,79,1,237,unknown,SteingroverInPrep,2
23679,50,-50,0,2350,3,80,1,237,unknown,SteingroverInPrep,2
23680,50,-50,0,2350,3,81,1,237,unknown,SteingroverInPrep,2
23681,50,0,50,2400,3,82,1,237,unknown,SteingroverInPrep,2
23682,50,-50,0,2400,3,83,1,237,unknown,SteingroverInPrep,2
23683,50,-50,0,2400,3,84,1,237,unknown,SteingroverInPrep,2
23684,50,0,50,2450,3,85,1,237,unknown,SteingroverInPrep,2
23685,50,0,50,2500,3,86,1,237,unknown,SteingroverInPrep,2
23686,50,0,50,2550,3,87,1,237,unknown,SteingroverInPrep,2
23687,50,0,50,2600,4,88,1,237,unknown,SteingroverInPrep,2
23688,50,0,50,2650,4,89,1,237,unknown,SteingroverInPrep,2
23689,50,0,50,2700,4,90,1,237,unknown,SteingroverInPrep,2
23690,50,-50,0,2700,3,91,1,237,unknown,SteingroverInPrep,2
23691,50,0,50,2750,4,92,1,237,unknown,SteingroverInPrep,2
23692,50,0,50,2800,3,93,1,237,unknown,SteingroverInPrep,2
23693,50,0,50,2850,3,94,1,237,unknown,SteingroverInPrep,2
23694,50,-50,0,2850,3,95,1,237,unknown,SteingroverInPrep,2
23695,50,0,50,2900,3,96,1,237,unknown,SteingroverInPrep,2
23696,50,-50,0,2900,3,97,1,237,unknown,SteingroverInPrep,2
23697,50,-50,0,2900,3,98,1,237,unknown,SteingroverInPrep,2
23698,50,-50,0,2900,3,99,1,237,unknown,SteingroverInPrep,2
23699,50,0,50,2950,3,100,1,237,unknown,SteingroverInPrep,2
23700,100,0,100,2100,1,1,1,238,unknown,SteingroverInPrep,2
23701,100,0,100,2200,2,2,1,238,unknown,SteingroverInPrep,2
23702,100,0,100,2300,2,3,1,238,unknown,SteingroverInPrep,2
23703,50,-50,0,2300,3,4,1,238,unknown,SteingroverInPrep,2
23704,50,0,50,2350,4,5,1,238,unknown,SteingroverInPrep,2
23705,100,0,100,2450,1,6,1,238,unknown,SteingroverInPrep,2
23706,100,0,100,2550,2,7,1,238,unknown,SteingroverInPrep,2
23707,50,0,50,2600,4,8,1,238,unknown,SteingroverInPrep,2
23708,100,-150,-50,2550,1,9,1,238,unknown,SteingroverInPrep,2
23709,100,0,100,2650,2,10,1,238,unknown,SteingroverInPrep,2
23710,50,0,50,2700,4,11,1,238,unknown,SteingroverInPrep,2
23711,100,0,100,2800,2,12,1,238,unknown,SteingroverInPrep,2
23712,50,0,50,2850,4,13,1,238,unknown,SteingroverInPrep,2
23713,100,0,100,2950,2,14,1,238,unknown,SteingroverInPrep,2
23714,100,-1250,-1150,1800,2,15,1,238,unknown,SteingroverInPrep,2
23715,100,-200,-100,1700,1,16,1,238,unknown,SteingroverInPrep,2
23716,50,0,50,1750,4,17,1,238,unknown,SteingroverInPrep,2
23717,50,-250,-200,1550,4,18,1,238,unknown,SteingroverInPrep,2
23718,50,0,50,1600,3,19,1,238,unknown,SteingroverInPrep,2
23719,100,0,100,1700,2,20,1,238,unknown,SteingroverInPrep,2
23720,100,0,100,1800,2,21,1,238,unknown,SteingroverInPrep,2
23721,50,0,50,1850,4,22,1,238,unknown,SteingroverInPrep,2
23722,50,-50,0,1850,3,23,1,238,unknown,SteingroverInPrep,2
23723,100,0,100,1950,2,24,1,238,unknown,SteingroverInPrep,2
23724,100,0,100,2050,2,25,1,238,unknown,SteingroverInPrep,2
23725,50,0,50,2100,4,26,1,238,unknown,SteingroverInPrep,2
23726,100,-1250,-1150,950,2,27,1,238,unknown,SteingroverInPrep,2
23727,50,0,50,1000,4,28,1,238,unknown,SteingroverInPrep,2
23728,50,-50,0,1000,3,29,1,238,unknown,SteingroverInPrep,2
23729,100,-300,-200,800,1,30,1,238,unknown,SteingroverInPrep,2
23730,100,0,100,900,2,31,1,238,unknown,SteingroverInPrep,2
23731,100,0,100,1000,2,32,1,238,unknown,SteingroverInPrep,2
23732,50,0,50,1050,4,33,1,238,unknown,SteingroverInPrep,2
23733,100,0,100,1150,2,34,1,238,unknown,SteingroverInPrep,2
23734,100,0,100,1250,2,35,1,238,unknown,SteingroverInPrep,2
23735,50,0,50,1300,4,36,1,238,unknown,SteingroverInPrep,2
23736,100,0,100,1400,2,37,1,238,unknown,SteingroverInPrep,2
23737,50,0,50,1450,4,38,1,238,unknown,SteingroverInPrep,2
23738,100,0,100,1550,2,39,1,238,unknown,SteingroverInPrep,2
23739,50,-250,-200,1350,4,40,1,238,unknown,SteingroverInPrep,2
23740,100,0,100,1450,2,41,1,238,unknown,SteingroverInPrep,2
23741,50,0,50,1500,4,42,1,238,unknown,SteingroverInPrep,2
23742,100,0,100,1600,2,43,1,238,unknown,SteingroverInPrep,2
23743,50,0,50,1650,4,44,1,238,unknown,SteingroverInPrep,2
23744,50,0,50,1700,3,45,1,238,unknown,SteingroverInPrep,2
23745,100,-1250,-1150,550,2,46,1,238,unknown,SteingroverInPrep,2
23746,50,0,50,600,3,47,1,238,unknown,SteingroverInPrep,2
23747,50,-50,0,600,3,48,1,238,unknown,SteingroverInPrep,2
23748,50,0,50,650,4,49,1,238,unknown,SteingroverInPrep,2
23749,50,-50,0,650,3,50,1,238,unknown,SteingroverInPrep,2
23750,100,0,100,750,2,51,1,238,unknown,SteingroverInPrep,2
23751,100,0,100,850,2,52,1,238,unknown,SteingroverInPrep,2
23752,100,0,100,950,2,53,1,238,unknown,SteingroverInPrep,2
23753,50,0,50,1000,4,54,1,238,unknown,SteingroverInPrep,2
23754,100,0,100,1100,1,55,1,238,unknown,SteingroverInPrep,2
23755,100,0,100,1200,2,56,1,238,unknown,SteingroverInPrep,2
23756,50,0,50,1250,4,57,1,238,unknown,SteingroverInPrep,2
23757,100,0,100,1350,2,58,1,238,unknown,SteingroverInPrep,2
23758,50,0,50,1400,4,59,1,238,unknown,SteingroverInPrep,2
23759,100,0,100,1500,2,60,1,238,unknown,SteingroverInPrep,2
23760,100,0,100,1600,2,61,1,238,unknown,SteingroverInPrep,2
23761,50,0,50,1650,4,62,1,238,unknown,SteingroverInPrep,2
23762,50,0,50,1700,4,63,1,238,unknown,SteingroverInPrep,2
23763,100,0,100,1800,2,64,1,238,unknown,SteingroverInPrep,2
23764,100,0,100,1900,2,65,1,238,unknown,SteingroverInPrep,2
23765,50,0,50,1950,4,66,1,238,unknown,SteingroverInPrep,2
23766,50,0,50,2000,4,67,1,238,unknown,SteingroverInPrep,2
23767,100,0,100,2100,2,68,1,238,unknown,SteingroverInPrep,2
23768,50,-250,-200,1900,4,69,1,238,unknown,SteingroverInPrep,2
23769,50,0,50,1950,3,70,1,238,unknown,SteingroverInPrep,2
23770,50,0,50,2000,3,71,1,238,unknown,SteingroverInPrep,2
23771,100,0,100,2100,1,72,1,238,unknown,SteingroverInPrep,2
23772,100,0,100,2200,2,73,1,238,unknown,SteingroverInPrep,2
23773,50,0,50,2250,4,74,1,238,unknown,SteingroverInPrep,2
23774,100,0,100,2350,2,75,1,238,unknown,SteingroverInPrep,2
23775,50,0,50,2400,4,76,1,238,unknown,SteingroverInPrep,2
23776,100,0,100,2500,2,77,1,238,unknown,SteingroverInPrep,2
23777,50,0,50,2550,3,78,1,238,unknown,SteingroverInPrep,2
23778,100,0,100,2650,2,79,1,238,unknown,SteingroverInPrep,2
23779,50,0,50,2700,4,80,1,238,unknown,SteingroverInPrep,2
23780,50,0,50,2750,3,81,1,238,unknown,SteingroverInPrep,2
23781,100,0,100,2850,2,82,1,238,unknown,SteingroverInPrep,2
23782,100,0,100,2950,2,83,1,238,unknown,SteingroverInPrep,2
23783,50,0,50,3000,3,84,1,238,unknown,SteingroverInPrep,2
23784,50,0,50,3050,4,85,1,238,unknown,SteingroverInPrep,2
23785,50,0,50,3100,4,86,1,238,unknown,SteingroverInPrep,2
23786,100,-1250,-1150,1950,2,87,1,238,unknown,SteingroverInPrep,2
23787,50,0,50,2000,3,88,1,238,unknown,SteingroverInPrep,2
23788,50,0,50,2050,4,89,1,238,unknown,SteingroverInPrep,2
23789,100,0,100,2150,2,90,1,238,unknown,SteingroverInPrep,2
23790,100,0,100,2250,2,91,1,238,unknown,SteingroverInPrep,2
23791,50,-50,0,2250,3,92,1,238,unknown,SteingroverInPrep,2
23792,50,0,50,2300,4,93,1,238,unknown,SteingroverInPrep,2
23793,50,0,50,2350,4,94,1,238,unknown,SteingroverInPrep,2
23794,100,0,100,2450,2,95,1,238,unknown,SteingroverInPrep,2
23795,100,0,100,2550,2,96,1,238,unknown,SteingroverInPrep,2
23796,50,-50,0,2550,3,97,1,238,unknown,SteingroverInPrep,2
23797,50,0,50,2600,4,98,1,238,unknown,SteingroverInPrep,2
23798,50,0,50,2650,4,99,1,238,unknown,SteingroverInPrep,2
23799,100,0,100,2750,2,100,1,238,unknown,SteingroverInPrep,2
23800,50,0,50,2050,3,1,1,239,unknown,SteingroverInPrep,2
23801,50,0,50,2100,4,2,1,239,unknown,SteingroverInPrep,2
23802,100,-150,-50,2050,1,3,1,239,unknown,SteingroverInPrep,2
23803,100,0,100,2150,2,4,1,239,unknown,SteingroverInPrep,2
23804,100,0,100,2250,2,5,1,239,unknown,SteingroverInPrep,2
23805,100,0,100,2350,2,6,1,239,unknown,SteingroverInPrep,2
23806,100,0,100,2450,2,7,1,239,unknown,SteingroverInPrep,2
23807,50,-50,0,2450,3,8,1,239,unknown,SteingroverInPrep,2
23808,100,0,100,2550,2,9,1,239,unknown,SteingroverInPrep,2
23809,100,0,100,2650,2,10,1,239,unknown,SteingroverInPrep,2
23810,100,0,100,2750,2,11,1,239,unknown,SteingroverInPrep,2
23811,50,0,50,2800,4,12,1,239,unknown,SteingroverInPrep,2
23812,100,0,100,2900,2,13,1,239,unknown,SteingroverInPrep,2
23813,100,-1250,-1150,1750,2,14,1,239,unknown,SteingroverInPrep,2
23814,100,0,100,1850,2,15,1,239,unknown,SteingroverInPrep,2
23815,100,0,100,1950,2,16,1,239,unknown,SteingroverInPrep,2
23816,100,-200,-100,1850,1,17,1,239,unknown,SteingroverInPrep,2
23817,100,0,100,1950,1,18,1,239,unknown,SteingroverInPrep,2
23818,100,0,100,2050,1,19,1,239,unknown,SteingroverInPrep,2
23819,100,0,100,2150,1,20,1,239,unknown,SteingroverInPrep,2
23820,50,-50,0,2150,3,21,1,239,unknown,SteingroverInPrep,2
23821,50,-50,0,2150,3,22,1,239,unknown,SteingroverInPrep,2
23822,100,0,100,2250,2,23,1,239,unknown,SteingroverInPrep,2
23823,100,-300,-200,2050,1,24,1,239,unknown,SteingroverInPrep,2
23824,100,0,100,2150,2,25,1,239,unknown,SteingroverInPrep,2
23825,100,0,100,2250,2,26,1,239,unknown,SteingroverInPrep,2
23826,50,0,50,2300,4,27,1,239,unknown,SteingroverInPrep,2
23827,100,0,100,2400,1,28,1,239,unknown,SteingroverInPrep,2
23828,100,0,100,2500,1,29,1,239,unknown,SteingroverInPrep,2
23829,100,-250,-150,2350,1,30,1,239,unknown,SteingroverInPrep,2
23830,100,-350,-250,2100,1,31,1,239,unknown,SteingroverInPrep,2
23831,50,0,50,2150,3,32,1,239,unknown,SteingroverInPrep,2
23832,50,0,50,2200,3,33,1,239,unknown,SteingroverInPrep,2
23833,100,0,100,2300,2,34,1,239,unknown,SteingroverInPrep,2
23834,50,0,50,2350,4,35,1,239,unknown,SteingroverInPrep,2
23835,100,-350,-250,2100,1,36,1,239,unknown,SteingroverInPrep,2
23836,100,0,100,2200,2,37,1,239,unknown,SteingroverInPrep,2
23837,100,0,100,2300,2,38,1,239,unknown,SteingroverInPrep,2
23838,50,-50,0,2300,3,39,1,239,unknown,SteingroverInPrep,2
23839,50,0,50,2350,4,40,1,239,unknown,SteingroverInPrep,2
23840,50,0,50,2400,4,41,1,239,unknown,SteingroverInPrep,2
23841,50,0,50,2450,4,42,1,239,unknown,SteingroverInPrep,2
23842,50,0,50,2500,4,43,1,239,unknown,SteingroverInPrep,2
23843,50,-250,-200,2300,4,44,1,239,unknown,SteingroverInPrep,2
23844,100,0,100,2400,2,45,1,239,unknown,SteingroverInPrep,2
23845,100,0,100,2500,1,46,1,239,unknown,SteingroverInPrep,2
23846,100,-300,-200,2300,1,47,1,239,unknown,SteingroverInPrep,2
23847,100,0,100,2400,1,48,1,239,unknown,SteingroverInPrep,2
23848,50,-50,0,2400,3,49,1,239,unknown,SteingroverInPrep,2
23849,100,0,100,2500,2,50,1,239,unknown,SteingroverInPrep,2
23850,100,0,100,2600,1,51,1,239,unknown,SteingroverInPrep,2
23851,100,-1250,-1150,1450,2,52,1,239,unknown,SteingroverInPrep,2
23852,100,-150,-50,1400,1,53,1,239,unknown,SteingroverInPrep,2
23853,100,-200,-100,1300,1,54,1,239,unknown,SteingroverInPrep,2
23854,100,0,100,1400,2,55,1,239,unknown,SteingroverInPrep,2
23855,100,0,100,1500,2,56,1,239,unknown,SteingroverInPrep,2
23856,100,0,100,1600,2,57,1,239,unknown,SteingroverInPrep,2
23857,100,0,100,1700,2,58,1,239,unknown,SteingroverInPrep,2
23858,100,0,100,1800,2,59,1,239,unknown,SteingroverInPrep,2
23859,100,0,100,1900,2,60,1,239,unknown,SteingroverInPrep,2
23860,100,0,100,2000,2,61,1,239,unknown,SteingroverInPrep,2
23861,50,0,50,2050,4,62,1,239,unknown,SteingroverInPrep,2
23862,50,0,50,2100,4,63,1,239,unknown,SteingroverInPrep,2
23863,50,0,50,2150,4,64,1,239,unknown,SteingroverInPrep,2
23864,50,0,50,2200,4,65,1,239,unknown,SteingroverInPrep,2
23865,100,0,100,2300,1,66,1,239,unknown,SteingroverInPrep,2
23866,100,0,100,2400,1,67,1,239,unknown,SteingroverInPrep,2
23867,100,-250,-150,2250,1,68,1,239,unknown,SteingroverInPrep,2
23868,100,-1250,-1150,1100,2,69,1,239,unknown,SteingroverInPrep,2
23869,100,0,100,1200,2,70,1,239,unknown,SteingroverInPrep,2
23870,100,0,100,1300,2,71,1,239,unknown,SteingroverInPrep,2
23871,100,0,100,1400,2,72,1,239,unknown,SteingroverInPrep,2
23872,100,-1250,-1150,250,2,73,1,239,unknown,SteingroverInPrep,2
23873,100,0,100,350,2,74,1,239,unknown,SteingroverInPrep,2
23874,100,0,100,450,2,75,1,239,unknown,SteingroverInPrep,2
23875,100,0,100,550,2,76,1,239,unknown,SteingroverInPrep,2
23876,50,0,50,600,3,77,1,239,unknown,SteingroverInPrep,2
23877,50,0,50,650,4,78,1,239,unknown,SteingroverInPrep,2
23878,50,0,50,700,3,79,1,239,unknown,SteingroverInPrep,2
23879,50,-50,0,700,3,80,1,239,unknown,SteingroverInPrep,2
23880,50,0,50,750,4,81,1,239,unknown,SteingroverInPrep,2
23881,50,0,50,800,4,82,1,239,unknown,SteingroverInPrep,2
23882,50,0,50,850,4,83,1,239,unknown,SteingroverInPrep,2
23883,50,0,50,900,4,84,1,239,unknown,SteingroverInPrep,2
23884,100,-200,-100,800,1,85,1,239,unknown,SteingroverInPrep,2
23885,100,0,100,900,2,86,1,239,unknown,SteingroverInPrep,2
23886,50,-250,-200,700,4,87,1,239,unknown,SteingroverInPrep,2
23887,50,0,50,750,4,88,1,239,unknown,SteingroverInPrep,2
23888,100,0,100,850,2,89,1,239,unknown,SteingroverInPrep,2
23889,50,0,50,900,4,90,1,239,unknown,SteingroverInPrep,2
23890,50,0,50,950,4,91,1,239,unknown,SteingroverInPrep,2
23891,50,0,50,1000,4,92,1,239,unknown,SteingroverInPrep,2
23892,100,0,100,1100,2,93,1,239,unknown,SteingroverInPrep,2
23893,100,-350,-250,850,1,94,1,239,unknown,SteingroverInPrep,2
23894,100,0,100,950,2,95,1,239,unknown,SteingroverInPrep,2
23895,50,0,50,1000,4,96,1,239,unknown,SteingroverInPrep,2
23896,50,-50,0,1000,3,97,1,239,unknown,SteingroverInPrep,2
23897,50,0,50,1050,4,98,1,239,unknown,SteingroverInPrep,2
23898,50,-250,-200,850,4,99,1,239,unknown,SteingroverInPrep,2
23899,100,0,100,950,2,100,1,239,unknown,SteingroverInPrep,2
23900,100,-250,-150,1850,1,1,1,240,unknown,SteingroverInPrep,2
23901,100,-1250,-1150,700,2,2,1,240,unknown,SteingroverInPrep,2
23902,50,-50,0,700,3,3,1,240,unknown,SteingroverInPrep,2
23903,50,0,50,750,4,4,1,240,unknown,SteingroverInPrep,2
23904,100,-200,-100,650,1,5,1,240,unknown,SteingroverInPrep,2
23905,100,0,100,750,2,6,1,240,unknown,SteingroverInPrep,2
23906,50,0,50,800,3,7,1,240,unknown,SteingroverInPrep,2
23907,50,0,50,850,4,8,1,240,unknown,SteingroverInPrep,2
23908,50,0,50,900,4,9,1,240,unknown,SteingroverInPrep,2
23909,50,0,50,950,4,10,1,240,unknown,SteingroverInPrep,2
23910,50,0,50,1000,4,11,1,240,unknown,SteingroverInPrep,2
23911,50,-50,0,1000,3,12,1,240,unknown,SteingroverInPrep,2
23912,50,0,50,1050,4,13,1,240,unknown,SteingroverInPrep,2
23913,50,-250,-200,850,4,14,1,240,unknown,SteingroverInPrep,2
23914,50,0,50,900,4,15,1,240,unknown,SteingroverInPrep,2
23915,50,0,50,950,4,16,1,240,unknown,SteingroverInPrep,2
23916,50,0,50,1000,4,17,1,240,unknown,SteingroverInPrep,2
23917,50,-50,0,1000,3,18,1,240,unknown,SteingroverInPrep,2
23918,100,0,100,1100,2,19,1,240,unknown,SteingroverInPrep,2
23919,100,0,100,1200,2,20,1,240,unknown,SteingroverInPrep,2
23920,100,0,100,1300,2,21,1,240,unknown,SteingroverInPrep,2
23921,100,0,100,1400,2,22,1,240,unknown,SteingroverInPrep,2
23922,100,0,100,1500,1,23,1,240,unknown,SteingroverInPrep,2
23923,100,0,100,1600,1,24,1,240,unknown,SteingroverInPrep,2
23924,100,-350,-250,1350,1,25,1,240,unknown,SteingroverInPrep,2
23925,50,0,50,1400,4,26,1,240,unknown,SteingroverInPrep,2
23926,50,0,50,1450,4,27,1,240,unknown,SteingroverInPrep,2
23927,50,-250,-200,1250,4,28,1,240,unknown,SteingroverInPrep,2
23928,50,0,50,1300,4,29,1,240,unknown,SteingroverInPrep,2
23929,100,0,100,1400,2,30,1,240,unknown,SteingroverInPrep,2
23930,100,0,100,1500,2,31,1,240,unknown,SteingroverInPrep,2
23931,100,0,100,1600,2,32,1,240,unknown,SteingroverInPrep,2
23932,100,0,100,1700,2,33,1,240,unknown,SteingroverInPrep,2
23933,100,-150,-50,1650,1,34,1,240,unknown,SteingroverInPrep,2
23934,100,0,100,1750,2,35,1,240,unknown,SteingroverInPrep,2
23935,100,-1250,-1150,600,2,36,1,240,unknown,SteingroverInPrep,2
23936,100,0,100,700,2,37,1,240,unknown,SteingroverInPrep,2
23937,100,0,100,800,2,38,1,240,unknown,SteingroverInPrep,2
23938,100,0,100,900,2,39,1,240,unknown,SteingroverInPrep,2
23939,100,0,100,1000,2,40,1,240,unknown,SteingroverInPrep,2
23940,100,0,100,1100,2,41,1,240,unknown,SteingroverInPrep,2
23941,100,0,100,1200,2,42,1,240,unknown,SteingroverInPrep,2
23942,100,0,100,1300,2,43,1,240,unknown,SteingroverInPrep,2
23943,100,0,100,1400,2,44,1,240,unknown,SteingroverInPrep,2
23944,50,0,50,1450,3,45,1,240,unknown,SteingroverInPrep,2
23945,50,0,50,1500,4,46,1,240,unknown,SteingroverInPrep,2
23946,50,0,50,1550,4,47,1,240,unknown,SteingroverInPrep,2
23947,50,0,50,1600,4,48,1,240,unknown,SteingroverInPrep,2
23948,50,0,50,1650,3,49,1,240,unknown,SteingroverInPrep,2
23949,50,0,50,1700,4,50,1,240,unknown,SteingroverInPrep,2
23950,50,0,50,1750,4,51,1,240,unknown,SteingroverInPrep,2
23951,50,0,50,1800,3,52,1,240,unknown,SteingroverInPrep,2
23952,50,0,50,1850,4,53,1,240,unknown,SteingroverInPrep,2
23953,50,0,50,1900,4,54,1,240,unknown,SteingroverInPrep,2
23954,50,0,50,1950,4,55,1,240,unknown,SteingroverInPrep,2
23955,50,0,50,2000,4,56,1,240,unknown,SteingroverInPrep,2
23956,50,0,50,2050,4,57,1,240,unknown,SteingroverInPrep,2
23957,50,-250,-200,1850,4,58,1,240,unknown,SteingroverInPrep,2
23958,50,0,50,1900,4,59,1,240,unknown,SteingroverInPrep,2
23959,50,0,50,1950,4,60,1,240,unknown,SteingroverInPrep,2
23960,50,0,50,2000,4,61,1,240,unknown,SteingroverInPrep,2
23961,50,0,50,2050,4,62,1,240,unknown,SteingroverInPrep,2
23962,50,0,50,2100,4,63,1,240,unknown,SteingroverInPrep,2
23963,50,-50,0,2100,3,64,1,240,unknown,SteingroverInPrep,2
23964,50,0,50,2150,4,65,1,240,unknown,SteingroverInPrep,2
23965,50,0,50,2200,4,66,1,240,unknown,SteingroverInPrep,2
23966,50,0,50,2250,4,67,1,240,unknown,SteingroverInPrep,2
23967,50,0,50,2300,4,68,1,240,unknown,SteingroverInPrep,2
23968,50,0,50,2350,4,69,1,240,unknown,SteingroverInPrep,2
23969,50,0,50,2400,4,70,1,240,unknown,SteingroverInPrep,2
23970,50,0,50,2450,4,71,1,240,unknown,SteingroverInPrep,2
23971,50,-250,-200,2250,4,72,1,240,unknown,SteingroverInPrep,2
23972,50,0,50,2300,4,73,1,240,unknown,SteingroverInPrep,2
23973,50,0,50,2350,4,74,1,240,unknown,SteingroverInPrep,2
23974,50,-250,-200,2150,4,75,1,240,unknown,SteingroverInPrep,2
23975,50,0,50,2200,4,76,1,240,unknown,SteingroverInPrep,2
23976,50,0,50,2250,4,77,1,240,unknown,SteingroverInPrep,2
23977,50,0,50,2300,4,78,1,240,unknown,SteingroverInPrep,2
23978,50,0,50,2350,4,79,1,240,unknown,SteingroverInPrep,2
23979,50,0,50,2400,4,80,1,240,unknown,SteingroverInPrep,2
23980,50,0,50,2450,4,81,1,240,unknown,SteingroverInPrep,2
23981,50,0,50,2500,4,82,1,240,unknown,SteingroverInPrep,2
23982,50,0,50,2550,4,83,1,240,unknown,SteingroverInPrep,2
23983,50,0,50,2600,4,84,1,240,unknown,SteingroverInPrep,2
23984,50,0,50,2650,4,85,1,240,unknown,SteingroverInPrep,2
23985,50,0,50,2700,4,86,1,240,unknown,SteingroverInPrep,2
23986,50,0,50,2750,4,87,1,240,unknown,SteingroverInPrep,2
23987,50,0,50,2800,4,88,1,240,unknown,SteingroverInPrep,2
23988,50,0,50,2850,4,89,1,240,unknown,SteingroverInPrep,2
23989,50,0,50,2900,4,90,1,240,unknown,SteingroverInPrep,2
23990,50,0,50,2950,4,91,1,240,unknown,SteingroverInPrep,2
23991,50,0,50,3000,4,92,1,240,unknown,SteingroverInPrep,2
23992,50,-250,-200,2800,4,93,1,240,unknown,SteingroverInPrep,2
23993,50,0,50,2850,4,94,1,240,unknown,SteingroverInPrep,2
23994,50,0,50,2900,4,95,1,240,unknown,SteingroverInPrep,2
23995,50,0,50,2950,4,96,1,240,unknown,SteingroverInPrep,2
23996,50,0,50,3000,4,97,1,240,unknown,SteingroverInPrep,2
23997,50,0,50,3050,4,98,1,240,unknown,SteingroverInPrep,2
23998,50,0,50,3100,4,99,1,240,unknown,SteingroverInPrep,2
23999,50,0,50,3150,4,100,1,240,unknown,SteingroverInPrep,2
24000,100,-350,-250,1750,1,1,1,241,unknown,SteingroverInPrep,2
24001,100,-300,-200,1550,1,2,1,241,unknown,SteingroverInPrep,2
24002,100,0,100,1650,2,3,1,241,unknown,SteingroverInPrep,2
24003,50,-50,0,1650,3,4,1,241,unknown,SteingroverInPrep,2
24004,50,0,50,1700,4,5,1,241,unknown,SteingroverInPrep,2
24005,100,0,100,1800,2,6,1,241,unknown,SteingroverInPrep,2
24006,50,0,50,1850,4,7,1,241,unknown,SteingroverInPrep,2
24007,100,0,100,1950,2,8,1,241,unknown,SteingroverInPrep,2
24008,100,0,100,2050,2,9,1,241,unknown,SteingroverInPrep,2
24009,100,0,100,2150,2,10,1,241,unknown,SteingroverInPrep,2
24010,100,0,100,2250,2,11,1,241,unknown,SteingroverInPrep,2
24011,100,0,100,2350,2,12,1,241,unknown,SteingroverInPrep,2
24012,100,-1250,-1150,1200,2,13,1,241,unknown,SteingroverInPrep,2
24013,50,0,50,1250,4,14,1,241,unknown,SteingroverInPrep,2
24014,50,0,50,1300,4,15,1,241,unknown,SteingroverInPrep,2
24015,50,0,50,1350,4,16,1,241,unknown,SteingroverInPrep,2
24016,50,0,50,1400,4,17,1,241,unknown,SteingroverInPrep,2
24017,100,0,100,1500,2,18,1,241,unknown,SteingroverInPrep,2
24018,100,0,100,1600,2,19,1,241,unknown,SteingroverInPrep,2
24019,100,-1250,-1150,450,2,20,1,241,unknown,SteingroverInPrep,2
24020,50,0,50,500,4,21,1,241,unknown,SteingroverInPrep,2
24021,50,-250,-200,300,4,22,1,241,unknown,SteingroverInPrep,2
24022,50,0,50,350,3,23,1,241,unknown,SteingroverInPrep,2
24023,50,0,50,400,3,24,1,241,unknown,SteingroverInPrep,2
24024,50,0,50,450,3,25,1,241,unknown,SteingroverInPrep,2
24025,100,0,100,550,1,26,1,241,unknown,SteingroverInPrep,2
24026,100,0,100,650,1,27,1,241,unknown,SteingroverInPrep,2
24027,100,0,100,750,2,28,1,241,unknown,SteingroverInPrep,2
24028,100,0,100,850,2,29,1,241,unknown,SteingroverInPrep,2
24029,50,0,50,900,4,30,1,241,unknown,SteingroverInPrep,2
24030,50,0,50,950,4,31,1,241,unknown,SteingroverInPrep,2
24031,50,-50,0,950,3,32,1,241,unknown,SteingroverInPrep,2
24032,50,-50,0,950,3,33,1,241,unknown,SteingroverInPrep,2
24033,100,0,100,1050,1,34,1,241,unknown,SteingroverInPrep,2
24034,100,-250,-150,900,1,35,1,241,unknown,SteingroverInPrep,2
24035,100,0,100,1000,2,36,1,241,unknown,SteingroverInPrep,2
24036,100,0,100,1100,2,37,1,241,unknown,SteingroverInPrep,2
24037,100,0,100,1200,2,38,1,241,unknown,SteingroverInPrep,2
24038,50,0,50,1250,4,39,1,241,unknown,SteingroverInPrep,2
24039,50,0,50,1300,4,40,1,241,unknown,SteingroverInPrep,2
24040,50,0,50,1350,3,41,1,241,unknown,SteingroverInPrep,2
24041,50,-50,0,1350,3,42,1,241,unknown,SteingroverInPrep,2
24042,100,0,100,1450,2,43,1,241,unknown,SteingroverInPrep,2
24043,100,0,100,1550,2,44,1,241,unknown,SteingroverInPrep,2
24044,100,-200,-100,1450,1,45,1,241,unknown,SteingroverInPrep,2
24045,100,0,100,1550,1,46,1,241,unknown,SteingroverInPrep,2
24046,100,-150,-50,1500,1,47,1,241,unknown,SteingroverInPrep,2
24047,100,0,100,1600,2,48,1,241,unknown,SteingroverInPrep,2
24048,100,0,100,1700,2,49,1,241,unknown,SteingroverInPrep,2
24049,50,0,50,1750,4,50,1,241,unknown,SteingroverInPrep,2
24050,50,0,50,1800,4,51,1,241,unknown,SteingroverInPrep,2
24051,50,0,50,1850,4,52,1,241,unknown,SteingroverInPrep,2
24052,100,0,100,1950,2,53,1,241,unknown,SteingroverInPrep,2
24053,100,0,100,2050,2,54,1,241,unknown,SteingroverInPrep,2
24054,100,0,100,2150,1,55,1,241,unknown,SteingroverInPrep,2
24055,100,0,100,2250,2,56,1,241,unknown,SteingroverInPrep,2
24056,100,0,100,2350,2,57,1,241,unknown,SteingroverInPrep,2
24057,50,0,50,2400,4,58,1,241,unknown,SteingroverInPrep,2
24058,50,-250,-200,2200,4,59,1,241,unknown,SteingroverInPrep,2
24059,100,-1250,-1150,1050,2,60,1,241,unknown,SteingroverInPrep,2
24060,100,0,100,1150,2,61,1,241,unknown,SteingroverInPrep,2
24061,100,0,100,1250,2,62,1,241,unknown,SteingroverInPrep,2
24062,100,0,100,1350,2,63,1,241,unknown,SteingroverInPrep,2
24063,100,0,100,1450,2,64,1,241,unknown,SteingroverInPrep,2
24064,100,0,100,1550,2,65,1,241,unknown,SteingroverInPrep,2
24065,100,0,100,1650,2,66,1,241,unknown,SteingroverInPrep,2
24066,50,0,50,1700,4,67,1,241,unknown,SteingroverInPrep,2
24067,50,0,50,1750,4,68,1,241,unknown,SteingroverInPrep,2
24068,50,0,50,1800,4,69,1,241,unknown,SteingroverInPrep,2
24069,50,0,50,1850,4,70,1,241,unknown,SteingroverInPrep,2
24070,100,0,100,1950,1,71,1,241,unknown,SteingroverInPrep,2
24071,100,0,100,2050,1,72,1,241,unknown,SteingroverInPrep,2
24072,100,0,100,2150,2,73,1,241,unknown,SteingroverInPrep,2
24073,100,0,100,2250,2,74,1,241,unknown,SteingroverInPrep,2
24074,50,0,50,2300,4,75,1,241,unknown,SteingroverInPrep,2
24075,50,0,50,2350,4,76,1,241,unknown,SteingroverInPrep,2
24076,50,0,50,2400,3,77,1,241,unknown,SteingroverInPrep,2
24077,50,-50,0,2400,3,78,1,241,unknown,SteingroverInPrep,2
24078,50,0,50,2450,3,79,1,241,unknown,SteingroverInPrep,2
24079,50,0,50,2500,3,80,1,241,unknown,SteingroverInPrep,2
24080,50,-50,0,2500,3,81,1,241,unknown,SteingroverInPrep,2
24081,50,0,50,2550,3,82,1,241,unknown,SteingroverInPrep,2
24082,50,0,50,2600,3,83,1,241,unknown,SteingroverInPrep,2
24083,50,-50,0,2600,3,84,1,241,unknown,SteingroverInPrep,2
24084,50,-50,0,2600,3,85,1,241,unknown,SteingroverInPrep,2
24085,50,-50,0,2600,3,86,1,241,unknown,SteingroverInPrep,2
24086,50,0,50,2650,3,87,1,241,unknown,SteingroverInPrep,2
24087,50,-50,0,2650,3,88,1,241,unknown,SteingroverInPrep,2
24088,100,-1250,-1150,1500,2,89,1,241,unknown,SteingroverInPrep,2
24089,100,0,100,1600,2,90,1,241,unknown,SteingroverInPrep,2
24090,100,0,100,1700,2,91,1,241,unknown,SteingroverInPrep,2
24091,100,0,100,1800,2,92,1,241,unknown,SteingroverInPrep,2
24092,100,0,100,1900,2,93,1,241,unknown,SteingroverInPrep,2
24093,100,0,100,2000,2,94,1,241,unknown,SteingroverInPrep,2
24094,100,0,100,2100,2,95,1,241,unknown,SteingroverInPrep,2
24095,100,0,100,2200,2,96,1,241,unknown,SteingroverInPrep,2
24096,100,0,100,2300,2,97,1,241,unknown,SteingroverInPrep,2
24097,50,-50,0,2300,3,98,1,241,unknown,SteingroverInPrep,2
24098,50,-50,0,2300,3,99,1,241,unknown,SteingroverInPrep,2
24099,50,-50,0,2300,3,100,1,241,unknown,SteingroverInPrep,2
24100,100,0,100,2100,1,1,1,242,unknown,SteingroverInPrep,2
24101,50,0,50,2150,4,2,1,242,unknown,SteingroverInPrep,2
24102,100,-350,-250,1900,1,3,1,242,unknown,SteingroverInPrep,2
24103,50,0,50,1950,3,4,1,242,unknown,SteingroverInPrep,2
24104,100,0,100,2050,2,5,1,242,unknown,SteingroverInPrep,2
24105,100,0,100,2150,1,6,1,242,unknown,SteingroverInPrep,2
24106,50,0,50,2200,4,7,1,242,unknown,SteingroverInPrep,2
24107,100,0,100,2300,2,8,1,242,unknown,SteingroverInPrep,2
24108,50,0,50,2350,3,9,1,242,unknown,SteingroverInPrep,2
24109,100,-150,-50,2300,1,10,1,242,unknown,SteingroverInPrep,2
24110,50,0,50,2350,4,11,1,242,unknown,SteingroverInPrep,2
24111,100,0,100,2450,2,12,1,242,unknown,SteingroverInPrep,2
24112,50,-50,0,2450,3,13,1,242,unknown,SteingroverInPrep,2
24113,100,0,100,2550,1,14,1,242,unknown,SteingroverInPrep,2
24114,50,0,50,2600,4,15,1,242,unknown,SteingroverInPrep,2
24115,100,0,100,2700,2,16,1,242,unknown,SteingroverInPrep,2
24116,50,-50,0,2700,3,17,1,242,unknown,SteingroverInPrep,2
24117,100,0,100,2800,1,18,1,242,unknown,SteingroverInPrep,2
24118,50,0,50,2850,4,19,1,242,unknown,SteingroverInPrep,2
24119,100,0,100,2950,2,20,1,242,unknown,SteingroverInPrep,2
24120,50,-50,0,2950,3,21,1,242,unknown,SteingroverInPrep,2
24121,100,-300,-200,2750,1,22,1,242,unknown,SteingroverInPrep,2
24122,50,0,50,2800,4,23,1,242,unknown,SteingroverInPrep,2
24123,100,0,100,2900,2,24,1,242,unknown,SteingroverInPrep,2
24124,50,-50,0,2900,3,25,1,242,unknown,SteingroverInPrep,2
24125,50,0,50,2950,4,26,1,242,unknown,SteingroverInPrep,2
24126,100,-200,-100,2850,1,27,1,242,unknown,SteingroverInPrep,2
24127,50,0,50,2900,3,28,1,242,unknown,SteingroverInPrep,2
24128,100,0,100,3000,2,29,1,242,unknown,SteingroverInPrep,2
24129,50,0,50,3050,4,30,1,242,unknown,SteingroverInPrep,2
24130,100,-250,-150,2900,1,31,1,242,unknown,SteingroverInPrep,2
24131,100,0,100,3000,2,32,1,242,unknown,SteingroverInPrep,2
24132,50,-250,-200,2800,4,33,1,242,unknown,SteingroverInPrep,2
24133,50,-50,0,2800,3,34,1,242,unknown,SteingroverInPrep,2
24134,100,0,100,2900,1,35,1,242,unknown,SteingroverInPrep,2
24135,50,0,50,2950,4,36,1,242,unknown,SteingroverInPrep,2
24136,100,0,100,3050,2,37,1,242,unknown,SteingroverInPrep,2
24137,50,0,50,3100,3,38,1,242,unknown,SteingroverInPrep,2
24138,100,0,100,3200,1,39,1,242,unknown,SteingroverInPrep,2
24139,50,0,50,3250,4,40,1,242,unknown,SteingroverInPrep,2
24140,100,-1250,-1150,2100,2,41,1,242,unknown,SteingroverInPrep,2
24141,50,0,50,2150,3,42,1,242,unknown,SteingroverInPrep,2
24142,100,-300,-200,1950,1,43,1,242,unknown,SteingroverInPrep,2
24143,50,0,50,2000,4,44,1,242,unknown,SteingroverInPrep,2
24144,100,0,100,2100,2,45,1,242,unknown,SteingroverInPrep,2
24145,50,-50,0,2100,3,46,1,242,unknown,SteingroverInPrep,2
24146,100,-200,-100,2000,1,47,1,242,unknown,SteingroverInPrep,2
24147,50,0,50,2050,4,48,1,242,unknown,SteingroverInPrep,2
24148,100,0,100,2150,2,49,1,242,unknown,SteingroverInPrep,2
24149,50,-50,0,2150,3,50,1,242,unknown,SteingroverInPrep,2
24150,100,0,100,2250,1,51,1,242,unknown,SteingroverInPrep,2
24151,50,0,50,2300,4,52,1,242,unknown,SteingroverInPrep,2
24152,100,0,100,2400,2,53,1,242,unknown,SteingroverInPrep,2
24153,50,0,50,2450,3,54,1,242,unknown,SteingroverInPrep,2
24154,100,0,100,2550,1,55,1,242,unknown,SteingroverInPrep,2
24155,50,0,50,2600,4,56,1,242,unknown,SteingroverInPrep,2
24156,100,0,100,2700,2,57,1,242,unknown,SteingroverInPrep,2
24157,50,0,50,2750,3,58,1,242,unknown,SteingroverInPrep,2
24158,100,-250,-150,2600,1,59,1,242,unknown,SteingroverInPrep,2
24159,50,0,50,2650,4,60,1,242,unknown,SteingroverInPrep,2
24160,100,0,100,2750,2,61,1,242,unknown,SteingroverInPrep,2
24161,50,0,50,2800,3,62,1,242,unknown,SteingroverInPrep,2
24162,100,0,100,2900,1,63,1,242,unknown,SteingroverInPrep,2
24163,50,0,50,2950,4,64,1,242,unknown,SteingroverInPrep,2
24164,100,-1250,-1150,1800,2,65,1,242,unknown,SteingroverInPrep,2
24165,50,-50,0,1800,3,66,1,242,unknown,SteingroverInPrep,2
24166,100,-150,-50,1750,1,67,1,242,unknown,SteingroverInPrep,2
24167,50,0,50,1800,4,68,1,242,unknown,SteingroverInPrep,2
24168,100,0,100,1900,2,69,1,242,unknown,SteingroverInPrep,2
24169,50,-50,0,1900,3,70,1,242,unknown,SteingroverInPrep,2
24170,100,-350,-250,1650,1,71,1,242,unknown,SteingroverInPrep,2
24171,50,0,50,1700,4,72,1,242,unknown,SteingroverInPrep,2
24172,100,0,100,1800,2,73,1,242,unknown,SteingroverInPrep,2
24173,50,-50,0,1800,3,74,1,242,unknown,SteingroverInPrep,2
24174,100,0,100,1900,1,75,1,242,unknown,SteingroverInPrep,2
24175,50,-250,-200,1700,4,76,1,242,unknown,SteingroverInPrep,2
24176,100,0,100,1800,2,77,1,242,unknown,SteingroverInPrep,2
24177,50,0,50,1850,3,78,1,242,unknown,SteingroverInPrep,2
24178,100,-150,-50,1800,1,79,1,242,unknown,SteingroverInPrep,2
24179,50,0,50,1850,4,80,1,242,unknown,SteingroverInPrep,2
24180,100,0,100,1950,2,81,1,242,unknown,SteingroverInPrep,2
24181,50,0,50,2000,3,82,1,242,unknown,SteingroverInPrep,2
24182,100,0,100,2100,1,83,1,242,unknown,SteingroverInPrep,2
24183,50,0,50,2150,4,84,1,242,unknown,SteingroverInPrep,2
24184,100,0,100,2250,2,85,1,242,unknown,SteingroverInPrep,2
24185,50,-50,0,2250,3,86,1,242,unknown,SteingroverInPrep,2
24186,50,0,50,2300,4,87,1,242,unknown,SteingroverInPrep,2
24187,100,0,100,2400,2,88,1,242,unknown,SteingroverInPrep,2
24188,50,-50,0,2400,3,89,1,242,unknown,SteingroverInPrep,2
24189,100,0,100,2500,1,90,1,242,unknown,SteingroverInPrep,2
24190,50,0,50,2550,4,91,1,242,unknown,SteingroverInPrep,2
24191,100,-1250,-1150,1400,2,92,1,242,unknown,SteingroverInPrep,2
24192,50,-50,0,1400,3,93,1,242,unknown,SteingroverInPrep,2
24193,100,-250,-150,1250,1,94,1,242,unknown,SteingroverInPrep,2
24194,50,0,50,1300,4,95,1,242,unknown,SteingroverInPrep,2
24195,100,0,100,1400,2,96,1,242,unknown,SteingroverInPrep,2
24196,50,0,50,1450,3,97,1,242,unknown,SteingroverInPrep,2
24197,100,0,100,1550,1,98,1,242,unknown,SteingroverInPrep,2
24198,50,0,50,1600,4,99,1,242,unknown,SteingroverInPrep,2
24199,100,0,100,1700,2,100,1,242,unknown,SteingroverInPrep,2
24200,100,0,100,2100,2,1,1,243,unknown,SteingroverInPrep,2
24201,50,-250,-200,1900,4,2,1,243,unknown,SteingroverInPrep,2
24202,50,-50,0,1900,3,3,1,243,unknown,SteingroverInPrep,2
24203,100,0,100,2000,1,4,1,243,unknown,SteingroverInPrep,2
24204,50,-50,0,2000,3,5,1,243,unknown,SteingroverInPrep,2
24205,100,0,100,2100,2,6,1,243,unknown,SteingroverInPrep,2
24206,100,0,100,2200,2,7,1,243,unknown,SteingroverInPrep,2
24207,100,0,100,2300,2,8,1,243,unknown,SteingroverInPrep,2
24208,100,0,100,2400,2,9,1,243,unknown,SteingroverInPrep,2
24209,100,0,100,2500,2,10,1,243,unknown,SteingroverInPrep,2
24210,100,0,100,2600,2,11,1,243,unknown,SteingroverInPrep,2
24211,100,0,100,2700,2,12,1,243,unknown,SteingroverInPrep,2
24212,100,0,100,2800,2,13,1,243,unknown,SteingroverInPrep,2
24213,100,-1250,-1150,1650,2,14,1,243,unknown,SteingroverInPrep,2
24214,100,0,100,1750,2,15,1,243,unknown,SteingroverInPrep,2
24215,100,0,100,1850,2,16,1,243,unknown,SteingroverInPrep,2
24216,100,0,100,1950,2,17,1,243,unknown,SteingroverInPrep,2
24217,100,0,100,2050,2,18,1,243,unknown,SteingroverInPrep,2
24218,100,0,100,2150,2,19,1,243,unknown,SteingroverInPrep,2
24219,50,0,50,2200,3,20,1,243,unknown,SteingroverInPrep,2
24220,100,-1250,-1150,1050,2,21,1,243,unknown,SteingroverInPrep,2
24221,50,0,50,1100,4,22,1,243,unknown,SteingroverInPrep,2
24222,50,-50,0,1100,3,23,1,243,unknown,SteingroverInPrep,2
24223,100,0,100,1200,2,24,1,243,unknown,SteingroverInPrep,2
24224,100,-150,-50,1150,1,25,1,243,unknown,SteingroverInPrep,2
24225,100,0,100,1250,2,26,1,243,unknown,SteingroverInPrep,2
24226,100,0,100,1350,2,27,1,243,unknown,SteingroverInPrep,2
24227,100,0,100,1450,2,28,1,243,unknown,SteingroverInPrep,2
24228,100,0,100,1550,2,29,1,243,unknown,SteingroverInPrep,2
24229,50,0,50,1600,3,30,1,243,unknown,SteingroverInPrep,2
24230,100,-1250,-1150,450,2,31,1,243,unknown,SteingroverInPrep,2
24231,100,0,100,550,2,32,1,243,unknown,SteingroverInPrep,2
24232,100,0,100,650,2,33,1,243,unknown,SteingroverInPrep,2
24233,100,0,100,750,2,34,1,243,unknown,SteingroverInPrep,2
24234,50,0,50,800,4,35,1,243,unknown,SteingroverInPrep,2
24235,50,-50,0,800,3,36,1,243,unknown,SteingroverInPrep,2
24236,100,-200,-100,700,1,37,1,243,unknown,SteingroverInPrep,2
24237,100,0,100,800,2,38,1,243,unknown,SteingroverInPrep,2
24238,100,0,100,900,2,39,1,243,unknown,SteingroverInPrep,2
24239,100,0,100,1000,2,40,1,243,unknown,SteingroverInPrep,2
24240,100,0,100,1100,2,41,1,243,unknown,SteingroverInPrep,2
24241,50,-50,0,1100,3,42,1,243,unknown,SteingroverInPrep,2
24242,100,0,100,1200,2,43,1,243,unknown,SteingroverInPrep,2
24243,100,0,100,1300,2,44,1,243,unknown,SteingroverInPrep,2
24244,50,0,50,1350,3,45,1,243,unknown,SteingroverInPrep,2
24245,50,0,50,1400,4,46,1,243,unknown,SteingroverInPrep,2
24246,100,0,100,1500,2,47,1,243,unknown,SteingroverInPrep,2
24247,50,0,50,1550,3,48,1,243,unknown,SteingroverInPrep,2
24248,100,0,100,1650,2,49,1,243,unknown,SteingroverInPrep,2
24249,50,0,50,1700,3,50,1,243,unknown,SteingroverInPrep,2
24250,50,0,50,1750,4,51,1,243,unknown,SteingroverInPrep,2
24251,100,-1250,-1150,600,2,52,1,243,unknown,SteingroverInPrep,2
24252,50,-50,0,600,3,53,1,243,unknown,SteingroverInPrep,2
24253,100,0,100,700,2,54,1,243,unknown,SteingroverInPrep,2
24254,100,0,100,800,2,55,1,243,unknown,SteingroverInPrep,2
24255,100,0,100,900,2,56,1,243,unknown,SteingroverInPrep,2
24256,100,0,100,1000,2,57,1,243,unknown,SteingroverInPrep,2
24257,50,0,50,1050,4,58,1,243,unknown,SteingroverInPrep,2
24258,50,-50,0,1050,3,59,1,243,unknown,SteingroverInPrep,2
24259,100,0,100,1150,1,60,1,243,unknown,SteingroverInPrep,2
24260,100,0,100,1250,2,61,1,243,unknown,SteingroverInPrep,2
24261,100,-300,-200,1050,1,62,1,243,unknown,SteingroverInPrep,2
24262,50,-50,0,1050,3,63,1,243,unknown,SteingroverInPrep,2
24263,50,0,50,1100,4,64,1,243,unknown,SteingroverInPrep,2
24264,50,0,50,1150,3,65,1,243,unknown,SteingroverInPrep,2
24265,100,0,100,1250,2,66,1,243,unknown,SteingroverInPrep,2
24266,100,-350,-250,1000,1,67,1,243,unknown,SteingroverInPrep,2
24267,100,0,100,1100,2,68,1,243,unknown,SteingroverInPrep,2
24268,50,-50,0,1100,3,69,1,243,unknown,SteingroverInPrep,2
24269,50,0,50,1150,4,70,1,243,unknown,SteingroverInPrep,2
24270,50,0,50,1200,3,71,1,243,unknown,SteingroverInPrep,2
24271,100,0,100,1300,2,72,1,243,unknown,SteingroverInPrep,2
24272,100,0,100,1400,2,73,1,243,unknown,SteingroverInPrep,2
24273,50,0,50,1450,4,74,1,243,unknown,SteingroverInPrep,2
24274,50,-50,0,1450,3,75,1,243,unknown,SteingroverInPrep,2
24275,50,0,50,1500,4,76,1,243,unknown,SteingroverInPrep,2
24276,100,0,100,1600,2,77,1,243,unknown,SteingroverInPrep,2
24277,50,0,50,1650,4,78,1,243,unknown,SteingroverInPrep,2
24278,50,0,50,1700,4,79,1,243,unknown,SteingroverInPrep,2
24279,50,0,50,1750,3,80,1,243,unknown,SteingroverInPrep,2
24280,100,-250,-150,1600,1,81,1,243,unknown,SteingroverInPrep,2
24281,100,-1250,-1150,450,2,82,1,243,unknown,SteingroverInPrep,2
24282,50,0,50,500,3,83,1,243,unknown,SteingroverInPrep,2
24283,50,0,50,550,4,84,1,243,unknown,SteingroverInPrep,2
24284,100,0,100,650,2,85,1,243,unknown,SteingroverInPrep,2
24285,100,0,100,750,2,86,1,243,unknown,SteingroverInPrep,2
24286,50,0,50,800,3,87,1,243,unknown,SteingroverInPrep,2
24287,50,-250,-200,600,4,88,1,243,unknown,SteingroverInPrep,2
24288,50,0,50,650,3,89,1,243,unknown,SteingroverInPrep,2
24289,100,0,100,750,2,90,1,243,unknown,SteingroverInPrep,2
24290,100,0,100,850,2,91,1,243,unknown,SteingroverInPrep,2
24291,100,0,100,950,2,92,1,243,unknown,SteingroverInPrep,2
24292,50,0,50,1000,3,93,1,243,unknown,SteingroverInPrep,2
24293,50,0,50,1050,4,94,1,243,unknown,SteingroverInPrep,2
24294,50,0,50,1100,3,95,1,243,unknown,SteingroverInPrep,2
24295,50,0,50,1150,4,96,1,243,unknown,SteingroverInPrep,2
24296,100,0,100,1250,1,97,1,243,unknown,SteingroverInPrep,2
24297,50,0,50,1300,4,98,1,243,unknown,SteingroverInPrep,2
24298,50,-50,0,1300,3,99,1,243,unknown,SteingroverInPrep,2
24299,50,0,50,1350,4,100,1,243,unknown,SteingroverInPrep,2
24300,100,0,100,2100,2,1,1,244,unknown,SteingroverInPrep,2
24301,50,0,50,2150,4,2,1,244,unknown,SteingroverInPrep,2
24302,100,0,100,2250,1,3,1,244,unknown,SteingroverInPrep,2
24303,100,-250,-150,2100,1,4,1,244,unknown,SteingroverInPrep,2
24304,100,-1250,-1150,950,2,5,1,244,unknown,SteingroverInPrep,2
24305,100,0,100,1050,2,6,1,244,unknown,SteingroverInPrep,2
24306,100,0,100,1150,2,7,1,244,unknown,SteingroverInPrep,2
24307,100,0,100,1250,2,8,1,244,unknown,SteingroverInPrep,2
24308,100,0,100,1350,2,9,1,244,unknown,SteingroverInPrep,2
24309,100,0,100,1450,2,10,1,244,unknown,SteingroverInPrep,2
24310,100,0,100,1550,2,11,1,244,unknown,SteingroverInPrep,2
24311,100,0,100,1650,2,12,1,244,unknown,SteingroverInPrep,2
24312,100,0,100,1750,2,13,1,244,unknown,SteingroverInPrep,2
24313,100,0,100,1850,2,14,1,244,unknown,SteingroverInPrep,2
24314,100,0,100,1950,2,15,1,244,unknown,SteingroverInPrep,2
24315,100,0,100,2050,2,16,1,244,unknown,SteingroverInPrep,2
24316,100,0,100,2150,2,17,1,244,unknown,SteingroverInPrep,2
24317,100,0,100,2250,2,18,1,244,unknown,SteingroverInPrep,2
24318,100,0,100,2350,2,19,1,244,unknown,SteingroverInPrep,2
24319,100,0,100,2450,2,20,1,244,unknown,SteingroverInPrep,2
24320,100,0,100,2550,2,21,1,244,unknown,SteingroverInPrep,2
24321,100,0,100,2650,2,22,1,244,unknown,SteingroverInPrep,2
24322,100,-1250,-1150,1500,2,23,1,244,unknown,SteingroverInPrep,2
24323,100,0,100,1600,1,24,1,244,unknown,SteingroverInPrep,2
24324,100,-300,-200,1400,1,25,1,244,unknown,SteingroverInPrep,2
24325,50,0,50,1450,3,26,1,244,unknown,SteingroverInPrep,2
24326,50,0,50,1500,4,27,1,244,unknown,SteingroverInPrep,2
24327,50,0,50,1550,3,28,1,244,unknown,SteingroverInPrep,2
24328,50,0,50,1600,4,29,1,244,unknown,SteingroverInPrep,2
24329,50,0,50,1650,3,30,1,244,unknown,SteingroverInPrep,2
24330,50,0,50,1700,4,31,1,244,unknown,SteingroverInPrep,2
24331,100,0,100,1800,2,32,1,244,unknown,SteingroverInPrep,2
24332,100,0,100,1900,2,33,1,244,unknown,SteingroverInPrep,2
24333,100,0,100,2000,2,34,1,244,unknown,SteingroverInPrep,2
24334,100,0,100,2100,2,35,1,244,unknown,SteingroverInPrep,2
24335,100,0,100,2200,2,36,1,244,unknown,SteingroverInPrep,2
24336,100,0,100,2300,2,37,1,244,unknown,SteingroverInPrep,2
24337,100,0,100,2400,2,38,1,244,unknown,SteingroverInPrep,2
24338,100,0,100,2500,2,39,1,244,unknown,SteingroverInPrep,2
24339,100,0,100,2600,2,40,1,244,unknown,SteingroverInPrep,2
24340,100,-1250,-1150,1450,2,41,1,244,unknown,SteingroverInPrep,2
24341,100,0,100,1550,2,42,1,244,unknown,SteingroverInPrep,2
24342,100,0,100,1650,2,43,1,244,unknown,SteingroverInPrep,2
24343,100,0,100,1750,2,44,1,244,unknown,SteingroverInPrep,2
24344,100,0,100,1850,2,45,1,244,unknown,SteingroverInPrep,2
24345,100,0,100,1950,2,46,1,244,unknown,SteingroverInPrep,2
24346,100,0,100,2050,2,47,1,244,unknown,SteingroverInPrep,2
24347,100,0,100,2150,2,48,1,244,unknown,SteingroverInPrep,2
24348,100,-1250,-1150,1000,2,49,1,244,unknown,SteingroverInPrep,2
24349,100,0,100,1100,2,50,1,244,unknown,SteingroverInPrep,2
24350,100,0,100,1200,2,51,1,244,unknown,SteingroverInPrep,2
24351,100,0,100,1300,2,52,1,244,unknown,SteingroverInPrep,2
24352,100,0,100,1400,2,53,1,244,unknown,SteingroverInPrep,2
24353,100,0,100,1500,2,54,1,244,unknown,SteingroverInPrep,2
24354,100,0,100,1600,2,55,1,244,unknown,SteingroverInPrep,2
24355,50,-50,0,1600,3,56,1,244,unknown,SteingroverInPrep,2
24356,100,0,100,1700,2,57,1,244,unknown,SteingroverInPrep,2
24357,100,0,100,1800,2,58,1,244,unknown,SteingroverInPrep,2
24358,100,0,100,1900,2,59,1,244,unknown,SteingroverInPrep,2
24359,100,0,100,2000,2,60,1,244,unknown,SteingroverInPrep,2
24360,100,0,100,2100,2,61,1,244,unknown,SteingroverInPrep,2
24361,100,-1250,-1150,950,2,62,1,244,unknown,SteingroverInPrep,2
24362,100,0,100,1050,2,63,1,244,unknown,SteingroverInPrep,2
24363,100,0,100,1150,2,64,1,244,unknown,SteingroverInPrep,2
24364,100,0,100,1250,2,65,1,244,unknown,SteingroverInPrep,2
24365,100,0,100,1350,2,66,1,244,unknown,SteingroverInPrep,2
24366,100,0,100,1450,2,67,1,244,unknown,SteingroverInPrep,2
24367,100,-1250,-1150,300,2,68,1,244,unknown,SteingroverInPrep,2
24368,100,0,100,400,2,69,1,244,unknown,SteingroverInPrep,2
24369,100,0,100,500,2,70,1,244,unknown,SteingroverInPrep,2
24370,100,0,100,600,2,71,1,244,unknown,SteingroverInPrep,2
24371,100,0,100,700,2,72,1,244,unknown,SteingroverInPrep,2
24372,100,0,100,800,2,73,1,244,unknown,SteingroverInPrep,2
24373,50,-50,0,800,3,74,1,244,unknown,SteingroverInPrep,2
24374,100,0,100,900,2,75,1,244,unknown,SteingroverInPrep,2
24375,100,0,100,1000,2,76,1,244,unknown,SteingroverInPrep,2
24376,100,0,100,1100,2,77,1,244,unknown,SteingroverInPrep,2
24377,100,0,100,1200,2,78,1,244,unknown,SteingroverInPrep,2
24378,100,0,100,1300,2,79,1,244,unknown,SteingroverInPrep,2
24379,50,0,50,1350,3,80,1,244,unknown,SteingroverInPrep,2
24380,100,0,100,1450,2,81,1,244,unknown,SteingroverInPrep,2
24381,100,0,100,1550,2,82,1,244,unknown,SteingroverInPrep,2
24382,100,0,100,1650,2,83,1,244,unknown,SteingroverInPrep,2
24383,100,-1250,-1150,500,2,84,1,244,unknown,SteingroverInPrep,2
24384,50,0,50,550,3,85,1,244,unknown,SteingroverInPrep,2
24385,50,-50,0,550,3,86,1,244,unknown,SteingroverInPrep,2
24386,100,0,100,650,2,87,1,244,unknown,SteingroverInPrep,2
24387,100,0,100,750,2,88,1,244,unknown,SteingroverInPrep,2
24388,50,0,50,800,4,89,1,244,unknown,SteingroverInPrep,2
24389,100,0,100,900,1,90,1,244,unknown,SteingroverInPrep,2
24390,100,0,100,1000,1,91,1,244,unknown,SteingroverInPrep,2
24391,100,0,100,1100,2,92,1,244,unknown,SteingroverInPrep,2
24392,100,-150,-50,1050,1,93,1,244,unknown,SteingroverInPrep,2
24393,100,0,100,1150,2,94,1,244,unknown,SteingroverInPrep,2
24394,100,0,100,1250,2,95,1,244,unknown,SteingroverInPrep,2
24395,50,-50,0,1250,3,96,1,244,unknown,SteingroverInPrep,2
24396,100,-1250,-1150,100,2,97,1,244,unknown,SteingroverInPrep,2
24397,100,0,100,200,2,98,1,244,unknown,SteingroverInPrep,2
24398,100,0,100,300,2,99,1,244,unknown,SteingroverInPrep,2
24399,100,0,100,400,2,100,1,244,unknown,SteingroverInPrep,2
24400,100,0,100,2100,1,1,1,245,unknown,SteingroverInPrep,2
24401,100,-200,-100,2000,1,2,1,245,unknown,SteingroverInPrep,2
24402,100,-1250,-1150,850,2,3,1,245,unknown,SteingroverInPrep,2
24403,50,-50,0,850,3,4,1,245,unknown,SteingroverInPrep,2
24404,50,0,50,900,4,5,1,245,unknown,SteingroverInPrep,2
24405,50,0,50,950,4,6,1,245,unknown,SteingroverInPrep,2
24406,50,0,50,1000,4,7,1,245,unknown,SteingroverInPrep,2
24407,50,-250,-200,800,4,8,1,245,unknown,SteingroverInPrep,2
24408,50,0,50,850,4,9,1,245,unknown,SteingroverInPrep,2
24409,50,0,50,900,4,10,1,245,unknown,SteingroverInPrep,2
24410,100,-350,-250,650,1,11,1,245,unknown,SteingroverInPrep,2
24411,50,0,50,700,4,12,1,245,unknown,SteingroverInPrep,2
24412,50,0,50,750,4,13,1,245,unknown,SteingroverInPrep,2
24413,100,0,100,850,2,14,1,245,unknown,SteingroverInPrep,2
24414,50,0,50,900,4,15,1,245,unknown,SteingroverInPrep,2
24415,50,0,50,950,4,16,1,245,unknown,SteingroverInPrep,2
24416,100,0,100,1050,2,17,1,245,unknown,SteingroverInPrep,2
24417,50,-250,-200,850,4,18,1,245,unknown,SteingroverInPrep,2
24418,100,0,100,950,2,19,1,245,unknown,SteingroverInPrep,2
24419,100,0,100,1050,2,20,1,245,unknown,SteingroverInPrep,2
24420,50,0,50,1100,4,21,1,245,unknown,SteingroverInPrep,2
24421,50,0,50,1150,4,22,1,245,unknown,SteingroverInPrep,2
24422,100,0,100,1250,2,23,1,245,unknown,SteingroverInPrep,2
24423,100,0,100,1350,2,24,1,245,unknown,SteingroverInPrep,2
24424,50,0,50,1400,4,25,1,245,unknown,SteingroverInPrep,2
24425,100,0,100,1500,2,26,1,245,unknown,SteingroverInPrep,2
24426,100,0,100,1600,2,27,1,245,unknown,SteingroverInPrep,2
24427,50,0,50,1650,4,28,1,245,unknown,SteingroverInPrep,2
24428,50,0,50,1700,4,29,1,245,unknown,SteingroverInPrep,2
24429,100,0,100,1800,2,30,1,245,unknown,SteingroverInPrep,2
24430,100,0,100,1900,2,31,1,245,unknown,SteingroverInPrep,2
24431,50,0,50,1950,4,32,1,245,unknown,SteingroverInPrep,2
24432,100,0,100,2050,2,33,1,245,unknown,SteingroverInPrep,2
24433,100,0,100,2150,2,34,1,245,unknown,SteingroverInPrep,2
24434,50,0,50,2200,4,35,1,245,unknown,SteingroverInPrep,2
24435,50,0,50,2250,4,36,1,245,unknown,SteingroverInPrep,2
24436,100,0,100,2350,2,37,1,245,unknown,SteingroverInPrep,2
24437,100,0,100,2450,2,38,1,245,unknown,SteingroverInPrep,2
24438,50,0,50,2500,4,39,1,245,unknown,SteingroverInPrep,2
24439,100,0,100,2600,2,40,1,245,unknown,SteingroverInPrep,2
24440,100,-1250,-1150,1450,2,41,1,245,unknown,SteingroverInPrep,2
24441,50,0,50,1500,4,42,1,245,unknown,SteingroverInPrep,2
24442,50,0,50,1550,4,43,1,245,unknown,SteingroverInPrep,2
24443,100,0,100,1650,2,44,1,245,unknown,SteingroverInPrep,2
24444,100,0,100,1750,2,45,1,245,unknown,SteingroverInPrep,2
24445,50,0,50,1800,4,46,1,245,unknown,SteingroverInPrep,2
24446,100,0,100,1900,2,47,1,245,unknown,SteingroverInPrep,2
24447,100,0,100,2000,2,48,1,245,unknown,SteingroverInPrep,2
24448,50,-250,-200,1800,4,49,1,245,unknown,SteingroverInPrep,2
24449,50,0,50,1850,4,50,1,245,unknown,SteingroverInPrep,2
24450,50,0,50,1900,4,51,1,245,unknown,SteingroverInPrep,2
24451,100,0,100,2000,2,52,1,245,unknown,SteingroverInPrep,2
24452,100,0,100,2100,2,53,1,245,unknown,SteingroverInPrep,2
24453,50,0,50,2150,4,54,1,245,unknown,SteingroverInPrep,2
24454,50,0,50,2200,4,55,1,245,unknown,SteingroverInPrep,2
24455,100,0,100,2300,1,56,1,245,unknown,SteingroverInPrep,2
24456,100,0,100,2400,2,57,1,245,unknown,SteingroverInPrep,2
24457,100,0,100,2500,2,58,1,245,unknown,SteingroverInPrep,2
24458,50,0,50,2550,4,59,1,245,unknown,SteingroverInPrep,2
24459,50,0,50,2600,4,60,1,245,unknown,SteingroverInPrep,2
24460,100,0,100,2700,2,61,1,245,unknown,SteingroverInPrep,2
24461,100,0,100,2800,2,62,1,245,unknown,SteingroverInPrep,2
24462,50,-250,-200,2600,4,63,1,245,unknown,SteingroverInPrep,2
24463,100,0,100,2700,1,64,1,245,unknown,SteingroverInPrep,2
24464,50,0,50,2750,4,65,1,245,unknown,SteingroverInPrep,2
24465,50,0,50,2800,4,66,1,245,unknown,SteingroverInPrep,2
24466,50,-50,0,2800,3,67,1,245,unknown,SteingroverInPrep,2
24467,50,0,50,2850,4,68,1,245,unknown,SteingroverInPrep,2
24468,50,0,50,2900,4,69,1,245,unknown,SteingroverInPrep,2
24469,100,0,100,3000,2,70,1,245,unknown,SteingroverInPrep,2
24470,50,0,50,3050,3,71,1,245,unknown,SteingroverInPrep,2
24471,50,0,50,3100,3,72,1,245,unknown,SteingroverInPrep,2
24472,50,0,50,3150,4,73,1,245,unknown,SteingroverInPrep,2
24473,50,0,50,3200,4,74,1,245,unknown,SteingroverInPrep,2
24474,100,0,100,3300,2,75,1,245,unknown,SteingroverInPrep,2
24475,100,-1250,-1150,2150,2,76,1,245,unknown,SteingroverInPrep,2
24476,50,0,50,2200,4,77,1,245,unknown,SteingroverInPrep,2
24477,50,0,50,2250,4,78,1,245,unknown,SteingroverInPrep,2
24478,50,0,50,2300,3,79,1,245,unknown,SteingroverInPrep,2
24479,50,0,50,2350,3,80,1,245,unknown,SteingroverInPrep,2
24480,100,0,100,2450,2,81,1,245,unknown,SteingroverInPrep,2
24481,100,0,100,2550,2,82,1,245,unknown,SteingroverInPrep,2
24482,50,0,50,2600,4,83,1,245,unknown,SteingroverInPrep,2
24483,100,0,100,2700,2,84,1,245,unknown,SteingroverInPrep,2
24484,100,0,100,2800,2,85,1,245,unknown,SteingroverInPrep,2
24485,50,0,50,2850,4,86,1,245,unknown,SteingroverInPrep,2
24486,50,0,50,2900,4,87,1,245,unknown,SteingroverInPrep,2
24487,100,-1250,-1150,1750,2,88,1,245,unknown,SteingroverInPrep,2
24488,50,0,50,1800,4,89,1,245,unknown,SteingroverInPrep,2
24489,50,0,50,1850,4,90,1,245,unknown,SteingroverInPrep,2
24490,100,0,100,1950,2,91,1,245,unknown,SteingroverInPrep,2
24491,100,0,100,2050,2,92,1,245,unknown,SteingroverInPrep,2
24492,100,0,100,2150,2,93,1,245,unknown,SteingroverInPrep,2
24493,100,0,100,2250,2,94,1,245,unknown,SteingroverInPrep,2
24494,50,0,50,2300,4,95,1,245,unknown,SteingroverInPrep,2
24495,50,0,50,2350,4,96,1,245,unknown,SteingroverInPrep,2
24496,50,-50,0,2350,3,97,1,245,unknown,SteingroverInPrep,2
24497,50,-50,0,2350,3,98,1,245,unknown,SteingroverInPrep,2
24498,100,0,100,2450,1,99,1,245,unknown,SteingroverInPrep,2
24499,100,0,100,2550,2,100,1,245,unknown,SteingroverInPrep,2
24500,100,0,100,2100,2,1,1,246,unknown,SteingroverInPrep,2
24501,100,-150,-50,2050,1,2,1,246,unknown,SteingroverInPrep,2
24502,50,0,50,2100,3,3,1,246,unknown,SteingroverInPrep,2
24503,50,0,50,2150,3,4,1,246,unknown,SteingroverInPrep,2
24504,50,-50,0,2150,3,5,1,246,unknown,SteingroverInPrep,2
24505,50,0,50,2200,4,6,1,246,unknown,SteingroverInPrep,2
24506,100,0,100,2300,2,7,1,246,unknown,SteingroverInPrep,2
24507,100,-350,-250,2050,1,8,1,246,unknown,SteingroverInPrep,2
24508,100,0,100,2150,2,9,1,246,unknown,SteingroverInPrep,2
24509,50,-50,0,2150,3,10,1,246,unknown,SteingroverInPrep,2
24510,50,0,50,2200,4,11,1,246,unknown,SteingroverInPrep,2
24511,50,0,50,2250,4,12,1,246,unknown,SteingroverInPrep,2
24512,50,0,50,2300,4,13,1,246,unknown,SteingroverInPrep,2
24513,100,0,100,2400,2,14,1,246,unknown,SteingroverInPrep,2
24514,100,0,100,2500,2,15,1,246,unknown,SteingroverInPrep,2
24515,100,0,100,2600,2,16,1,246,unknown,SteingroverInPrep,2
24516,100,0,100,2700,2,17,1,246,unknown,SteingroverInPrep,2
24517,100,0,100,2800,2,18,1,246,unknown,SteingroverInPrep,2
24518,100,0,100,2900,2,19,1,246,unknown,SteingroverInPrep,2
24519,100,-1250,-1150,1750,2,20,1,246,unknown,SteingroverInPrep,2
24520,50,0,50,1800,4,21,1,246,unknown,SteingroverInPrep,2
24521,50,0,50,1850,4,22,1,246,unknown,SteingroverInPrep,2
24522,50,-50,0,1850,3,23,1,246,unknown,SteingroverInPrep,2
24523,50,0,50,1900,4,24,1,246,unknown,SteingroverInPrep,2
24524,100,0,100,2000,2,25,1,246,unknown,SteingroverInPrep,2
24525,100,0,100,2100,2,26,1,246,unknown,SteingroverInPrep,2
24526,100,0,100,2200,2,27,1,246,unknown,SteingroverInPrep,2
24527,100,0,100,2300,2,28,1,246,unknown,SteingroverInPrep,2
24528,100,0,100,2400,2,29,1,246,unknown,SteingroverInPrep,2
24529,100,-1250,-1150,1250,2,30,1,246,unknown,SteingroverInPrep,2
24530,100,0,100,1350,2,31,1,246,unknown,SteingroverInPrep,2
24531,100,0,100,1450,2,32,1,246,unknown,SteingroverInPrep,2
24532,100,0,100,1550,2,33,1,246,unknown,SteingroverInPrep,2
24533,100,0,100,1650,2,34,1,246,unknown,SteingroverInPrep,2
24534,100,0,100,1750,2,35,1,246,unknown,SteingroverInPrep,2
24535,50,0,50,1800,4,36,1,246,unknown,SteingroverInPrep,2
24536,50,0,50,1850,3,37,1,246,unknown,SteingroverInPrep,2
24537,50,0,50,1900,3,38,1,246,unknown,SteingroverInPrep,2
24538,50,-50,0,1900,3,39,1,246,unknown,SteingroverInPrep,2
24539,50,0,50,1950,3,40,1,246,unknown,SteingroverInPrep,2
24540,50,-50,0,1950,3,41,1,246,unknown,SteingroverInPrep,2
24541,50,0,50,2000,3,42,1,246,unknown,SteingroverInPrep,2
24542,50,-50,0,2000,3,43,1,246,unknown,SteingroverInPrep,2
24543,50,-50,0,2000,3,44,1,246,unknown,SteingroverInPrep,2
24544,50,-50,0,2000,3,45,1,246,unknown,SteingroverInPrep,2
24545,50,-50,0,2000,3,46,1,246,unknown,SteingroverInPrep,2
24546,50,0,50,2050,3,47,1,246,unknown,SteingroverInPrep,2
24547,50,-50,0,2050,3,48,1,246,unknown,SteingroverInPrep,2
24548,50,-250,-200,1850,4,49,1,246,unknown,SteingroverInPrep,2
24549,100,0,100,1950,2,50,1,246,unknown,SteingroverInPrep,2
24550,50,0,50,2000,3,51,1,246,unknown,SteingroverInPrep,2
24551,50,0,50,2050,3,52,1,246,unknown,SteingroverInPrep,2
24552,50,0,50,2100,3,53,1,246,unknown,SteingroverInPrep,2
24553,50,0,50,2150,3,54,1,246,unknown,SteingroverInPrep,2
24554,50,-50,0,2150,3,55,1,246,unknown,SteingroverInPrep,2
24555,50,0,50,2200,3,56,1,246,unknown,SteingroverInPrep,2
24556,50,0,50,2250,3,57,1,246,unknown,SteingroverInPrep,2
24557,50,0,50,2300,4,58,1,246,unknown,SteingroverInPrep,2
24558,50,-50,0,2300,3,59,1,246,unknown,SteingroverInPrep,2
24559,50,0,50,2350,3,60,1,246,unknown,SteingroverInPrep,2
24560,100,0,100,2450,1,61,1,246,unknown,SteingroverInPrep,2
24561,100,0,100,2550,1,62,1,246,unknown,SteingroverInPrep,2
24562,100,-250,-150,2400,1,63,1,246,unknown,SteingroverInPrep,2
24563,100,0,100,2500,1,64,1,246,unknown,SteingroverInPrep,2
24564,100,0,100,2600,1,65,1,246,unknown,SteingroverInPrep,2
24565,100,0,100,2700,1,66,1,246,unknown,SteingroverInPrep,2
24566,100,-300,-200,2500,1,67,1,246,unknown,SteingroverInPrep,2
24567,100,-200,-100,2400,1,68,1,246,unknown,SteingroverInPrep,2
24568,100,-150,-50,2350,1,69,1,246,unknown,SteingroverInPrep,2
24569,100,0,100,2450,1,70,1,246,unknown,SteingroverInPrep,2
24570,50,-50,0,2450,3,71,1,246,unknown,SteingroverInPrep,2
24571,50,-50,0,2450,3,72,1,246,unknown,SteingroverInPrep,2
24572,50,0,50,2500,3,73,1,246,unknown,SteingroverInPrep,2
24573,100,-200,-100,2400,1,74,1,246,unknown,SteingroverInPrep,2
24574,50,-50,0,2400,3,75,1,246,unknown,SteingroverInPrep,2
24575,50,0,50,2450,3,76,1,246,unknown,SteingroverInPrep,2
24576,50,-50,0,2450,3,77,1,246,unknown,SteingroverInPrep,2
24577,50,0,50,2500,3,78,1,246,unknown,SteingroverInPrep,2
24578,50,0,50,2550,3,79,1,246,unknown,SteingroverInPrep,2
24579,50,0,50,2600,3,80,1,246,unknown,SteingroverInPrep,2
24580,50,-50,0,2600,3,81,1,246,unknown,SteingroverInPrep,2
24581,50,0,50,2650,3,82,1,246,unknown,SteingroverInPrep,2
24582,50,-50,0,2650,3,83,1,246,unknown,SteingroverInPrep,2
24583,50,-50,0,2650,3,84,1,246,unknown,SteingroverInPrep,2
24584,50,-50,0,2650,3,85,1,246,unknown,SteingroverInPrep,2
24585,50,0,50,2700,3,86,1,246,unknown,SteingroverInPrep,2
24586,50,0,50,2750,3,87,1,246,unknown,SteingroverInPrep,2
24587,50,0,50,2800,3,88,1,246,unknown,SteingroverInPrep,2
24588,50,-50,0,2800,3,89,1,246,unknown,SteingroverInPrep,2
24589,50,0,50,2850,3,90,1,246,unknown,SteingroverInPrep,2
24590,50,-50,0,2850,3,91,1,246,unknown,SteingroverInPrep,2
24591,50,-50,0,2850,3,92,1,246,unknown,SteingroverInPrep,2
24592,50,0,50,2900,3,93,1,246,unknown,SteingroverInPrep,2
24593,50,-50,0,2900,3,94,1,246,unknown,SteingroverInPrep,2
24594,50,-50,0,2900,3,95,1,246,unknown,SteingroverInPrep,2
24595,50,0,50,2950,3,96,1,246,unknown,SteingroverInPrep,2
24596,50,0,50,3000,4,97,1,246,unknown,SteingroverInPrep,2
24597,50,0,50,3050,4,98,1,246,unknown,SteingroverInPrep,2
24598,50,0,50,3100,4,99,1,246,unknown,SteingroverInPrep,2
24599,50,0,50,3150,4,100,1,246,unknown,SteingroverInPrep,2
24600,50,0,50,2050,3,1,1,247,unknown,SteingroverInPrep,2
24601,100,0,100,2150,2,2,1,247,unknown,SteingroverInPrep,2
24602,50,0,50,2200,3,3,1,247,unknown,SteingroverInPrep,2
24603,100,0,100,2300,2,4,1,247,unknown,SteingroverInPrep,2
24604,50,0,50,2350,3,5,1,247,unknown,SteingroverInPrep,2
24605,100,0,100,2450,2,6,1,247,unknown,SteingroverInPrep,2
24606,100,0,100,2550,2,7,1,247,unknown,SteingroverInPrep,2
24607,100,0,100,2650,2,8,1,247,unknown,SteingroverInPrep,2
24608,100,0,100,2750,1,9,1,247,unknown,SteingroverInPrep,2
24609,100,0,100,2850,2,10,1,247,unknown,SteingroverInPrep,2
24610,50,-250,-200,2650,4,11,1,247,unknown,SteingroverInPrep,2
24611,100,0,100,2750,2,12,1,247,unknown,SteingroverInPrep,2
24612,100,-1250,-1150,1600,2,13,1,247,unknown,SteingroverInPrep,2
24613,100,0,100,1700,2,14,1,247,unknown,SteingroverInPrep,2
24614,100,0,100,1800,2,15,1,247,unknown,SteingroverInPrep,2
24615,100,0,100,1900,2,16,1,247,unknown,SteingroverInPrep,2
24616,100,0,100,2000,2,17,1,247,unknown,SteingroverInPrep,2
24617,50,0,50,2050,3,18,1,247,unknown,SteingroverInPrep,2
24618,50,-50,0,2050,3,19,1,247,unknown,SteingroverInPrep,2
24619,50,-50,0,2050,3,20,1,247,unknown,SteingroverInPrep,2
24620,50,-50,0,2050,3,21,1,247,unknown,SteingroverInPrep,2
24621,100,0,100,2150,2,22,1,247,unknown,SteingroverInPrep,2
24622,100,0,100,2250,2,23,1,247,unknown,SteingroverInPrep,2
24623,100,0,100,2350,2,24,1,247,unknown,SteingroverInPrep,2
24624,100,-1250,-1150,1200,2,25,1,247,unknown,SteingroverInPrep,2
24625,100,0,100,1300,2,26,1,247,unknown,SteingroverInPrep,2
24626,100,0,100,1400,2,27,1,247,unknown,SteingroverInPrep,2
24627,100,0,100,1500,2,28,1,247,unknown,SteingroverInPrep,2
24628,100,0,100,1600,2,29,1,247,unknown,SteingroverInPrep,2
24629,100,0,100,1700,2,30,1,247,unknown,SteingroverInPrep,2
24630,100,-250,-150,1550,1,31,1,247,unknown,SteingroverInPrep,2
24631,100,-200,-100,1450,1,32,1,247,unknown,SteingroverInPrep,2
24632,100,0,100,1550,1,33,1,247,unknown,SteingroverInPrep,2
24633,100,-350,-250,1300,1,34,1,247,unknown,SteingroverInPrep,2
24634,100,0,100,1400,2,35,1,247,unknown,SteingroverInPrep,2
24635,100,0,100,1500,2,36,1,247,unknown,SteingroverInPrep,2
24636,100,0,100,1600,2,37,1,247,unknown,SteingroverInPrep,2
24637,100,0,100,1700,2,38,1,247,unknown,SteingroverInPrep,2
24638,100,-1250,-1150,550,2,39,1,247,unknown,SteingroverInPrep,2
24639,100,0,100,650,2,40,1,247,unknown,SteingroverInPrep,2
24640,100,0,100,750,2,41,1,247,unknown,SteingroverInPrep,2
24641,100,0,100,850,2,42,1,247,unknown,SteingroverInPrep,2
24642,100,0,100,950,2,43,1,247,unknown,SteingroverInPrep,2
24643,100,0,100,1050,2,44,1,247,unknown,SteingroverInPrep,2
24644,50,0,50,1100,3,45,1,247,unknown,SteingroverInPrep,2
24645,50,-50,0,1100,3,46,1,247,unknown,SteingroverInPrep,2
24646,50,-50,0,1100,3,47,1,247,unknown,SteingroverInPrep,2
24647,100,0,100,1200,2,48,1,247,unknown,SteingroverInPrep,2
24648,50,0,50,1250,3,49,1,247,unknown,SteingroverInPrep,2
24649,100,-1250,-1150,100,2,50,1,247,unknown,SteingroverInPrep,2
24650,50,-50,0,100,3,51,1,247,unknown,SteingroverInPrep,2
24651,100,0,100,200,2,52,1,247,unknown,SteingroverInPrep,2
24652,100,0,100,300,2,53,1,247,unknown,SteingroverInPrep,2
24653,100,0,100,400,2,54,1,247,unknown,SteingroverInPrep,2
24654,100,0,100,500,2,55,1,247,unknown,SteingroverInPrep,2
24655,100,0,100,600,2,56,1,247,unknown,SteingroverInPrep,2
24656,50,0,50,650,3,57,1,247,unknown,SteingroverInPrep,2
24657,50,-50,0,650,3,58,1,247,unknown,SteingroverInPrep,2
24658,100,0,100,750,2,59,1,247,unknown,SteingroverInPrep,2
24659,50,-50,0,750,3,60,1,247,unknown,SteingroverInPrep,2
24660,100,0,100,850,2,61,1,247,unknown,SteingroverInPrep,2
24661,100,0,100,950,2,62,1,247,unknown,SteingroverInPrep,2
24662,50,0,50,1000,3,63,1,247,unknown,SteingroverInPrep,2
24663,100,0,100,1100,2,64,1,247,unknown,SteingroverInPrep,2
24664,50,-50,0,1100,3,65,1,247,unknown,SteingroverInPrep,2
24665,100,0,100,1200,2,66,1,247,unknown,SteingroverInPrep,2
24666,100,0,100,1300,2,67,1,247,unknown,SteingroverInPrep,2
24667,100,-1250,-1150,150,2,68,1,247,unknown,SteingroverInPrep,2
24668,50,0,50,200,3,69,1,247,unknown,SteingroverInPrep,2
24669,50,0,50,250,3,70,1,247,unknown,SteingroverInPrep,2
24670,50,-50,0,250,3,71,1,247,unknown,SteingroverInPrep,2
24671,50,0,50,300,3,72,1,247,unknown,SteingroverInPrep,2
24672,50,0,50,350,3,73,1,247,unknown,SteingroverInPrep,2
24673,50,-50,0,350,3,74,1,247,unknown,SteingroverInPrep,2
24674,50,-50,0,350,3,75,1,247,unknown,SteingroverInPrep,2
24675,50,-50,0,350,3,76,1,247,unknown,SteingroverInPrep,2
24676,50,-50,0,350,3,77,1,247,unknown,SteingroverInPrep,2
24677,100,0,100,450,2,78,1,247,unknown,SteingroverInPrep,2
24678,50,-50,0,450,3,79,1,247,unknown,SteingroverInPrep,2
24679,50,0,50,500,3,80,1,247,unknown,SteingroverInPrep,2
24680,50,0,50,550,3,81,1,247,unknown,SteingroverInPrep,2
24681,50,0,50,600,3,82,1,247,unknown,SteingroverInPrep,2
24682,50,-50,0,600,3,83,1,247,unknown,SteingroverInPrep,2
24683,50,0,50,650,3,84,1,247,unknown,SteingroverInPrep,2
24684,50,-50,0,650,3,85,1,247,unknown,SteingroverInPrep,2
24685,50,-50,0,650,3,86,1,247,unknown,SteingroverInPrep,2
24686,100,0,100,750,2,87,1,247,unknown,SteingroverInPrep,2
24687,50,0,50,800,3,88,1,247,unknown,SteingroverInPrep,2
24688,50,-50,0,800,3,89,1,247,unknown,SteingroverInPrep,2
24689,100,0,100,900,2,90,1,247,unknown,SteingroverInPrep,2
24690,50,0,50,950,3,91,1,247,unknown,SteingroverInPrep,2
24691,50,-50,0,950,3,92,1,247,unknown,SteingroverInPrep,2
24692,50,0,50,1000,3,93,1,247,unknown,SteingroverInPrep,2
24693,50,0,50,1050,3,94,1,247,unknown,SteingroverInPrep,2
24694,50,-50,0,1050,3,95,1,247,unknown,SteingroverInPrep,2
24695,100,0,100,1150,2,96,1,247,unknown,SteingroverInPrep,2
24696,100,0,100,1250,2,97,1,247,unknown,SteingroverInPrep,2
24697,50,0,50,1300,3,98,1,247,unknown,SteingroverInPrep,2
24698,100,0,100,1400,2,99,1,247,unknown,SteingroverInPrep,2
24699,50,0,50,1450,3,100,1,247,unknown,SteingroverInPrep,2
24700,100,0,100,2100,2,1,1,248,unknown,SteingroverInPrep,2
24701,100,0,100,2200,1,2,1,248,unknown,SteingroverInPrep,2
24702,50,0,50,2250,3,3,1,248,unknown,SteingroverInPrep,2
24703,50,0,50,2300,4,4,1,248,unknown,SteingroverInPrep,2
24704,100,0,100,2400,2,5,1,248,unknown,SteingroverInPrep,2
24705,50,-50,0,2400,3,6,1,248,unknown,SteingroverInPrep,2
24706,100,0,100,2500,1,7,1,248,unknown,SteingroverInPrep,2
24707,50,0,50,2550,4,8,1,248,unknown,SteingroverInPrep,2
24708,100,-150,-50,2500,1,9,1,248,unknown,SteingroverInPrep,2
24709,100,-1250,-1150,1350,2,10,1,248,unknown,SteingroverInPrep,2
24710,50,0,50,1400,3,11,1,248,unknown,SteingroverInPrep,2
24711,50,0,50,1450,3,12,1,248,unknown,SteingroverInPrep,2
24712,50,-50,0,1450,3,13,1,248,unknown,SteingroverInPrep,2
24713,50,0,50,1500,4,14,1,248,unknown,SteingroverInPrep,2
24714,50,-250,-200,1300,4,15,1,248,unknown,SteingroverInPrep,2
24715,50,-50,0,1300,3,16,1,248,unknown,SteingroverInPrep,2
24716,100,0,100,1400,1,17,1,248,unknown,SteingroverInPrep,2
24717,100,-200,-100,1300,1,18,1,248,unknown,SteingroverInPrep,2
24718,100,-300,-200,1100,1,19,1,248,unknown,SteingroverInPrep,2
24719,50,-50,0,1100,3,20,1,248,unknown,SteingroverInPrep,2
24720,50,0,50,1150,3,21,1,248,unknown,SteingroverInPrep,2
24721,50,-50,0,1150,3,22,1,248,unknown,SteingroverInPrep,2
24722,50,0,50,1200,3,23,1,248,unknown,SteingroverInPrep,2
24723,50,-50,0,1200,3,24,1,248,unknown,SteingroverInPrep,2
24724,50,0,50,1250,3,25,1,248,unknown,SteingroverInPrep,2
24725,50,0,50,1300,3,26,1,248,unknown,SteingroverInPrep,2
24726,50,-50,0,1300,3,27,1,248,unknown,SteingroverInPrep,2
24727,50,0,50,1350,3,28,1,248,unknown,SteingroverInPrep,2
24728,50,-50,0,1350,3,29,1,248,unknown,SteingroverInPrep,2
24729,50,-50,0,1350,3,30,1,248,unknown,SteingroverInPrep,2
24730,50,0,50,1400,3,31,1,248,unknown,SteingroverInPrep,2
24731,50,0,50,1450,3,32,1,248,unknown,SteingroverInPrep,2
24732,50,0,50,1500,4,33,1,248,unknown,SteingroverInPrep,2
24733,50,-50,0,1500,3,34,1,248,unknown,SteingroverInPrep,2
24734,50,0,50,1550,3,35,1,248,unknown,SteingroverInPrep,2
24735,50,0,50,1600,3,36,1,248,unknown,SteingroverInPrep,2
24736,50,-50,0,1600,3,37,1,248,unknown,SteingroverInPrep,2
24737,50,-50,0,1600,3,38,1,248,unknown,SteingroverInPrep,2
24738,50,-50,0,1600,3,39,1,248,unknown,SteingroverInPrep,2
24739,50,-50,0,1600,3,40,1,248,unknown,SteingroverInPrep,2
24740,50,0,50,1650,3,41,1,248,unknown,SteingroverInPrep,2
24741,100,0,100,1750,1,42,1,248,unknown,SteingroverInPrep,2
24742,50,0,50,1800,3,43,1,248,unknown,SteingroverInPrep,2
24743,50,0,50,1850,3,44,1,248,unknown,SteingroverInPrep,2
24744,50,-50,0,1850,3,45,1,248,unknown,SteingroverInPrep,2
24745,50,-50,0,1850,3,46,1,248,unknown,SteingroverInPrep,2
24746,50,0,50,1900,3,47,1,248,unknown,SteingroverInPrep,2
24747,50,-50,0,1900,3,48,1,248,unknown,SteingroverInPrep,2
24748,50,0,50,1950,3,49,1,248,unknown,SteingroverInPrep,2
24749,50,-50,0,1950,3,50,1,248,unknown,SteingroverInPrep,2
24750,50,0,50,2000,3,51,1,248,unknown,SteingroverInPrep,2
24751,50,0,50,2050,4,52,1,248,unknown,SteingroverInPrep,2
24752,50,-50,0,2050,3,53,1,248,unknown,SteingroverInPrep,2
24753,50,0,50,2100,3,54,1,248,unknown,SteingroverInPrep,2
24754,50,0,50,2150,3,55,1,248,unknown,SteingroverInPrep,2
24755,50,-50,0,2150,3,56,1,248,unknown,SteingroverInPrep,2
24756,100,0,100,2250,1,57,1,248,unknown,SteingroverInPrep,2
24757,50,-50,0,2250,3,58,1,248,unknown,SteingroverInPrep,2
24758,50,-50,0,2250,3,59,1,248,unknown,SteingroverInPrep,2
24759,50,-50,0,2250,3,60,1,248,unknown,SteingroverInPrep,2
24760,50,0,50,2300,3,61,1,248,unknown,SteingroverInPrep,2
24761,50,0,50,2350,4,62,1,248,unknown,SteingroverInPrep,2
24762,50,0,50,2400,3,63,1,248,unknown,SteingroverInPrep,2
24763,50,-50,0,2400,3,64,1,248,unknown,SteingroverInPrep,2
24764,100,-250,-150,2250,1,65,1,248,unknown,SteingroverInPrep,2
24765,50,0,50,2300,3,66,1,248,unknown,SteingroverInPrep,2
24766,50,0,50,2350,3,67,1,248,unknown,SteingroverInPrep,2
24767,50,0,50,2400,3,68,1,248,unknown,SteingroverInPrep,2
24768,50,-50,0,2400,3,69,1,248,unknown,SteingroverInPrep,2
24769,50,-50,0,2400,3,70,1,248,unknown,SteingroverInPrep,2
24770,50,0,50,2450,3,71,1,248,unknown,SteingroverInPrep,2
24771,50,-50,0,2450,3,72,1,248,unknown,SteingroverInPrep,2
24772,50,0,50,2500,3,73,1,248,unknown,SteingroverInPrep,2
24773,50,0,50,2550,3,74,1,248,unknown,SteingroverInPrep,2
24774,50,-50,0,2550,3,75,1,248,unknown,SteingroverInPrep,2
24775,50,-50,0,2550,3,76,1,248,unknown,SteingroverInPrep,2
24776,50,0,50,2600,3,77,1,248,unknown,SteingroverInPrep,2
24777,50,0,50,2650,4,78,1,248,unknown,SteingroverInPrep,2
24778,50,0,50,2700,3,79,1,248,unknown,SteingroverInPrep,2
24779,50,0,50,2750,4,80,1,248,unknown,SteingroverInPrep,2
24780,50,-50,0,2750,3,81,1,248,unknown,SteingroverInPrep,2
24781,50,-50,0,2750,3,82,1,248,unknown,SteingroverInPrep,2
24782,50,-50,0,2750,3,83,1,248,unknown,SteingroverInPrep,2
24783,50,0,50,2800,3,84,1,248,unknown,SteingroverInPrep,2
24784,50,0,50,2850,3,85,1,248,unknown,SteingroverInPrep,2
24785,50,0,50,2900,3,86,1,248,unknown,SteingroverInPrep,2
24786,50,-50,0,2900,3,87,1,248,unknown,SteingroverInPrep,2
24787,50,0,50,2950,4,88,1,248,unknown,SteingroverInPrep,2
24788,50,-250,-200,2750,4,89,1,248,unknown,SteingroverInPrep,2
24789,50,0,50,2800,3,90,1,248,unknown,SteingroverInPrep,2
24790,50,-50,0,2800,3,91,1,248,unknown,SteingroverInPrep,2
24791,50,-50,0,2800,3,92,1,248,unknown,SteingroverInPrep,2
24792,50,0,50,2850,3,93,1,248,unknown,SteingroverInPrep,2
24793,50,0,50,2900,3,94,1,248,unknown,SteingroverInPrep,2
24794,50,0,50,2950,3,95,1,248,unknown,SteingroverInPrep,2
24795,50,0,50,3000,4,96,1,248,unknown,SteingroverInPrep,2
24796,50,0,50,3050,3,97,1,248,unknown,SteingroverInPrep,2
24797,50,0,50,3100,3,98,1,248,unknown,SteingroverInPrep,2
24798,50,-50,0,3100,3,99,1,248,unknown,SteingroverInPrep,2
24799,50,-50,0,3100,3,100,1,248,unknown,SteingroverInPrep,2
24800,100,0,100,2100,2,1,1,249,unknown,SteingroverInPrep,2
24801,100,-1250,-1150,950,2,2,1,249,unknown,SteingroverInPrep,2
24802,50,0,50,1000,3,3,1,249,unknown,SteingroverInPrep,2
24803,100,0,100,1100,1,4,1,249,unknown,SteingroverInPrep,2
24804,100,0,100,1200,1,5,1,249,unknown,SteingroverInPrep,2
24805,50,0,50,1250,4,6,1,249,unknown,SteingroverInPrep,2
24806,100,-350,-250,1000,1,7,1,249,unknown,SteingroverInPrep,2
24807,100,0,100,1100,2,8,1,249,unknown,SteingroverInPrep,2
24808,50,0,50,1150,3,9,1,249,unknown,SteingroverInPrep,2
24809,100,0,100,1250,2,10,1,249,unknown,SteingroverInPrep,2
24810,100,0,100,1350,2,11,1,249,unknown,SteingroverInPrep,2
24811,50,0,50,1400,4,12,1,249,unknown,SteingroverInPrep,2
24812,50,-50,0,1400,3,13,1,249,unknown,SteingroverInPrep,2
24813,100,0,100,1500,2,14,1,249,unknown,SteingroverInPrep,2
24814,100,0,100,1600,1,15,1,249,unknown,SteingroverInPrep,2
24815,100,-200,-100,1500,1,16,1,249,unknown,SteingroverInPrep,2
24816,100,0,100,1600,2,17,1,249,unknown,SteingroverInPrep,2
24817,100,0,100,1700,2,18,1,249,unknown,SteingroverInPrep,2
24818,50,0,50,1750,4,19,1,249,unknown,SteingroverInPrep,2
24819,50,-50,0,1750,3,20,1,249,unknown,SteingroverInPrep,2
24820,100,-300,-200,1550,1,21,1,249,unknown,SteingroverInPrep,2
24821,100,0,100,1650,2,22,1,249,unknown,SteingroverInPrep,2
24822,50,0,50,1700,3,23,1,249,unknown,SteingroverInPrep,2
24823,100,0,100,1800,2,24,1,249,unknown,SteingroverInPrep,2
24824,100,-150,-50,1750,1,25,1,249,unknown,SteingroverInPrep,2
24825,100,0,100,1850,2,26,1,249,unknown,SteingroverInPrep,2
24826,50,-50,0,1850,3,27,1,249,unknown,SteingroverInPrep,2
24827,50,0,50,1900,4,28,1,249,unknown,SteingroverInPrep,2
24828,50,0,50,1950,4,29,1,249,unknown,SteingroverInPrep,2
24829,50,-50,0,1950,3,30,1,249,unknown,SteingroverInPrep,2
24830,100,-1250,-1150,800,2,31,1,249,unknown,SteingroverInPrep,2
24831,100,0,100,900,1,32,1,249,unknown,SteingroverInPrep,2
24832,100,-250,-150,750,1,33,1,249,unknown,SteingroverInPrep,2
24833,100,0,100,850,2,34,1,249,unknown,SteingroverInPrep,2
24834,50,0,50,900,3,35,1,249,unknown,SteingroverInPrep,2
24835,100,0,100,1000,2,36,1,249,unknown,SteingroverInPrep,2
24836,100,0,100,1100,2,37,1,249,unknown,SteingroverInPrep,2
24837,100,0,100,1200,2,38,1,249,unknown,SteingroverInPrep,2
24838,100,0,100,1300,2,39,1,249,unknown,SteingroverInPrep,2
24839,100,0,100,1400,2,40,1,249,unknown,SteingroverInPrep,2
24840,100,0,100,1500,2,41,1,249,unknown,SteingroverInPrep,2
24841,50,-50,0,1500,3,42,1,249,unknown,SteingroverInPrep,2
24842,100,0,100,1600,2,43,1,249,unknown,SteingroverInPrep,2
24843,100,0,100,1700,2,44,1,249,unknown,SteingroverInPrep,2
24844,100,-1250,-1150,550,2,45,1,249,unknown,SteingroverInPrep,2
24845,50,0,50,600,4,46,1,249,unknown,SteingroverInPrep,2
24846,50,0,50,650,3,47,1,249,unknown,SteingroverInPrep,2
24847,50,-50,0,650,3,48,1,249,unknown,SteingroverInPrep,2
24848,50,0,50,700,4,49,1,249,unknown,SteingroverInPrep,2
24849,50,0,50,750,4,50,1,249,unknown,SteingroverInPrep,2
24850,100,0,100,850,1,51,1,249,unknown,SteingroverInPrep,2
24851,50,-250,-200,650,4,52,1,249,unknown,SteingroverInPrep,2
24852,100,-350,-250,400,1,53,1,249,unknown,SteingroverInPrep,2
24853,100,0,100,500,2,54,1,249,unknown,SteingroverInPrep,2
24854,100,0,100,600,2,55,1,249,unknown,SteingroverInPrep,2
24855,100,0,100,700,2,56,1,249,unknown,SteingroverInPrep,2
24856,100,0,100,800,2,57,1,249,unknown,SteingroverInPrep,2
24857,50,0,50,850,3,58,1,249,unknown,SteingroverInPrep,2
24858,50,-50,0,850,3,59,1,249,unknown,SteingroverInPrep,2
24859,100,0,100,950,1,60,1,249,unknown,SteingroverInPrep,2
24860,100,0,100,1050,2,61,1,249,unknown,SteingroverInPrep,2
24861,50,0,50,1100,4,62,1,249,unknown,SteingroverInPrep,2
24862,100,-250,-150,950,1,63,1,249,unknown,SteingroverInPrep,2
24863,100,0,100,1050,2,64,1,249,unknown,SteingroverInPrep,2
24864,100,0,100,1150,2,65,1,249,unknown,SteingroverInPrep,2
24865,100,0,100,1250,2,66,1,249,unknown,SteingroverInPrep,2
24866,100,0,100,1350,2,67,1,249,unknown,SteingroverInPrep,2
24867,50,0,50,1400,3,68,1,249,unknown,SteingroverInPrep,2
24868,50,-50,0,1400,3,69,1,249,unknown,SteingroverInPrep,2
24869,100,0,100,1500,2,70,1,249,unknown,SteingroverInPrep,2
24870,100,0,100,1600,2,71,1,249,unknown,SteingroverInPrep,2
24871,100,0,100,1700,2,72,1,249,unknown,SteingroverInPrep,2
24872,100,0,100,1800,2,73,1,249,unknown,SteingroverInPrep,2
24873,100,0,100,1900,2,74,1,249,unknown,SteingroverInPrep,2
24874,100,0,100,2000,2,75,1,249,unknown,SteingroverInPrep,2
24875,100,-1250,-1150,850,2,76,1,249,unknown,SteingroverInPrep,2
24876,50,0,50,900,4,77,1,249,unknown,SteingroverInPrep,2
24877,50,0,50,950,4,78,1,249,unknown,SteingroverInPrep,2
24878,100,0,100,1050,2,79,1,249,unknown,SteingroverInPrep,2
24879,100,0,100,1150,2,80,1,249,unknown,SteingroverInPrep,2
24880,100,0,100,1250,2,81,1,249,unknown,SteingroverInPrep,2
24881,100,0,100,1350,2,82,1,249,unknown,SteingroverInPrep,2
24882,100,0,100,1450,2,83,1,249,unknown,SteingroverInPrep,2
24883,50,0,50,1500,3,84,1,249,unknown,SteingroverInPrep,2
24884,100,0,100,1600,2,85,1,249,unknown,SteingroverInPrep,2
24885,100,0,100,1700,2,86,1,249,unknown,SteingroverInPrep,2
24886,100,0,100,1800,2,87,1,249,unknown,SteingroverInPrep,2
24887,100,-1250,-1150,650,2,88,1,249,unknown,SteingroverInPrep,2
24888,50,-50,0,650,3,89,1,249,unknown,SteingroverInPrep,2
24889,100,0,100,750,2,90,1,249,unknown,SteingroverInPrep,2
24890,100,0,100,850,2,91,1,249,unknown,SteingroverInPrep,2
24891,100,0,100,950,2,92,1,249,unknown,SteingroverInPrep,2
24892,100,0,100,1050,1,93,1,249,unknown,SteingroverInPrep,2
24893,100,0,100,1150,2,94,1,249,unknown,SteingroverInPrep,2
24894,100,0,100,1250,2,95,1,249,unknown,SteingroverInPrep,2
24895,100,-1250,-1150,100,2,96,1,249,unknown,SteingroverInPrep,2
24896,100,-200,-100,0,1,97,1,249,unknown,SteingroverInPrep,2
24897,100,0,100,100,2,98,1,249,unknown,SteingroverInPrep,2
24898,100,0,100,200,2,99,1,249,unknown,SteingroverInPrep,2
24899,50,0,50,250,4,100,1,249,unknown,SteingroverInPrep,2
24900,50,-250,-200,1800,4,1,1,250,unknown,SteingroverInPrep,2
24901,50,-50,0,1800,3,2,1,250,unknown,SteingroverInPrep,2
24902,50,-50,0,1800,3,3,1,250,unknown,SteingroverInPrep,2
24903,100,0,100,1900,2,4,1,250,unknown,SteingroverInPrep,2
24904,100,0,100,2000,1,5,1,250,unknown,SteingroverInPrep,2
24905,100,-1250,-1150,850,2,6,1,250,unknown,SteingroverInPrep,2
24906,100,0,100,950,1,7,1,250,unknown,SteingroverInPrep,2
24907,50,0,50,1000,3,8,1,250,unknown,SteingroverInPrep,2
24908,100,0,100,1100,1,9,1,250,unknown,SteingroverInPrep,2
24909,100,-350,-250,850,1,10,1,250,unknown,SteingroverInPrep,2
24910,50,-50,0,850,3,11,1,250,unknown,SteingroverInPrep,2
24911,50,0,50,900,4,12,1,250,unknown,SteingroverInPrep,2
24912,100,0,100,1000,1,13,1,250,unknown,SteingroverInPrep,2
24913,50,-50,0,1000,3,14,1,250,unknown,SteingroverInPrep,2
24914,100,0,100,1100,2,15,1,250,unknown,SteingroverInPrep,2
24915,100,-250,-150,950,1,16,1,250,unknown,SteingroverInPrep,2
24916,50,0,50,1000,4,17,1,250,unknown,SteingroverInPrep,2
24917,50,0,50,1050,3,18,1,250,unknown,SteingroverInPrep,2
24918,50,0,50,1100,3,19,1,250,unknown,SteingroverInPrep,2
24919,50,0,50,1150,3,20,1,250,unknown,SteingroverInPrep,2
24920,50,-50,0,1150,3,21,1,250,unknown,SteingroverInPrep,2
24921,50,0,50,1200,4,22,1,250,unknown,SteingroverInPrep,2
24922,100,-300,-200,1000,1,23,1,250,unknown,SteingroverInPrep,2
24923,100,0,100,1100,2,24,1,250,unknown,SteingroverInPrep,2
24924,100,0,100,1200,2,25,1,250,unknown,SteingroverInPrep,2
24925,100,0,100,1300,2,26,1,250,unknown,SteingroverInPrep,2
24926,100,0,100,1400,2,27,1,250,unknown,SteingroverInPrep,2
24927,50,0,50,1450,3,28,1,250,unknown,SteingroverInPrep,2
24928,100,0,100,1550,2,29,1,250,unknown,SteingroverInPrep,2
24929,100,0,100,1650,2,30,1,250,unknown,SteingroverInPrep,2
24930,100,0,100,1750,2,31,1,250,unknown,SteingroverInPrep,2
24931,100,0,100,1850,2,32,1,250,unknown,SteingroverInPrep,2
24932,50,0,50,1900,3,33,1,250,unknown,SteingroverInPrep,2
24933,50,0,50,1950,3,34,1,250,unknown,SteingroverInPrep,2
24934,100,0,100,2050,2,35,1,250,unknown,SteingroverInPrep,2
24935,100,0,100,2150,2,36,1,250,unknown,SteingroverInPrep,2
24936,50,0,50,2200,3,37,1,250,unknown,SteingroverInPrep,2
24937,50,0,50,2250,4,38,1,250,unknown,SteingroverInPrep,2
24938,100,0,100,2350,2,39,1,250,unknown,SteingroverInPrep,2
24939,100,0,100,2450,2,40,1,250,unknown,SteingroverInPrep,2
24940,100,-1250,-1150,1300,2,41,1,250,unknown,SteingroverInPrep,2
24941,50,0,50,1350,3,42,1,250,unknown,SteingroverInPrep,2
24942,50,0,50,1400,3,43,1,250,unknown,SteingroverInPrep,2
24943,100,0,100,1500,2,44,1,250,unknown,SteingroverInPrep,2
24944,100,0,100,1600,2,45,1,250,unknown,SteingroverInPrep,2
24945,100,0,100,1700,2,46,1,250,unknown,SteingroverInPrep,2
24946,50,0,50,1750,4,47,1,250,unknown,SteingroverInPrep,2
24947,50,-50,0,1750,3,48,1,250,unknown,SteingroverInPrep,2
24948,50,0,50,1800,4,49,1,250,unknown,SteingroverInPrep,2
24949,100,0,100,1900,2,50,1,250,unknown,SteingroverInPrep,2
24950,100,0,100,2000,2,51,1,250,unknown,SteingroverInPrep,2
24951,50,-50,0,2000,3,52,1,250,unknown,SteingroverInPrep,2
24952,50,-50,0,2000,3,53,1,250,unknown,SteingroverInPrep,2
24953,50,0,50,2050,4,54,1,250,unknown,SteingroverInPrep,2
24954,100,0,100,2150,2,55,1,250,unknown,SteingroverInPrep,2
24955,50,-50,0,2150,3,56,1,250,unknown,SteingroverInPrep,2
24956,50,0,50,2200,4,57,1,250,unknown,SteingroverInPrep,2
24957,50,0,50,2250,4,58,1,250,unknown,SteingroverInPrep,2
24958,50,-50,0,2250,3,59,1,250,unknown,SteingroverInPrep,2
24959,50,0,50,2300,4,60,1,250,unknown,SteingroverInPrep,2
24960,100,0,100,2400,2,61,1,250,unknown,SteingroverInPrep,2
24961,50,0,50,2450,4,62,1,250,unknown,SteingroverInPrep,2
24962,50,0,50,2500,4,63,1,250,unknown,SteingroverInPrep,2
24963,100,-1250,-1150,1350,2,64,1,250,unknown,SteingroverInPrep,2
24964,100,0,100,1450,2,65,1,250,unknown,SteingroverInPrep,2
24965,100,0,100,1550,2,66,1,250,unknown,SteingroverInPrep,2
24966,100,0,100,1650,2,67,1,250,unknown,SteingroverInPrep,2
24967,100,0,100,1750,2,68,1,250,unknown,SteingroverInPrep,2
24968,100,0,100,1850,2,69,1,250,unknown,SteingroverInPrep,2
24969,50,0,50,1900,3,70,1,250,unknown,SteingroverInPrep,2
24970,50,0,50,1950,4,71,1,250,unknown,SteingroverInPrep,2
24971,50,0,50,2000,3,72,1,250,unknown,SteingroverInPrep,2
24972,50,0,50,2050,4,73,1,250,unknown,SteingroverInPrep,2
24973,50,0,50,2100,4,74,1,250,unknown,SteingroverInPrep,2
24974,50,-250,-200,1900,4,75,1,250,unknown,SteingroverInPrep,2
24975,50,0,50,1950,4,76,1,250,unknown,SteingroverInPrep,2
24976,50,-50,0,1950,3,77,1,250,unknown,SteingroverInPrep,2
24977,100,0,100,2050,2,78,1,250,unknown,SteingroverInPrep,2
24978,100,0,100,2150,2,79,1,250,unknown,SteingroverInPrep,2
24979,50,0,50,2200,3,80,1,250,unknown,SteingroverInPrep,2
24980,50,-50,0,2200,3,81,1,250,unknown,SteingroverInPrep,2
24981,50,0,50,2250,4,82,1,250,unknown,SteingroverInPrep,2
24982,50,0,50,2300,4,83,1,250,unknown,SteingroverInPrep,2
24983,100,0,100,2400,2,84,1,250,unknown,SteingroverInPrep,2
24984,50,-50,0,2400,3,85,1,250,unknown,SteingroverInPrep,2
24985,50,0,50,2450,4,86,1,250,unknown,SteingroverInPrep,2
24986,50,0,50,2500,3,87,1,250,unknown,SteingroverInPrep,2
24987,50,-250,-200,2300,4,88,1,250,unknown,SteingroverInPrep,2
24988,50,0,50,2350,4,89,1,250,unknown,SteingroverInPrep,2
24989,50,-50,0,2350,3,90,1,250,unknown,SteingroverInPrep,2
24990,50,-50,0,2350,3,91,1,250,unknown,SteingroverInPrep,2
24991,50,0,50,2400,3,92,1,250,unknown,SteingroverInPrep,2
24992,50,0,50,2450,4,93,1,250,unknown,SteingroverInPrep,2
24993,50,0,50,2500,3,94,1,250,unknown,SteingroverInPrep,2
24994,100,-150,-50,2450,1,95,1,250,unknown,SteingroverInPrep,2
24995,50,-50,0,2450,3,96,1,250,unknown,SteingroverInPrep,2
24996,50,0,50,2500,3,97,1,250,unknown,SteingroverInPrep,2
24997,50,0,50,2550,4,98,1,250,unknown,SteingroverInPrep,2
24998,100,0,100,2650,1,99,1,250,unknown,SteingroverInPrep,2
24999,50,-50,0,2650,3,100,1,250,unknown,SteingroverInPrep,2
25000,100,-150,-50,1950,1,1,1,251,unknown,SteingroverInPrep,2
25001,50,-50,0,1950,3,2,1,251,unknown,SteingroverInPrep,2
25002,100,0,100,2050,2,3,1,251,unknown,SteingroverInPrep,2
25003,50,0,50,2100,4,4,1,251,unknown,SteingroverInPrep,2
25004,50,0,50,2150,4,5,1,251,unknown,SteingroverInPrep,2
25005,50,0,50,2200,3,6,1,251,unknown,SteingroverInPrep,2
25006,100,0,100,2300,1,7,1,251,unknown,SteingroverInPrep,2
25007,100,0,100,2400,2,8,1,251,unknown,SteingroverInPrep,2
25008,50,0,50,2450,4,9,1,251,unknown,SteingroverInPrep,2
25009,50,-50,0,2450,3,10,1,251,unknown,SteingroverInPrep,2
25010,100,-1250,-1150,1300,2,11,1,251,unknown,SteingroverInPrep,2
25011,100,0,100,1400,1,12,1,251,unknown,SteingroverInPrep,2
25012,50,0,50,1450,3,13,1,251,unknown,SteingroverInPrep,2
25013,50,-250,-200,1250,4,14,1,251,unknown,SteingroverInPrep,2
25014,100,0,100,1350,1,15,1,251,unknown,SteingroverInPrep,2
25015,100,0,100,1450,2,16,1,251,unknown,SteingroverInPrep,2
25016,100,0,100,1550,1,17,1,251,unknown,SteingroverInPrep,2
25017,100,0,100,1650,2,18,1,251,unknown,SteingroverInPrep,2
25018,50,0,50,1700,4,19,1,251,unknown,SteingroverInPrep,2
25019,50,-50,0,1700,3,20,1,251,unknown,SteingroverInPrep,2
25020,100,-350,-250,1450,1,21,1,251,unknown,SteingroverInPrep,2
25021,100,0,100,1550,2,22,1,251,unknown,SteingroverInPrep,2
25022,100,0,100,1650,2,23,1,251,unknown,SteingroverInPrep,2
25023,100,0,100,1750,2,24,1,251,unknown,SteingroverInPrep,2
25024,100,0,100,1850,2,25,1,251,unknown,SteingroverInPrep,2
25025,100,0,100,1950,2,26,1,251,unknown,SteingroverInPrep,2
25026,100,0,100,2050,2,27,1,251,unknown,SteingroverInPrep,2
25027,100,0,100,2150,2,28,1,251,unknown,SteingroverInPrep,2
25028,100,0,100,2250,2,29,1,251,unknown,SteingroverInPrep,2
25029,100,0,100,2350,2,30,1,251,unknown,SteingroverInPrep,2
25030,100,0,100,2450,2,31,1,251,unknown,SteingroverInPrep,2
25031,100,-1250,-1150,1300,2,32,1,251,unknown,SteingroverInPrep,2
25032,50,0,50,1350,4,33,1,251,unknown,SteingroverInPrep,2
25033,100,0,100,1450,2,34,1,251,unknown,SteingroverInPrep,2
25034,100,0,100,1550,2,35,1,251,unknown,SteingroverInPrep,2
25035,100,0,100,1650,2,36,1,251,unknown,SteingroverInPrep,2
25036,100,0,100,1750,2,37,1,251,unknown,SteingroverInPrep,2
25037,100,0,100,1850,2,38,1,251,unknown,SteingroverInPrep,2
25038,50,0,50,1900,3,39,1,251,unknown,SteingroverInPrep,2
25039,100,0,100,2000,2,40,1,251,unknown,SteingroverInPrep,2
25040,50,0,50,2050,3,41,1,251,unknown,SteingroverInPrep,2
25041,100,0,100,2150,2,42,1,251,unknown,SteingroverInPrep,2
25042,100,0,100,2250,2,43,1,251,unknown,SteingroverInPrep,2
25043,100,-1250,-1150,1100,2,44,1,251,unknown,SteingroverInPrep,2
25044,100,0,100,1200,2,45,1,251,unknown,SteingroverInPrep,2
25045,100,0,100,1300,2,46,1,251,unknown,SteingroverInPrep,2
25046,100,0,100,1400,2,47,1,251,unknown,SteingroverInPrep,2
25047,100,0,100,1500,2,48,1,251,unknown,SteingroverInPrep,2
25048,100,0,100,1600,2,49,1,251,unknown,SteingroverInPrep,2
25049,100,0,100,1700,2,50,1,251,unknown,SteingroverInPrep,2
25050,100,-250,-150,1550,1,51,1,251,unknown,SteingroverInPrep,2
25051,50,-50,0,1550,3,52,1,251,unknown,SteingroverInPrep,2
25052,100,0,100,1650,2,53,1,251,unknown,SteingroverInPrep,2
25053,100,0,100,1750,2,54,1,251,unknown,SteingroverInPrep,2
25054,100,0,100,1850,2,55,1,251,unknown,SteingroverInPrep,2
25055,100,-1250,-1150,700,2,56,1,251,unknown,SteingroverInPrep,2
25056,100,0,100,800,2,57,1,251,unknown,SteingroverInPrep,2
25057,50,0,50,850,4,58,1,251,unknown,SteingroverInPrep,2
25058,50,0,50,900,3,59,1,251,unknown,SteingroverInPrep,2
25059,100,0,100,1000,2,60,1,251,unknown,SteingroverInPrep,2
25060,100,0,100,1100,1,61,1,251,unknown,SteingroverInPrep,2
25061,100,0,100,1200,2,62,1,251,unknown,SteingroverInPrep,2
25062,50,-50,0,1200,3,63,1,251,unknown,SteingroverInPrep,2
25063,100,0,100,1300,2,64,1,251,unknown,SteingroverInPrep,2
25064,50,0,50,1350,4,65,1,251,unknown,SteingroverInPrep,2
25065,50,0,50,1400,4,66,1,251,unknown,SteingroverInPrep,2
25066,50,0,50,1450,4,67,1,251,unknown,SteingroverInPrep,2
25067,50,-50,0,1450,3,68,1,251,unknown,SteingroverInPrep,2
25068,50,0,50,1500,4,69,1,251,unknown,SteingroverInPrep,2
25069,100,0,100,1600,2,70,1,251,unknown,SteingroverInPrep,2
25070,100,-300,-200,1400,1,71,1,251,unknown,SteingroverInPrep,2
25071,100,0,100,1500,2,72,1,251,unknown,SteingroverInPrep,2
25072,100,0,100,1600,2,73,1,251,unknown,SteingroverInPrep,2
25073,100,0,100,1700,2,74,1,251,unknown,SteingroverInPrep,2
25074,100,0,100,1800,2,75,1,251,unknown,SteingroverInPrep,2
25075,100,0,100,1900,2,76,1,251,unknown,SteingroverInPrep,2
25076,100,-1250,-1150,750,2,77,1,251,unknown,SteingroverInPrep,2
25077,50,-50,0,750,3,78,1,251,unknown,SteingroverInPrep,2
25078,50,0,50,800,3,79,1,251,unknown,SteingroverInPrep,2
25079,50,-50,0,800,3,80,1,251,unknown,SteingroverInPrep,2
25080,50,0,50,850,4,81,1,251,unknown,SteingroverInPrep,2
25081,50,0,50,900,4,82,1,251,unknown,SteingroverInPrep,2
25082,50,0,50,950,4,83,1,251,unknown,SteingroverInPrep,2
25083,100,0,100,1050,2,84,1,251,unknown,SteingroverInPrep,2
25084,100,0,100,1150,2,85,1,251,unknown,SteingroverInPrep,2
25085,50,0,50,1200,3,86,1,251,unknown,SteingroverInPrep,2
25086,100,0,100,1300,2,87,1,251,unknown,SteingroverInPrep,2
25087,100,-200,-100,1200,1,88,1,251,unknown,SteingroverInPrep,2
25088,100,0,100,1300,2,89,1,251,unknown,SteingroverInPrep,2
25089,100,0,100,1400,2,90,1,251,unknown,SteingroverInPrep,2
25090,100,0,100,1500,2,91,1,251,unknown,SteingroverInPrep,2
25091,100,-1250,-1150,350,2,92,1,251,unknown,SteingroverInPrep,2
25092,50,0,50,400,3,93,1,251,unknown,SteingroverInPrep,2
25093,100,0,100,500,2,94,1,251,unknown,SteingroverInPrep,2
25094,100,0,100,600,2,95,1,251,unknown,SteingroverInPrep,2
25095,100,0,100,700,2,96,1,251,unknown,SteingroverInPrep,2
25096,100,0,100,800,2,97,1,251,unknown,SteingroverInPrep,2
25097,100,0,100,900,2,98,1,251,unknown,SteingroverInPrep,2
25098,100,0,100,1000,2,99,1,251,unknown,SteingroverInPrep,2
25099,100,0,100,1100,2,100,1,251,unknown,SteingroverInPrep,2
25100,100,0,100,2100,1,1,1,252,unknown,SteingroverInPrep,2
25101,100,-300,-200,1900,1,2,1,252,unknown,SteingroverInPrep,2
25102,100,-150,-50,1850,1,3,1,252,unknown,SteingroverInPrep,2
25103,100,-250,-150,1700,1,4,1,252,unknown,SteingroverInPrep,2
25104,100,0,100,1800,2,5,1,252,unknown,SteingroverInPrep,2
25105,100,-1250,-1150,650,2,6,1,252,unknown,SteingroverInPrep,2
25106,100,0,100,750,2,7,1,252,unknown,SteingroverInPrep,2
25107,100,0,100,850,2,8,1,252,unknown,SteingroverInPrep,2
25108,100,0,100,950,2,9,1,252,unknown,SteingroverInPrep,2
25109,100,0,100,1050,2,10,1,252,unknown,SteingroverInPrep,2
25110,50,0,50,1100,3,11,1,252,unknown,SteingroverInPrep,2
25111,50,-50,0,1100,3,12,1,252,unknown,SteingroverInPrep,2
25112,50,-50,0,1100,3,13,1,252,unknown,SteingroverInPrep,2
25113,50,-50,0,1100,3,14,1,252,unknown,SteingroverInPrep,2
25114,50,-250,-200,900,4,15,1,252,unknown,SteingroverInPrep,2
25115,50,0,50,950,4,16,1,252,unknown,SteingroverInPrep,2
25116,50,0,50,1000,4,17,1,252,unknown,SteingroverInPrep,2
25117,50,0,50,1050,4,18,1,252,unknown,SteingroverInPrep,2
25118,50,0,50,1100,4,19,1,252,unknown,SteingroverInPrep,2
25119,50,0,50,1150,4,20,1,252,unknown,SteingroverInPrep,2
25120,50,0,50,1200,4,21,1,252,unknown,SteingroverInPrep,2
25121,50,0,50,1250,4,22,1,252,unknown,SteingroverInPrep,2
25122,50,0,50,1300,4,23,1,252,unknown,SteingroverInPrep,2
25123,50,0,50,1350,4,24,1,252,unknown,SteingroverInPrep,2
25124,50,0,50,1400,4,25,1,252,unknown,SteingroverInPrep,2
25125,50,0,50,1450,4,26,1,252,unknown,SteingroverInPrep,2
25126,50,0,50,1500,4,27,1,252,unknown,SteingroverInPrep,2
25127,50,-250,-200,1300,4,28,1,252,unknown,SteingroverInPrep,2
25128,100,0,100,1400,1,29,1,252,unknown,SteingroverInPrep,2
25129,100,0,100,1500,1,30,1,252,unknown,SteingroverInPrep,2
25130,100,-200,-100,1400,1,31,1,252,unknown,SteingroverInPrep,2
25131,100,-350,-250,1150,1,32,1,252,unknown,SteingroverInPrep,2
25132,100,0,100,1250,1,33,1,252,unknown,SteingroverInPrep,2
25133,100,0,100,1350,1,34,1,252,unknown,SteingroverInPrep,2
25134,100,0,100,1450,1,35,1,252,unknown,SteingroverInPrep,2
25135,100,-150,-50,1400,1,36,1,252,unknown,SteingroverInPrep,2
25136,100,-250,-150,1250,1,37,1,252,unknown,SteingroverInPrep,2
25137,100,0,100,1350,2,38,1,252,unknown,SteingroverInPrep,2
25138,100,0,100,1450,2,39,1,252,unknown,SteingroverInPrep,2
25139,100,-300,-200,1250,1,40,1,252,unknown,SteingroverInPrep,2
25140,100,0,100,1350,2,41,1,252,unknown,SteingroverInPrep,2
25141,100,0,100,1450,2,42,1,252,unknown,SteingroverInPrep,2
25142,100,0,100,1550,2,43,1,252,unknown,SteingroverInPrep,2
25143,50,0,50,1600,3,44,1,252,unknown,SteingroverInPrep,2
25144,50,0,50,1650,3,45,1,252,unknown,SteingroverInPrep,2
25145,50,0,50,1700,4,46,1,252,unknown,SteingroverInPrep,2
25146,50,-50,0,1700,3,47,1,252,unknown,SteingroverInPrep,2
25147,100,0,100,1800,2,48,1,252,unknown,SteingroverInPrep,2
25148,100,0,100,1900,1,49,1,252,unknown,SteingroverInPrep,2
25149,100,-200,-100,1800,1,50,1,252,unknown,SteingroverInPrep,2
25150,100,0,100,1900,2,51,1,252,unknown,SteingroverInPrep,2
25151,100,0,100,2000,2,52,1,252,unknown,SteingroverInPrep,2
25152,50,0,50,2050,4,53,1,252,unknown,SteingroverInPrep,2
25153,50,0,50,2100,4,54,1,252,unknown,SteingroverInPrep,2
25154,50,0,50,2150,4,55,1,252,unknown,SteingroverInPrep,2
25155,50,0,50,2200,4,56,1,252,unknown,SteingroverInPrep,2
25156,50,0,50,2250,4,57,1,252,unknown,SteingroverInPrep,2
25157,50,0,50,2300,4,58,1,252,unknown,SteingroverInPrep,2
25158,50,0,50,2350,4,59,1,252,unknown,SteingroverInPrep,2
25159,50,0,50,2400,4,60,1,252,unknown,SteingroverInPrep,2
25160,50,-250,-200,2200,4,61,1,252,unknown,SteingroverInPrep,2
25161,50,0,50,2250,3,62,1,252,unknown,SteingroverInPrep,2
25162,50,-50,0,2250,3,63,1,252,unknown,SteingroverInPrep,2
25163,100,0,100,2350,2,64,1,252,unknown,SteingroverInPrep,2
25164,100,-1250,-1150,1200,2,65,1,252,unknown,SteingroverInPrep,2
25165,100,0,100,1300,2,66,1,252,unknown,SteingroverInPrep,2
25166,100,0,100,1400,2,67,1,252,unknown,SteingroverInPrep,2
25167,100,0,100,1500,2,68,1,252,unknown,SteingroverInPrep,2
25168,100,0,100,1600,2,69,1,252,unknown,SteingroverInPrep,2
25169,100,0,100,1700,2,70,1,252,unknown,SteingroverInPrep,2
25170,100,-1250,-1150,550,2,71,1,252,unknown,SteingroverInPrep,2
25171,100,-350,-250,300,1,72,1,252,unknown,SteingroverInPrep,2
25172,100,0,100,400,1,73,1,252,unknown,SteingroverInPrep,2
25173,100,0,100,500,1,74,1,252,unknown,SteingroverInPrep,2
25174,50,0,50,550,3,75,1,252,unknown,SteingroverInPrep,2
25175,50,0,50,600,3,76,1,252,unknown,SteingroverInPrep,2
25176,50,-50,0,600,3,77,1,252,unknown,SteingroverInPrep,2
25177,50,-50,0,600,3,78,1,252,unknown,SteingroverInPrep,2
25178,50,-50,0,600,3,79,1,252,unknown,SteingroverInPrep,2
25179,50,-50,0,600,3,80,1,252,unknown,SteingroverInPrep,2
25180,50,0,50,650,3,81,1,252,unknown,SteingroverInPrep,2
25181,50,0,50,700,3,82,1,252,unknown,SteingroverInPrep,2
25182,50,0,50,750,3,83,1,252,unknown,SteingroverInPrep,2
25183,50,0,50,800,3,84,1,252,unknown,SteingroverInPrep,2
25184,50,-50,0,800,3,85,1,252,unknown,SteingroverInPrep,2
25185,50,-50,0,800,3,86,1,252,unknown,SteingroverInPrep,2
25186,50,0,50,850,3,87,1,252,unknown,SteingroverInPrep,2
25187,50,-50,0,850,3,88,1,252,unknown,SteingroverInPrep,2
25188,50,-50,0,850,3,89,1,252,unknown,SteingroverInPrep,2
25189,50,0,50,900,3,90,1,252,unknown,SteingroverInPrep,2
25190,50,0,50,950,3,91,1,252,unknown,SteingroverInPrep,2
25191,100,0,100,1050,1,92,1,252,unknown,SteingroverInPrep,2
25192,100,0,100,1150,1,93,1,252,unknown,SteingroverInPrep,2
25193,100,-150,-50,1100,1,94,1,252,unknown,SteingroverInPrep,2
25194,100,0,100,1200,1,95,1,252,unknown,SteingroverInPrep,2
25195,100,-350,-250,950,1,96,1,252,unknown,SteingroverInPrep,2
25196,100,0,100,1050,1,97,1,252,unknown,SteingroverInPrep,2
25197,100,-200,-100,950,1,98,1,252,unknown,SteingroverInPrep,2
25198,100,-300,-200,750,1,99,1,252,unknown,SteingroverInPrep,2
25199,100,-250,-150,600,1,100,1,252,unknown,SteingroverInPrep,2
25200,100,0,100,2100,1,1,1,253,unknown,SteingroverInPrep,2
25201,100,-350,-250,1850,1,2,1,253,unknown,SteingroverInPrep,2
25202,100,0,100,1950,2,3,1,253,unknown,SteingroverInPrep,2
25203,100,0,100,2050,2,4,1,253,unknown,SteingroverInPrep,2
25204,100,-1250,-1150,900,2,5,1,253,unknown,SteingroverInPrep,2
25205,100,0,100,1000,2,6,1,253,unknown,SteingroverInPrep,2
25206,100,0,100,1100,2,7,1,253,unknown,SteingroverInPrep,2
25207,50,-50,0,1100,3,8,1,253,unknown,SteingroverInPrep,2
25208,50,0,50,1150,3,9,1,253,unknown,SteingroverInPrep,2
25209,50,-50,0,1150,3,10,1,253,unknown,SteingroverInPrep,2
25210,50,0,50,1200,3,11,1,253,unknown,SteingroverInPrep,2
25211,50,-50,0,1200,3,12,1,253,unknown,SteingroverInPrep,2
25212,50,0,50,1250,4,13,1,253,unknown,SteingroverInPrep,2
25213,50,0,50,1300,4,14,1,253,unknown,SteingroverInPrep,2
25214,50,0,50,1350,4,15,1,253,unknown,SteingroverInPrep,2
25215,50,0,50,1400,4,16,1,253,unknown,SteingroverInPrep,2
25216,50,-250,-200,1200,4,17,1,253,unknown,SteingroverInPrep,2
25217,50,0,50,1250,4,18,1,253,unknown,SteingroverInPrep,2
25218,50,0,50,1300,4,19,1,253,unknown,SteingroverInPrep,2
25219,50,0,50,1350,4,20,1,253,unknown,SteingroverInPrep,2
25220,50,0,50,1400,4,21,1,253,unknown,SteingroverInPrep,2
25221,100,-300,-200,1200,1,22,1,253,unknown,SteingroverInPrep,2
25222,100,0,100,1300,1,23,1,253,unknown,SteingroverInPrep,2
25223,100,0,100,1400,1,24,1,253,unknown,SteingroverInPrep,2
25224,100,-200,-100,1300,1,25,1,253,unknown,SteingroverInPrep,2
25225,100,-250,-150,1150,1,26,1,253,unknown,SteingroverInPrep,2
25226,100,0,100,1250,2,27,1,253,unknown,SteingroverInPrep,2
25227,100,0,100,1350,2,28,1,253,unknown,SteingroverInPrep,2
25228,100,0,100,1450,2,29,1,253,unknown,SteingroverInPrep,2
25229,100,0,100,1550,2,30,1,253,unknown,SteingroverInPrep,2
25230,100,0,100,1650,2,31,1,253,unknown,SteingroverInPrep,2
25231,100,0,100,1750,2,32,1,253,unknown,SteingroverInPrep,2
25232,100,0,100,1850,2,33,1,253,unknown,SteingroverInPrep,2
25233,100,0,100,1950,2,34,1,253,unknown,SteingroverInPrep,2
25234,100,0,100,2050,2,35,1,253,unknown,SteingroverInPrep,2
25235,100,-1250,-1150,900,2,36,1,253,unknown,SteingroverInPrep,2
25236,100,0,100,1000,2,37,1,253,unknown,SteingroverInPrep,2
25237,100,0,100,1100,2,38,1,253,unknown,SteingroverInPrep,2
25238,100,0,100,1200,2,39,1,253,unknown,SteingroverInPrep,2
25239,100,0,100,1300,2,40,1,253,unknown,SteingroverInPrep,2
25240,100,0,100,1400,2,41,1,253,unknown,SteingroverInPrep,2
25241,100,-1250,-1150,250,2,42,1,253,unknown,SteingroverInPrep,2
25242,50,0,50,300,4,43,1,253,unknown,SteingroverInPrep,2
25243,100,-150,-50,250,1,44,1,253,unknown,SteingroverInPrep,2
25244,50,-50,0,250,3,45,1,253,unknown,SteingroverInPrep,2
25245,50,-50,0,250,3,46,1,253,unknown,SteingroverInPrep,2
25246,100,0,100,350,1,47,1,253,unknown,SteingroverInPrep,2
25247,100,0,100,450,1,48,1,253,unknown,SteingroverInPrep,2
25248,100,0,100,550,2,49,1,253,unknown,SteingroverInPrep,2
25249,100,0,100,650,2,50,1,253,unknown,SteingroverInPrep,2
25250,100,0,100,750,2,51,1,253,unknown,SteingroverInPrep,2
25251,100,0,100,850,2,52,1,253,unknown,SteingroverInPrep,2
25252,100,0,100,950,1,53,1,253,unknown,SteingroverInPrep,2
25253,100,0,100,1050,1,54,1,253,unknown,SteingroverInPrep,2
25254,100,-250,-150,900,1,55,1,253,unknown,SteingroverInPrep,2
25255,100,-300,-200,700,1,56,1,253,unknown,SteingroverInPrep,2
25256,100,-150,-50,650,1,57,1,253,unknown,SteingroverInPrep,2
25257,100,0,100,750,2,58,1,253,unknown,SteingroverInPrep,2
25258,100,0,100,850,2,59,1,253,unknown,SteingroverInPrep,2
25259,100,0,100,950,2,60,1,253,unknown,SteingroverInPrep,2
25260,100,0,100,1050,2,61,1,253,unknown,SteingroverInPrep,2
25261,100,0,100,1150,2,62,1,253,unknown,SteingroverInPrep,2
25262,100,0,100,1250,2,63,1,253,unknown,SteingroverInPrep,2
25263,100,0,100,1350,2,64,1,253,unknown,SteingroverInPrep,2
25264,100,0,100,1450,2,65,1,253,unknown,SteingroverInPrep,2
25265,100,-1250,-1150,300,2,66,1,253,unknown,SteingroverInPrep,2
25266,100,0,100,400,2,67,1,253,unknown,SteingroverInPrep,2
25267,100,0,100,500,2,68,1,253,unknown,SteingroverInPrep,2
25268,100,0,100,600,2,69,1,253,unknown,SteingroverInPrep,2
25269,100,0,100,700,2,70,1,253,unknown,SteingroverInPrep,2
25270,100,0,100,800,2,71,1,253,unknown,SteingroverInPrep,2
25271,100,0,100,900,2,72,1,253,unknown,SteingroverInPrep,2
25272,100,0,100,1000,2,73,1,253,unknown,SteingroverInPrep,2
25273,100,0,100,1100,2,74,1,253,unknown,SteingroverInPrep,2
25274,100,0,100,1200,2,75,1,253,unknown,SteingroverInPrep,2
25275,100,0,100,1300,2,76,1,253,unknown,SteingroverInPrep,2
25276,100,-1250,-1150,150,2,77,1,253,unknown,SteingroverInPrep,2
25277,100,0,100,250,2,78,1,253,unknown,SteingroverInPrep,2
25278,100,0,100,350,2,79,1,253,unknown,SteingroverInPrep,2
25279,100,0,100,450,2,80,1,253,unknown,SteingroverInPrep,2
25280,100,0,100,550,2,81,1,253,unknown,SteingroverInPrep,2
25281,100,0,100,650,2,82,1,253,unknown,SteingroverInPrep,2
25282,100,0,100,750,2,83,1,253,unknown,SteingroverInPrep,2
25283,100,0,100,850,2,84,1,253,unknown,SteingroverInPrep,2
25284,100,0,100,950,2,85,1,253,unknown,SteingroverInPrep,2
25285,100,0,100,1050,2,86,1,253,unknown,SteingroverInPrep,2
25286,100,0,100,1150,2,87,1,253,unknown,SteingroverInPrep,2
25287,100,0,100,1250,2,88,1,253,unknown,SteingroverInPrep,2
25288,100,0,100,1350,2,89,1,253,unknown,SteingroverInPrep,2
25289,100,-1250,-1150,200,2,90,1,253,unknown,SteingroverInPrep,2
25290,50,0,50,250,4,91,1,253,unknown,SteingroverInPrep,2
25291,50,-250,-200,50,4,92,1,253,unknown,SteingroverInPrep,2
25292,50,0,50,100,4,93,1,253,unknown,SteingroverInPrep,2
25293,50,0,50,150,4,94,1,253,unknown,SteingroverInPrep,2
25294,50,0,50,200,4,95,1,253,unknown,SteingroverInPrep,2
25295,50,0,50,250,4,96,1,253,unknown,SteingroverInPrep,2
25296,50,0,50,300,4,97,1,253,unknown,SteingroverInPrep,2
25297,50,0,50,350,4,98,1,253,unknown,SteingroverInPrep,2
25298,50,0,50,400,4,99,1,253,unknown,SteingroverInPrep,2
25299,50,0,50,450,4,100,1,253,unknown,SteingroverInPrep,2
25300,100,0,100,2100,1,1,1,254,unknown,SteingroverInPrep,2
25301,50,0,50,2150,3,2,1,254,unknown,SteingroverInPrep,2
25302,50,0,50,2200,3,3,1,254,unknown,SteingroverInPrep,2
25303,50,0,50,2250,3,4,1,254,unknown,SteingroverInPrep,2
25304,50,-50,0,2250,3,5,1,254,unknown,SteingroverInPrep,2
25305,100,0,100,2350,2,6,1,254,unknown,SteingroverInPrep,2
25306,50,0,50,2400,4,7,1,254,unknown,SteingroverInPrep,2
25307,50,0,50,2450,3,8,1,254,unknown,SteingroverInPrep,2
25308,50,0,50,2500,3,9,1,254,unknown,SteingroverInPrep,2
25309,50,-50,0,2500,3,10,1,254,unknown,SteingroverInPrep,2
25310,100,-150,-50,2450,1,11,1,254,unknown,SteingroverInPrep,2
25311,100,0,100,2550,2,12,1,254,unknown,SteingroverInPrep,2
25312,50,-50,0,2550,3,13,1,254,unknown,SteingroverInPrep,2
25313,50,0,50,2600,4,14,1,254,unknown,SteingroverInPrep,2
25314,50,-50,0,2600,3,15,1,254,unknown,SteingroverInPrep,2
25315,50,0,50,2650,4,16,1,254,unknown,SteingroverInPrep,2
25316,50,0,50,2700,4,17,1,254,unknown,SteingroverInPrep,2
25317,100,0,100,2800,2,18,1,254,unknown,SteingroverInPrep,2
25318,50,-50,0,2800,3,19,1,254,unknown,SteingroverInPrep,2
25319,50,0,50,2850,4,20,1,254,unknown,SteingroverInPrep,2
25320,50,0,50,2900,4,21,1,254,unknown,SteingroverInPrep,2
25321,50,0,50,2950,4,22,1,254,unknown,SteingroverInPrep,2
25322,50,0,50,3000,4,23,1,254,unknown,SteingroverInPrep,2
25323,100,-300,-200,2800,1,24,1,254,unknown,SteingroverInPrep,2
25324,50,0,50,2850,4,25,1,254,unknown,SteingroverInPrep,2
25325,50,-250,-200,2650,4,26,1,254,unknown,SteingroverInPrep,2
25326,50,-50,0,2650,3,27,1,254,unknown,SteingroverInPrep,2
25327,50,0,50,2700,3,28,1,254,unknown,SteingroverInPrep,2
25328,50,-50,0,2700,3,29,1,254,unknown,SteingroverInPrep,2
25329,50,0,50,2750,4,30,1,254,unknown,SteingroverInPrep,2
25330,50,0,50,2800,4,31,1,254,unknown,SteingroverInPrep,2
25331,100,0,100,2900,2,32,1,254,unknown,SteingroverInPrep,2
25332,100,0,100,3000,2,33,1,254,unknown,SteingroverInPrep,2
25333,50,-50,0,3000,3,34,1,254,unknown,SteingroverInPrep,2
25334,50,-250,-200,2800,4,35,1,254,unknown,SteingroverInPrep,2
25335,50,0,50,2850,3,36,1,254,unknown,SteingroverInPrep,2
25336,50,0,50,2900,3,37,1,254,unknown,SteingroverInPrep,2
25337,50,-50,0,2900,3,38,1,254,unknown,SteingroverInPrep,2
25338,50,0,50,2950,3,39,1,254,unknown,SteingroverInPrep,2
25339,50,-50,0,2950,3,40,1,254,unknown,SteingroverInPrep,2
25340,50,0,50,3000,3,41,1,254,unknown,SteingroverInPrep,2
25341,50,-50,0,3000,3,42,1,254,unknown,SteingroverInPrep,2
25342,50,-50,0,3000,3,43,1,254,unknown,SteingroverInPrep,2
25343,50,-50,0,3000,3,44,1,254,unknown,SteingroverInPrep,2
25344,50,0,50,3050,3,45,1,254,unknown,SteingroverInPrep,2
25345,50,0,50,3100,3,46,1,254,unknown,SteingroverInPrep,2
25346,50,0,50,3150,3,47,1,254,unknown,SteingroverInPrep,2
25347,50,-50,0,3150,3,48,1,254,unknown,SteingroverInPrep,2
25348,50,-50,0,3150,3,49,1,254,unknown,SteingroverInPrep,2
25349,50,0,50,3200,3,50,1,254,unknown,SteingroverInPrep,2
25350,50,0,50,3250,3,51,1,254,unknown,SteingroverInPrep,2
25351,50,-50,0,3250,3,52,1,254,unknown,SteingroverInPrep,2
25352,50,0,50,3300,3,53,1,254,unknown,SteingroverInPrep,2
25353,50,-50,0,3300,3,54,1,254,unknown,SteingroverInPrep,2
25354,50,-50,0,3300,3,55,1,254,unknown,SteingroverInPrep,2
25355,50,0,50,3350,3,56,1,254,unknown,SteingroverInPrep,2
25356,50,-50,0,3350,3,57,1,254,unknown,SteingroverInPrep,2
25357,50,0,50,3400,3,58,1,254,unknown,SteingroverInPrep,2
25358,50,0,50,3450,3,59,1,254,unknown,SteingroverInPrep,2
25359,50,-50,0,3450,3,60,1,254,unknown,SteingroverInPrep,2
25360,50,0,50,3500,3,61,1,254,unknown,SteingroverInPrep,2
25361,50,0,50,3550,3,62,1,254,unknown,SteingroverInPrep,2
25362,50,-50,0,3550,3,63,1,254,unknown,SteingroverInPrep,2
25363,50,0,50,3600,3,64,1,254,unknown,SteingroverInPrep,2
25364,50,0,50,3650,3,65,1,254,unknown,SteingroverInPrep,2
25365,50,-50,0,3650,3,66,1,254,unknown,SteingroverInPrep,2
25366,50,-50,0,3650,3,67,1,254,unknown,SteingroverInPrep,2
25367,50,-50,0,3650,3,68,1,254,unknown,SteingroverInPrep,2
25368,50,-50,0,3650,3,69,1,254,unknown,SteingroverInPrep,2
25369,50,0,50,3700,3,70,1,254,unknown,SteingroverInPrep,2
25370,50,0,50,3750,3,71,1,254,unknown,SteingroverInPrep,2
25371,50,-50,0,3750,3,72,1,254,unknown,SteingroverInPrep,2
25372,50,-50,0,3750,3,73,1,254,unknown,SteingroverInPrep,2
25373,50,-50,0,3750,3,74,1,254,unknown,SteingroverInPrep,2
25374,50,0,50,3800,3,75,1,254,unknown,SteingroverInPrep,2
25375,100,-1250,-1150,2650,2,76,1,254,unknown,SteingroverInPrep,2
25376,50,0,50,2700,3,77,1,254,unknown,SteingroverInPrep,2
25377,50,-50,0,2700,3,78,1,254,unknown,SteingroverInPrep,2
25378,50,0,50,2750,3,79,1,254,unknown,SteingroverInPrep,2
25379,50,-50,0,2750,3,80,1,254,unknown,SteingroverInPrep,2
25380,50,0,50,2800,3,81,1,254,unknown,SteingroverInPrep,2
25381,50,0,50,2850,3,82,1,254,unknown,SteingroverInPrep,2
25382,50,0,50,2900,3,83,1,254,unknown,SteingroverInPrep,2
25383,50,0,50,2950,3,84,1,254,unknown,SteingroverInPrep,2
25384,50,0,50,3000,3,85,1,254,unknown,SteingroverInPrep,2
25385,50,-50,0,3000,3,86,1,254,unknown,SteingroverInPrep,2
25386,50,-50,0,3000,3,87,1,254,unknown,SteingroverInPrep,2
25387,50,0,50,3050,3,88,1,254,unknown,SteingroverInPrep,2
25388,50,-50,0,3050,3,89,1,254,unknown,SteingroverInPrep,2
25389,50,-50,0,3050,3,90,1,254,unknown,SteingroverInPrep,2
25390,50,-50,0,3050,3,91,1,254,unknown,SteingroverInPrep,2
25391,50,0,50,3100,3,92,1,254,unknown,SteingroverInPrep,2
25392,50,0,50,3150,3,93,1,254,unknown,SteingroverInPrep,2
25393,50,-50,0,3150,3,94,1,254,unknown,SteingroverInPrep,2
25394,50,0,50,3200,3,95,1,254,unknown,SteingroverInPrep,2
25395,50,0,50,3250,3,96,1,254,unknown,SteingroverInPrep,2
25396,50,-50,0,3250,3,97,1,254,unknown,SteingroverInPrep,2
25397,50,-50,0,3250,3,98,1,254,unknown,SteingroverInPrep,2
25398,50,-50,0,3250,3,99,1,254,unknown,SteingroverInPrep,2
25399,50,-50,0,3250,3,100,1,254,unknown,SteingroverInPrep,2
25400,100,0,100,2100,1,1,1,255,unknown,SteingroverInPrep,2
25401,100,0,100,2200,2,2,1,255,unknown,SteingroverInPrep,2
25402,50,-50,0,2200,3,3,1,255,unknown,SteingroverInPrep,2
25403,50,0,50,2250,4,4,1,255,unknown,SteingroverInPrep,2
25404,100,0,100,2350,1,5,1,255,unknown,SteingroverInPrep,2
25405,100,-350,-250,2100,1,6,1,255,unknown,SteingroverInPrep,2
25406,100,-300,-200,1900,1,7,1,255,unknown,SteingroverInPrep,2
25407,100,-1250,-1150,750,2,8,1,255,unknown,SteingroverInPrep,2
25408,50,0,50,800,3,9,1,255,unknown,SteingroverInPrep,2
25409,50,0,50,850,4,10,1,255,unknown,SteingroverInPrep,2
25410,50,-50,0,850,3,11,1,255,unknown,SteingroverInPrep,2
25411,100,0,100,950,2,12,1,255,unknown,SteingroverInPrep,2
25412,100,-150,-50,900,1,13,1,255,unknown,SteingroverInPrep,2
25413,100,0,100,1000,2,14,1,255,unknown,SteingroverInPrep,2
25414,50,0,50,1050,3,15,1,255,unknown,SteingroverInPrep,2
25415,50,0,50,1100,4,16,1,255,unknown,SteingroverInPrep,2
25416,50,-250,-200,900,4,17,1,255,unknown,SteingroverInPrep,2
25417,50,-50,0,900,3,18,1,255,unknown,SteingroverInPrep,2
25418,100,0,100,1000,2,19,1,255,unknown,SteingroverInPrep,2
25419,100,0,100,1100,1,20,1,255,unknown,SteingroverInPrep,2
25420,100,0,100,1200,2,21,1,255,unknown,SteingroverInPrep,2
25421,50,0,50,1250,3,22,1,255,unknown,SteingroverInPrep,2
25422,50,0,50,1300,4,23,1,255,unknown,SteingroverInPrep,2
25423,50,0,50,1350,3,24,1,255,unknown,SteingroverInPrep,2
25424,100,0,100,1450,2,25,1,255,unknown,SteingroverInPrep,2
25425,100,-200,-100,1350,1,26,1,255,unknown,SteingroverInPrep,2
25426,100,0,100,1450,2,27,1,255,unknown,SteingroverInPrep,2
25427,50,0,50,1500,3,28,1,255,unknown,SteingroverInPrep,2
25428,50,0,50,1550,4,29,1,255,unknown,SteingroverInPrep,2
25429,50,-50,0,1550,3,30,1,255,unknown,SteingroverInPrep,2
25430,100,0,100,1650,2,31,1,255,unknown,SteingroverInPrep,2
25431,100,0,100,1750,1,32,1,255,unknown,SteingroverInPrep,2
25432,100,0,100,1850,2,33,1,255,unknown,SteingroverInPrep,2
25433,50,-50,0,1850,3,34,1,255,unknown,SteingroverInPrep,2
25434,50,0,50,1900,4,35,1,255,unknown,SteingroverInPrep,2
25435,50,-50,0,1900,3,36,1,255,unknown,SteingroverInPrep,2
25436,100,0,100,2000,2,37,1,255,unknown,SteingroverInPrep,2
25437,100,-250,-150,1850,1,38,1,255,unknown,SteingroverInPrep,2
25438,100,0,100,1950,2,39,1,255,unknown,SteingroverInPrep,2
25439,50,-50,0,1950,3,40,1,255,unknown,SteingroverInPrep,2
25440,50,0,50,2000,4,41,1,255,unknown,SteingroverInPrep,2
25441,50,0,50,2050,3,42,1,255,unknown,SteingroverInPrep,2
25442,100,0,100,2150,2,43,1,255,unknown,SteingroverInPrep,2
25443,100,0,100,2250,1,44,1,255,unknown,SteingroverInPrep,2
25444,100,0,100,2350,2,45,1,255,unknown,SteingroverInPrep,2
25445,50,-50,0,2350,3,46,1,255,unknown,SteingroverInPrep,2
25446,50,0,50,2400,4,47,1,255,unknown,SteingroverInPrep,2
25447,50,0,50,2450,3,48,1,255,unknown,SteingroverInPrep,2
25448,100,0,100,2550,2,49,1,255,unknown,SteingroverInPrep,2
25449,100,-250,-150,2400,1,50,1,255,unknown,SteingroverInPrep,2
25450,100,0,100,2500,2,51,1,255,unknown,SteingroverInPrep,2
25451,50,-50,0,2500,3,52,1,255,unknown,SteingroverInPrep,2
25452,50,0,50,2550,4,53,1,255,unknown,SteingroverInPrep,2
25453,50,0,50,2600,3,54,1,255,unknown,SteingroverInPrep,2
25454,100,0,100,2700,2,55,1,255,unknown,SteingroverInPrep,2
25455,100,0,100,2800,1,56,1,255,unknown,SteingroverInPrep,2
25456,100,-1250,-1150,1650,2,57,1,255,unknown,SteingroverInPrep,2
25457,50,0,50,1700,3,58,1,255,unknown,SteingroverInPrep,2
25458,50,0,50,1750,4,59,1,255,unknown,SteingroverInPrep,2
25459,50,-50,0,1750,3,60,1,255,unknown,SteingroverInPrep,2
25460,100,0,100,1850,2,61,1,255,unknown,SteingroverInPrep,2
25461,100,0,100,1950,1,62,1,255,unknown,SteingroverInPrep,2
25462,100,0,100,2050,2,63,1,255,unknown,SteingroverInPrep,2
25463,50,0,50,2100,3,64,1,255,unknown,SteingroverInPrep,2
25464,50,0,50,2150,4,65,1,255,unknown,SteingroverInPrep,2
25465,50,0,50,2200,3,66,1,255,unknown,SteingroverInPrep,2
25466,100,0,100,2300,2,67,1,255,unknown,SteingroverInPrep,2
25467,100,0,100,2400,1,68,1,255,unknown,SteingroverInPrep,2
25468,100,0,100,2500,2,69,1,255,unknown,SteingroverInPrep,2
25469,50,-50,0,2500,3,70,1,255,unknown,SteingroverInPrep,2
25470,50,0,50,2550,4,71,1,255,unknown,SteingroverInPrep,2
25471,50,-50,0,2550,3,72,1,255,unknown,SteingroverInPrep,2
25472,100,0,100,2650,2,73,1,255,unknown,SteingroverInPrep,2
25473,100,0,100,2750,1,74,1,255,unknown,SteingroverInPrep,2
25474,100,0,100,2850,2,75,1,255,unknown,SteingroverInPrep,2
25475,50,-50,0,2850,3,76,1,255,unknown,SteingroverInPrep,2
25476,50,0,50,2900,4,77,1,255,unknown,SteingroverInPrep,2
25477,50,-50,0,2900,3,78,1,255,unknown,SteingroverInPrep,2
25478,100,-1250,-1150,1750,2,79,1,255,unknown,SteingroverInPrep,2
25479,100,-150,-50,1700,1,80,1,255,unknown,SteingroverInPrep,2
25480,100,0,100,1800,2,81,1,255,unknown,SteingroverInPrep,2
25481,50,0,50,1850,3,82,1,255,unknown,SteingroverInPrep,2
25482,50,0,50,1900,4,83,1,255,unknown,SteingroverInPrep,2
25483,50,0,50,1950,3,84,1,255,unknown,SteingroverInPrep,2
25484,100,0,100,2050,2,85,1,255,unknown,SteingroverInPrep,2
25485,100,-300,-200,1850,1,86,1,255,unknown,SteingroverInPrep,2
25486,100,0,100,1950,2,87,1,255,unknown,SteingroverInPrep,2
25487,50,-50,0,1950,3,88,1,255,unknown,SteingroverInPrep,2
25488,50,0,50,2000,4,89,1,255,unknown,SteingroverInPrep,2
25489,50,0,50,2050,3,90,1,255,unknown,SteingroverInPrep,2
25490,100,0,100,2150,2,91,1,255,unknown,SteingroverInPrep,2
25491,100,-350,-250,1900,1,92,1,255,unknown,SteingroverInPrep,2
25492,100,0,100,2000,2,93,1,255,unknown,SteingroverInPrep,2
25493,50,0,50,2050,3,94,1,255,unknown,SteingroverInPrep,2
25494,50,0,50,2100,4,95,1,255,unknown,SteingroverInPrep,2
25495,50,-50,0,2100,3,96,1,255,unknown,SteingroverInPrep,2
25496,100,0,100,2200,2,97,1,255,unknown,SteingroverInPrep,2
25497,100,-200,-100,2100,1,98,1,255,unknown,SteingroverInPrep,2
25498,100,0,100,2200,2,99,1,255,unknown,SteingroverInPrep,2
25499,50,0,50,2250,3,100,1,255,unknown,SteingroverInPrep,2
25500,100,0,100,2100,1,1,1,256,unknown,SteingroverInPrep,2
25501,100,-250,-150,1950,1,2,1,256,unknown,SteingroverInPrep,2
25502,100,-200,-100,1850,1,3,1,256,unknown,SteingroverInPrep,2
25503,100,0,100,1950,2,4,1,256,unknown,SteingroverInPrep,2
25504,50,0,50,2000,3,5,1,256,unknown,SteingroverInPrep,2
25505,50,0,50,2050,4,6,1,256,unknown,SteingroverInPrep,2
25506,100,0,100,2150,1,7,1,256,unknown,SteingroverInPrep,2
25507,100,-1250,-1150,1000,2,8,1,256,unknown,SteingroverInPrep,2
25508,100,0,100,1100,1,9,1,256,unknown,SteingroverInPrep,2
25509,50,0,50,1150,4,10,1,256,unknown,SteingroverInPrep,2
25510,100,-350,-250,900,1,11,1,256,unknown,SteingroverInPrep,2
25511,50,-50,0,900,3,12,1,256,unknown,SteingroverInPrep,2
25512,100,0,100,1000,2,13,1,256,unknown,SteingroverInPrep,2
25513,50,0,50,1050,4,14,1,256,unknown,SteingroverInPrep,2
25514,100,0,100,1150,1,15,1,256,unknown,SteingroverInPrep,2
25515,50,-50,0,1150,3,16,1,256,unknown,SteingroverInPrep,2
25516,100,0,100,1250,2,17,1,256,unknown,SteingroverInPrep,2
25517,50,0,50,1300,4,18,1,256,unknown,SteingroverInPrep,2
25518,100,-150,-50,1250,1,19,1,256,unknown,SteingroverInPrep,2
25519,50,0,50,1300,3,20,1,256,unknown,SteingroverInPrep,2
25520,100,0,100,1400,2,21,1,256,unknown,SteingroverInPrep,2
25521,50,-250,-200,1200,4,22,1,256,unknown,SteingroverInPrep,2
25522,100,0,100,1300,1,23,1,256,unknown,SteingroverInPrep,2
25523,50,0,50,1350,3,24,1,256,unknown,SteingroverInPrep,2
25524,100,0,100,1450,2,25,1,256,unknown,SteingroverInPrep,2
25525,100,-300,-200,1250,1,26,1,256,unknown,SteingroverInPrep,2
25526,50,0,50,1300,4,27,1,256,unknown,SteingroverInPrep,2
25527,50,-50,0,1300,3,28,1,256,unknown,SteingroverInPrep,2
25528,100,0,100,1400,2,29,1,256,unknown,SteingroverInPrep,2
25529,100,0,100,1500,1,30,1,256,unknown,SteingroverInPrep,2
25530,50,0,50,1550,4,31,1,256,unknown,SteingroverInPrep,2
25531,100,0,100,1650,2,32,1,256,unknown,SteingroverInPrep,2
25532,50,-50,0,1650,3,33,1,256,unknown,SteingroverInPrep,2
25533,100,-300,-200,1450,1,34,1,256,unknown,SteingroverInPrep,2
25534,50,0,50,1500,4,35,1,256,unknown,SteingroverInPrep,2
25535,50,0,50,1550,3,36,1,256,unknown,SteingroverInPrep,2
25536,100,0,100,1650,2,37,1,256,unknown,SteingroverInPrep,2
25537,50,-50,0,1650,3,38,1,256,unknown,SteingroverInPrep,2
25538,100,0,100,1750,2,39,1,256,unknown,SteingroverInPrep,2
25539,50,0,50,1800,3,40,1,256,unknown,SteingroverInPrep,2
25540,100,0,100,1900,2,41,1,256,unknown,SteingroverInPrep,2
25541,50,-50,0,1900,3,42,1,256,unknown,SteingroverInPrep,2
25542,100,-1250,-1150,750,2,43,1,256,unknown,SteingroverInPrep,2
25543,50,-50,0,750,3,44,1,256,unknown,SteingroverInPrep,2
25544,50,0,50,800,4,45,1,256,unknown,SteingroverInPrep,2
25545,100,-250,-150,650,1,46,1,256,unknown,SteingroverInPrep,2
25546,100,0,100,750,2,47,1,256,unknown,SteingroverInPrep,2
25547,50,0,50,800,3,48,1,256,unknown,SteingroverInPrep,2
25548,100,-150,-50,750,1,49,1,256,unknown,SteingroverInPrep,2
25549,100,0,100,850,2,50,1,256,unknown,SteingroverInPrep,2
25550,50,0,50,900,4,51,1,256,unknown,SteingroverInPrep,2
25551,50,-50,0,900,3,52,1,256,unknown,SteingroverInPrep,2
25552,50,-50,0,900,3,53,1,256,unknown,SteingroverInPrep,2
25553,50,0,50,950,3,54,1,256,unknown,SteingroverInPrep,2
25554,50,-50,0,950,3,55,1,256,unknown,SteingroverInPrep,2
25555,50,0,50,1000,3,56,1,256,unknown,SteingroverInPrep,2
25556,50,0,50,1050,3,57,1,256,unknown,SteingroverInPrep,2
25557,50,0,50,1100,3,58,1,256,unknown,SteingroverInPrep,2
25558,50,-50,0,1100,3,59,1,256,unknown,SteingroverInPrep,2
25559,50,0,50,1150,3,60,1,256,unknown,SteingroverInPrep,2
25560,50,0,50,1200,3,61,1,256,unknown,SteingroverInPrep,2
25561,50,-50,0,1200,3,62,1,256,unknown,SteingroverInPrep,2
25562,50,-50,0,1200,3,63,1,256,unknown,SteingroverInPrep,2
25563,50,-50,0,1200,3,64,1,256,unknown,SteingroverInPrep,2
25564,50,0,50,1250,3,65,1,256,unknown,SteingroverInPrep,2
25565,50,0,50,1300,3,66,1,256,unknown,SteingroverInPrep,2
25566,50,0,50,1350,3,67,1,256,unknown,SteingroverInPrep,2
25567,50,-50,0,1350,3,68,1,256,unknown,SteingroverInPrep,2
25568,50,-50,0,1350,3,69,1,256,unknown,SteingroverInPrep,2
25569,50,0,50,1400,3,70,1,256,unknown,SteingroverInPrep,2
25570,50,0,50,1450,3,71,1,256,unknown,SteingroverInPrep,2
25571,50,-50,0,1450,3,72,1,256,unknown,SteingroverInPrep,2
25572,50,0,50,1500,3,73,1,256,unknown,SteingroverInPrep,2
25573,50,-50,0,1500,3,74,1,256,unknown,SteingroverInPrep,2
25574,50,-50,0,1500,3,75,1,256,unknown,SteingroverInPrep,2
25575,50,0,50,1550,3,76,1,256,unknown,SteingroverInPrep,2
25576,50,0,50,1600,3,77,1,256,unknown,SteingroverInPrep,2
25577,50,-50,0,1600,3,78,1,256,unknown,SteingroverInPrep,2
25578,50,-50,0,1600,3,79,1,256,unknown,SteingroverInPrep,2
25579,50,0,50,1650,3,80,1,256,unknown,SteingroverInPrep,2
25580,50,0,50,1700,3,81,1,256,unknown,SteingroverInPrep,2
25581,50,-50,0,1700,3,82,1,256,unknown,SteingroverInPrep,2
25582,50,0,50,1750,3,83,1,256,unknown,SteingroverInPrep,2
25583,50,0,50,1800,3,84,1,256,unknown,SteingroverInPrep,2
25584,50,0,50,1850,3,85,1,256,unknown,SteingroverInPrep,2
25585,50,-50,0,1850,3,86,1,256,unknown,SteingroverInPrep,2
25586,50,-50,0,1850,3,87,1,256,unknown,SteingroverInPrep,2
25587,50,-50,0,1850,3,88,1,256,unknown,SteingroverInPrep,2
25588,50,-50,0,1850,3,89,1,256,unknown,SteingroverInPrep,2
25589,50,-50,0,1850,3,90,1,256,unknown,SteingroverInPrep,2
25590,50,0,50,1900,3,91,1,256,unknown,SteingroverInPrep,2
25591,50,-50,0,1900,3,92,1,256,unknown,SteingroverInPrep,2
25592,50,0,50,1950,3,93,1,256,unknown,SteingroverInPrep,2
25593,50,-50,0,1950,3,94,1,256,unknown,SteingroverInPrep,2
25594,50,0,50,2000,3,95,1,256,unknown,SteingroverInPrep,2
25595,50,0,50,2050,3,96,1,256,unknown,SteingroverInPrep,2
25596,50,0,50,2100,3,97,1,256,unknown,SteingroverInPrep,2
25597,50,-50,0,2100,3,98,1,256,unknown,SteingroverInPrep,2
25598,50,-50,0,2100,3,99,1,256,unknown,SteingroverInPrep,2
25599,50,-50,0,2100,3,100,1,256,unknown,SteingroverInPrep,2
25600,100,-200,-100,1900,1,1,1,257,unknown,SteingroverInPrep,2
25601,100,-150,-50,1850,1,2,1,257,unknown,SteingroverInPrep,2
25602,100,-350,-250,1600,1,3,1,257,unknown,SteingroverInPrep,2
25603,100,0,100,1700,2,4,1,257,unknown,SteingroverInPrep,2
25604,100,0,100,1800,2,5,1,257,unknown,SteingroverInPrep,2
25605,100,0,100,1900,2,6,1,257,unknown,SteingroverInPrep,2
25606,100,0,100,2000,2,7,1,257,unknown,SteingroverInPrep,2
25607,100,0,100,2100,2,8,1,257,unknown,SteingroverInPrep,2
25608,50,-50,0,2100,3,9,1,257,unknown,SteingroverInPrep,2
25609,50,0,50,2150,4,10,1,257,unknown,SteingroverInPrep,2
25610,100,0,100,2250,2,11,1,257,unknown,SteingroverInPrep,2
25611,100,-1250,-1150,1100,2,12,1,257,unknown,SteingroverInPrep,2
25612,100,0,100,1200,2,13,1,257,unknown,SteingroverInPrep,2
25613,100,0,100,1300,2,14,1,257,unknown,SteingroverInPrep,2
25614,100,0,100,1400,2,15,1,257,unknown,SteingroverInPrep,2
25615,100,0,100,1500,2,16,1,257,unknown,SteingroverInPrep,2
25616,100,-1250,-1150,350,2,17,1,257,unknown,SteingroverInPrep,2
25617,100,0,100,450,2,18,1,257,unknown,SteingroverInPrep,2
25618,100,0,100,550,2,19,1,257,unknown,SteingroverInPrep,2
25619,100,0,100,650,2,20,1,257,unknown,SteingroverInPrep,2
25620,100,0,100,750,2,21,1,257,unknown,SteingroverInPrep,2
25621,50,0,50,800,4,22,1,257,unknown,SteingroverInPrep,2
25622,100,0,100,900,2,23,1,257,unknown,SteingroverInPrep,2
25623,100,0,100,1000,2,24,1,257,unknown,SteingroverInPrep,2
25624,100,0,100,1100,2,25,1,257,unknown,SteingroverInPrep,2
25625,100,0,100,1200,2,26,1,257,unknown,SteingroverInPrep,2
25626,50,0,50,1250,4,27,1,257,unknown,SteingroverInPrep,2
25627,100,0,100,1350,2,28,1,257,unknown,SteingroverInPrep,2
25628,100,0,100,1450,2,29,1,257,unknown,SteingroverInPrep,2
25629,100,0,100,1550,2,30,1,257,unknown,SteingroverInPrep,2
25630,100,0,100,1650,2,31,1,257,unknown,SteingroverInPrep,2
25631,50,0,50,1700,4,32,1,257,unknown,SteingroverInPrep,2
25632,100,0,100,1800,2,33,1,257,unknown,SteingroverInPrep,2
25633,100,-1250,-1150,650,2,34,1,257,unknown,SteingroverInPrep,2
25634,50,-50,0,650,3,35,1,257,unknown,SteingroverInPrep,2
25635,50,0,50,700,4,36,1,257,unknown,SteingroverInPrep,2
25636,50,0,50,750,4,37,1,257,unknown,SteingroverInPrep,2
25637,50,0,50,800,4,38,1,257,unknown,SteingroverInPrep,2
25638,50,-250,-200,600,4,39,1,257,unknown,SteingroverInPrep,2
25639,100,0,100,700,2,40,1,257,unknown,SteingroverInPrep,2
25640,100,0,100,800,2,41,1,257,unknown,SteingroverInPrep,2
25641,100,0,100,900,2,42,1,257,unknown,SteingroverInPrep,2
25642,100,0,100,1000,2,43,1,257,unknown,SteingroverInPrep,2
25643,100,0,100,1100,2,44,1,257,unknown,SteingroverInPrep,2
25644,100,0,100,1200,2,45,1,257,unknown,SteingroverInPrep,2
25645,100,0,100,1300,2,46,1,257,unknown,SteingroverInPrep,2
25646,100,-1250,-1150,150,2,47,1,257,unknown,SteingroverInPrep,2
25647,100,0,100,250,2,48,1,257,unknown,SteingroverInPrep,2
25648,100,0,100,350,2,49,1,257,unknown,SteingroverInPrep,2
25649,100,0,100,450,2,50,1,257,unknown,SteingroverInPrep,2
25650,100,0,100,550,2,51,1,257,unknown,SteingroverInPrep,2
25651,100,0,100,650,2,52,1,257,unknown,SteingroverInPrep,2
25652,100,0,100,750,2,53,1,257,unknown,SteingroverInPrep,2
25653,100,0,100,850,2,54,1,257,unknown,SteingroverInPrep,2
25654,100,0,100,950,2,55,1,257,unknown,SteingroverInPrep,2
25655,50,0,50,1000,4,56,1,257,unknown,SteingroverInPrep,2
25656,100,0,100,1100,2,57,1,257,unknown,SteingroverInPrep,2
25657,50,0,50,1150,4,58,1,257,unknown,SteingroverInPrep,2
25658,100,-1250,-1150,0,2,59,1,257,unknown,SteingroverInPrep,2
25659,100,0,100,100,2,60,1,257,unknown,SteingroverInPrep,2
25660,100,0,100,200,2,61,1,257,unknown,SteingroverInPrep,2
25661,50,0,50,250,3,62,1,257,unknown,SteingroverInPrep,2
25662,50,0,50,300,3,63,1,257,unknown,SteingroverInPrep,2
25663,50,0,50,350,3,64,1,257,unknown,SteingroverInPrep,2
25664,100,0,100,450,2,65,1,257,unknown,SteingroverInPrep,2
25665,100,0,100,550,2,66,1,257,unknown,SteingroverInPrep,2
25666,100,0,100,650,2,67,1,257,unknown,SteingroverInPrep,2
25667,100,0,100,750,2,68,1,257,unknown,SteingroverInPrep,2
25668,50,-50,0,750,3,69,1,257,unknown,SteingroverInPrep,2
25669,50,0,50,800,4,70,1,257,unknown,SteingroverInPrep,2
25670,50,0,50,850,4,71,1,257,unknown,SteingroverInPrep,2
25671,50,0,50,900,3,72,1,257,unknown,SteingroverInPrep,2
25672,100,0,100,1000,2,73,1,257,unknown,SteingroverInPrep,2
25673,100,0,100,1100,2,74,1,257,unknown,SteingroverInPrep,2
25674,50,0,50,1150,3,75,1,257,unknown,SteingroverInPrep,2
25675,50,-50,0,1150,3,76,1,257,unknown,SteingroverInPrep,2
25676,50,0,50,1200,4,77,1,257,unknown,SteingroverInPrep,2
25677,50,-250,-200,1000,4,78,1,257,unknown,SteingroverInPrep,2
25678,100,0,100,1100,2,79,1,257,unknown,SteingroverInPrep,2
25679,100,0,100,1200,2,80,1,257,unknown,SteingroverInPrep,2
25680,100,0,100,1300,2,81,1,257,unknown,SteingroverInPrep,2
25681,100,0,100,1400,2,82,1,257,unknown,SteingroverInPrep,2
25682,50,-50,0,1400,3,83,1,257,unknown,SteingroverInPrep,2
25683,50,-50,0,1400,3,84,1,257,unknown,SteingroverInPrep,2
25684,50,0,50,1450,4,85,1,257,unknown,SteingroverInPrep,2
25685,50,0,50,1500,4,86,1,257,unknown,SteingroverInPrep,2
25686,50,0,50,1550,4,87,1,257,unknown,SteingroverInPrep,2
25687,100,0,100,1650,2,88,1,257,unknown,SteingroverInPrep,2
25688,100,-1250,-1150,500,2,89,1,257,unknown,SteingroverInPrep,2
25689,100,0,100,600,2,90,1,257,unknown,SteingroverInPrep,2
25690,100,0,100,700,2,91,1,257,unknown,SteingroverInPrep,2
25691,100,0,100,800,2,92,1,257,unknown,SteingroverInPrep,2
25692,100,-1250,-1150,-350,2,93,1,257,unknown,SteingroverInPrep,2
25693,100,0,100,-250,2,94,1,257,unknown,SteingroverInPrep,2
25694,100,0,100,-150,2,95,1,257,unknown,SteingroverInPrep,2
25695,100,0,100,-50,2,96,1,257,unknown,SteingroverInPrep,2
25696,100,0,100,50,2,97,1,257,unknown,SteingroverInPrep,2
25697,100,0,100,150,2,98,1,257,unknown,SteingroverInPrep,2
25698,50,0,50,200,3,99,1,257,unknown,SteingroverInPrep,2
25699,100,0,100,300,2,100,1,257,unknown,SteingroverInPrep,2
25700,100,0,100,2100,1,1,1,258,unknown,SteingroverInPrep,2
25701,100,0,100,2200,2,2,1,258,unknown,SteingroverInPrep,2
25702,50,0,50,2250,3,3,1,258,unknown,SteingroverInPrep,2
25703,50,-250,-200,2050,4,4,1,258,unknown,SteingroverInPrep,2
25704,100,-300,-200,1850,1,5,1,258,unknown,SteingroverInPrep,2
25705,100,0,100,1950,2,6,1,258,unknown,SteingroverInPrep,2
25706,50,-50,0,1950,3,7,1,258,unknown,SteingroverInPrep,2
25707,50,0,50,2000,4,8,1,258,unknown,SteingroverInPrep,2
25708,100,0,100,2100,1,9,1,258,unknown,SteingroverInPrep,2
25709,100,0,100,2200,2,10,1,258,unknown,SteingroverInPrep,2
25710,50,-50,0,2200,3,11,1,258,unknown,SteingroverInPrep,2
25711,50,0,50,2250,4,12,1,258,unknown,SteingroverInPrep,2
25712,100,0,100,2350,2,13,1,258,unknown,SteingroverInPrep,2
25713,100,0,100,2450,2,14,1,258,unknown,SteingroverInPrep,2
25714,100,-1250,-1150,1300,2,15,1,258,unknown,SteingroverInPrep,2
25715,100,0,100,1400,1,16,1,258,unknown,SteingroverInPrep,2
25716,50,0,50,1450,3,17,1,258,unknown,SteingroverInPrep,2
25717,50,0,50,1500,3,18,1,258,unknown,SteingroverInPrep,2
25718,50,-50,0,1500,3,19,1,258,unknown,SteingroverInPrep,2
25719,100,-200,-100,1400,1,20,1,258,unknown,SteingroverInPrep,2
25720,50,0,50,1450,4,21,1,258,unknown,SteingroverInPrep,2
25721,100,0,100,1550,2,22,1,258,unknown,SteingroverInPrep,2
25722,50,-50,0,1550,3,23,1,258,unknown,SteingroverInPrep,2
25723,50,0,50,1600,3,24,1,258,unknown,SteingroverInPrep,2
25724,50,-50,0,1600,3,25,1,258,unknown,SteingroverInPrep,2
25725,50,0,50,1650,3,26,1,258,unknown,SteingroverInPrep,2
25726,50,0,50,1700,3,27,1,258,unknown,SteingroverInPrep,2
25727,50,0,50,1750,3,28,1,258,unknown,SteingroverInPrep,2
25728,50,-50,0,1750,3,29,1,258,unknown,SteingroverInPrep,2
25729,50,-50,0,1750,3,30,1,258,unknown,SteingroverInPrep,2
25730,50,-50,0,1750,3,31,1,258,unknown,SteingroverInPrep,2
25731,50,0,50,1800,3,32,1,258,unknown,SteingroverInPrep,2
25732,50,0,50,1850,3,33,1,258,unknown,SteingroverInPrep,2
25733,50,-50,0,1850,3,34,1,258,unknown,SteingroverInPrep,2
25734,50,0,50,1900,3,35,1,258,unknown,SteingroverInPrep,2
25735,50,-50,0,1900,3,36,1,258,unknown,SteingroverInPrep,2
25736,50,-50,0,1900,3,37,1,258,unknown,SteingroverInPrep,2
25737,50,0,50,1950,3,38,1,258,unknown,SteingroverInPrep,2
25738,50,-50,0,1950,3,39,1,258,unknown,SteingroverInPrep,2
25739,50,-50,0,1950,3,40,1,258,unknown,SteingroverInPrep,2
25740,50,0,50,2000,3,41,1,258,unknown,SteingroverInPrep,2
25741,50,0,50,2050,3,42,1,258,unknown,SteingroverInPrep,2
25742,50,-50,0,2050,3,43,1,258,unknown,SteingroverInPrep,2
25743,50,-50,0,2050,3,44,1,258,unknown,SteingroverInPrep,2
25744,50,0,50,2100,3,45,1,258,unknown,SteingroverInPrep,2
25745,50,0,50,2150,3,46,1,258,unknown,SteingroverInPrep,2
25746,50,-50,0,2150,3,47,1,258,unknown,SteingroverInPrep,2
25747,50,0,50,2200,3,48,1,258,unknown,SteingroverInPrep,2
25748,50,-50,0,2200,3,49,1,258,unknown,SteingroverInPrep,2
25749,50,0,50,2250,3,50,1,258,unknown,SteingroverInPrep,2
25750,50,-50,0,2250,3,51,1,258,unknown,SteingroverInPrep,2
25751,50,0,50,2300,3,52,1,258,unknown,SteingroverInPrep,2
25752,50,0,50,2350,3,53,1,258,unknown,SteingroverInPrep,2
25753,50,-50,0,2350,3,54,1,258,unknown,SteingroverInPrep,2
25754,50,0,50,2400,3,55,1,258,unknown,SteingroverInPrep,2
25755,50,-50,0,2400,3,56,1,258,unknown,SteingroverInPrep,2
25756,50,-50,0,2400,3,57,1,258,unknown,SteingroverInPrep,2
25757,50,-50,0,2400,3,58,1,258,unknown,SteingroverInPrep,2
25758,50,0,50,2450,3,59,1,258,unknown,SteingroverInPrep,2
25759,50,0,50,2500,3,60,1,258,unknown,SteingroverInPrep,2
25760,50,-50,0,2500,3,61,1,258,unknown,SteingroverInPrep,2
25761,50,0,50,2550,3,62,1,258,unknown,SteingroverInPrep,2
25762,50,-50,0,2550,3,63,1,258,unknown,SteingroverInPrep,2
25763,50,-50,0,2550,3,64,1,258,unknown,SteingroverInPrep,2
25764,50,0,50,2600,3,65,1,258,unknown,SteingroverInPrep,2
25765,50,0,50,2650,3,66,1,258,unknown,SteingroverInPrep,2
25766,50,-50,0,2650,3,67,1,258,unknown,SteingroverInPrep,2
25767,50,-50,0,2650,3,68,1,258,unknown,SteingroverInPrep,2
25768,50,-50,0,2650,3,69,1,258,unknown,SteingroverInPrep,2
25769,50,0,50,2700,3,70,1,258,unknown,SteingroverInPrep,2
25770,100,-350,-250,2450,1,71,1,258,unknown,SteingroverInPrep,2
25771,50,0,50,2500,3,72,1,258,unknown,SteingroverInPrep,2
25772,50,0,50,2550,3,73,1,258,unknown,SteingroverInPrep,2
25773,50,-50,0,2550,3,74,1,258,unknown,SteingroverInPrep,2
25774,50,0,50,2600,3,75,1,258,unknown,SteingroverInPrep,2
25775,50,-50,0,2600,3,76,1,258,unknown,SteingroverInPrep,2
25776,50,0,50,2650,3,77,1,258,unknown,SteingroverInPrep,2
25777,50,0,50,2700,3,78,1,258,unknown,SteingroverInPrep,2
25778,50,0,50,2750,3,79,1,258,unknown,SteingroverInPrep,2
25779,50,0,50,2800,3,80,1,258,unknown,SteingroverInPrep,2
25780,50,0,50,2850,3,81,1,258,unknown,SteingroverInPrep,2
25781,50,-50,0,2850,3,82,1,258,unknown,SteingroverInPrep,2
25782,50,-50,0,2850,3,83,1,258,unknown,SteingroverInPrep,2
25783,50,-50,0,2850,3,84,1,258,unknown,SteingroverInPrep,2
25784,50,-50,0,2850,3,85,1,258,unknown,SteingroverInPrep,2
25785,50,0,50,2900,3,86,1,258,unknown,SteingroverInPrep,2
25786,50,-50,0,2900,3,87,1,258,unknown,SteingroverInPrep,2
25787,50,-50,0,2900,3,88,1,258,unknown,SteingroverInPrep,2
25788,50,0,50,2950,3,89,1,258,unknown,SteingroverInPrep,2
25789,50,0,50,3000,3,90,1,258,unknown,SteingroverInPrep,2
25790,50,0,50,3050,3,91,1,258,unknown,SteingroverInPrep,2
25791,50,-50,0,3050,3,92,1,258,unknown,SteingroverInPrep,2
25792,50,0,50,3100,3,93,1,258,unknown,SteingroverInPrep,2
25793,50,-50,0,3100,3,94,1,258,unknown,SteingroverInPrep,2
25794,50,-50,0,3100,3,95,1,258,unknown,SteingroverInPrep,2
25795,50,0,50,3150,3,96,1,258,unknown,SteingroverInPrep,2
25796,50,-50,0,3150,3,97,1,258,unknown,SteingroverInPrep,2
25797,50,0,50,3200,3,98,1,258,unknown,SteingroverInPrep,2
25798,50,-50,0,3200,3,99,1,258,unknown,SteingroverInPrep,2
25799,50,0,50,3250,3,100,1,258,unknown,SteingroverInPrep,2
25800,50,0,50,2050,3,1,1,259,unknown,SteingroverInPrep,2
25801,100,-350,-250,1800,1,2,1,259,unknown,SteingroverInPrep,2
25802,100,0,100,1900,2,3,1,259,unknown,SteingroverInPrep,2
25803,50,0,50,1950,4,4,1,259,unknown,SteingroverInPrep,2
25804,50,-50,0,1950,3,5,1,259,unknown,SteingroverInPrep,2
25805,100,0,100,2050,2,6,1,259,unknown,SteingroverInPrep,2
25806,50,0,50,2100,4,7,1,259,unknown,SteingroverInPrep,2
25807,100,0,100,2200,2,8,1,259,unknown,SteingroverInPrep,2
25808,100,0,100,2300,2,9,1,259,unknown,SteingroverInPrep,2
25809,100,0,100,2400,2,10,1,259,unknown,SteingroverInPrep,2
25810,50,-50,0,2400,3,11,1,259,unknown,SteingroverInPrep,2
25811,100,0,100,2500,2,12,1,259,unknown,SteingroverInPrep,2
25812,100,-1250,-1150,1350,2,13,1,259,unknown,SteingroverInPrep,2
25813,50,0,50,1400,4,14,1,259,unknown,SteingroverInPrep,2
25814,100,0,100,1500,1,15,1,259,unknown,SteingroverInPrep,2
25815,100,-200,-100,1400,1,16,1,259,unknown,SteingroverInPrep,2
25816,100,0,100,1500,2,17,1,259,unknown,SteingroverInPrep,2
25817,50,0,50,1550,3,18,1,259,unknown,SteingroverInPrep,2
25818,100,0,100,1650,2,19,1,259,unknown,SteingroverInPrep,2
25819,100,0,100,1750,2,20,1,259,unknown,SteingroverInPrep,2
25820,100,0,100,1850,2,21,1,259,unknown,SteingroverInPrep,2
25821,100,0,100,1950,2,22,1,259,unknown,SteingroverInPrep,2
25822,50,0,50,2000,4,23,1,259,unknown,SteingroverInPrep,2
25823,50,0,50,2050,4,24,1,259,unknown,SteingroverInPrep,2
25824,100,0,100,2150,2,25,1,259,unknown,SteingroverInPrep,2
25825,100,0,100,2250,2,26,1,259,unknown,SteingroverInPrep,2
25826,50,-250,-200,2050,4,27,1,259,unknown,SteingroverInPrep,2
25827,100,0,100,2150,2,28,1,259,unknown,SteingroverInPrep,2
25828,100,0,100,2250,1,29,1,259,unknown,SteingroverInPrep,2
25829,100,-150,-50,2200,1,30,1,259,unknown,SteingroverInPrep,2
25830,100,-1250,-1150,1050,2,31,1,259,unknown,SteingroverInPrep,2
25831,50,0,50,1100,3,32,1,259,unknown,SteingroverInPrep,2
25832,50,-50,0,1100,3,33,1,259,unknown,SteingroverInPrep,2
25833,50,0,50,1150,3,34,1,259,unknown,SteingroverInPrep,2
25834,50,0,50,1200,4,35,1,259,unknown,SteingroverInPrep,2
25835,50,0,50,1250,4,36,1,259,unknown,SteingroverInPrep,2
25836,50,0,50,1300,4,37,1,259,unknown,SteingroverInPrep,2
25837,50,0,50,1350,4,38,1,259,unknown,SteingroverInPrep,2
25838,100,0,100,1450,2,39,1,259,unknown,SteingroverInPrep,2
25839,100,0,100,1550,2,40,1,259,unknown,SteingroverInPrep,2
25840,100,0,100,1650,2,41,1,259,unknown,SteingroverInPrep,2
25841,100,0,100,1750,2,42,1,259,unknown,SteingroverInPrep,2
25842,100,0,100,1850,2,43,1,259,unknown,SteingroverInPrep,2
25843,100,0,100,1950,2,44,1,259,unknown,SteingroverInPrep,2
25844,100,0,100,2050,2,45,1,259,unknown,SteingroverInPrep,2
25845,50,0,50,2100,4,46,1,259,unknown,SteingroverInPrep,2
25846,50,0,50,2150,4,47,1,259,unknown,SteingroverInPrep,2
25847,50,0,50,2200,4,48,1,259,unknown,SteingroverInPrep,2
25848,50,0,50,2250,4,49,1,259,unknown,SteingroverInPrep,2
25849,50,0,50,2300,4,50,1,259,unknown,SteingroverInPrep,2
25850,50,0,50,2350,4,51,1,259,unknown,SteingroverInPrep,2
25851,50,0,50,2400,4,52,1,259,unknown,SteingroverInPrep,2
25852,50,0,50,2450,4,53,1,259,unknown,SteingroverInPrep,2
25853,50,0,50,2500,4,54,1,259,unknown,SteingroverInPrep,2
25854,50,-250,-200,2300,4,55,1,259,unknown,SteingroverInPrep,2
25855,50,-50,0,2300,3,56,1,259,unknown,SteingroverInPrep,2
25856,50,0,50,2350,4,57,1,259,unknown,SteingroverInPrep,2
25857,50,0,50,2400,4,58,1,259,unknown,SteingroverInPrep,2
25858,50,0,50,2450,4,59,1,259,unknown,SteingroverInPrep,2
25859,50,-250,-200,2250,4,60,1,259,unknown,SteingroverInPrep,2
25860,100,0,100,2350,2,61,1,259,unknown,SteingroverInPrep,2
25861,100,0,100,2450,2,62,1,259,unknown,SteingroverInPrep,2
25862,100,0,100,2550,2,63,1,259,unknown,SteingroverInPrep,2
25863,100,0,100,2650,2,64,1,259,unknown,SteingroverInPrep,2
25864,50,0,50,2700,3,65,1,259,unknown,SteingroverInPrep,2
25865,100,-1250,-1150,1550,2,66,1,259,unknown,SteingroverInPrep,2
25866,50,-50,0,1550,3,67,1,259,unknown,SteingroverInPrep,2
25867,50,0,50,1600,3,68,1,259,unknown,SteingroverInPrep,2
25868,50,0,50,1650,4,69,1,259,unknown,SteingroverInPrep,2
25869,50,0,50,1700,4,70,1,259,unknown,SteingroverInPrep,2
25870,50,0,50,1750,4,71,1,259,unknown,SteingroverInPrep,2
25871,50,0,50,1800,4,72,1,259,unknown,SteingroverInPrep,2
25872,50,0,50,1850,4,73,1,259,unknown,SteingroverInPrep,2
25873,50,0,50,1900,4,74,1,259,unknown,SteingroverInPrep,2
25874,50,0,50,1950,4,75,1,259,unknown,SteingroverInPrep,2
25875,100,0,100,2050,2,76,1,259,unknown,SteingroverInPrep,2
25876,100,0,100,2150,2,77,1,259,unknown,SteingroverInPrep,2
25877,100,0,100,2250,2,78,1,259,unknown,SteingroverInPrep,2
25878,100,0,100,2350,2,79,1,259,unknown,SteingroverInPrep,2
25879,100,0,100,2450,2,80,1,259,unknown,SteingroverInPrep,2
25880,100,0,100,2550,2,81,1,259,unknown,SteingroverInPrep,2
25881,50,0,50,2600,4,82,1,259,unknown,SteingroverInPrep,2
25882,50,0,50,2650,4,83,1,259,unknown,SteingroverInPrep,2
25883,50,0,50,2700,4,84,1,259,unknown,SteingroverInPrep,2
25884,50,0,50,2750,4,85,1,259,unknown,SteingroverInPrep,2
25885,50,0,50,2800,4,86,1,259,unknown,SteingroverInPrep,2
25886,50,0,50,2850,4,87,1,259,unknown,SteingroverInPrep,2
25887,50,0,50,2900,4,88,1,259,unknown,SteingroverInPrep,2
25888,50,0,50,2950,4,89,1,259,unknown,SteingroverInPrep,2
25889,50,-250,-200,2750,4,90,1,259,unknown,SteingroverInPrep,2
25890,50,-250,-200,2550,4,91,1,259,unknown,SteingroverInPrep,2
25891,100,0,100,2650,2,92,1,259,unknown,SteingroverInPrep,2
25892,100,0,100,2750,2,93,1,259,unknown,SteingroverInPrep,2
25893,100,0,100,2850,2,94,1,259,unknown,SteingroverInPrep,2
25894,50,0,50,2900,4,95,1,259,unknown,SteingroverInPrep,2
25895,50,0,50,2950,4,96,1,259,unknown,SteingroverInPrep,2
25896,50,0,50,3000,4,97,1,259,unknown,SteingroverInPrep,2
25897,50,0,50,3050,4,98,1,259,unknown,SteingroverInPrep,2
25898,50,0,50,3100,4,99,1,259,unknown,SteingroverInPrep,2
25899,50,0,50,3150,4,100,1,259,unknown,SteingroverInPrep,2
25900,100,-350,-250,1750,1,1,1,260,unknown,SteingroverInPrep,2
25901,100,0,100,1850,2,2,1,260,unknown,SteingroverInPrep,2
25902,50,-50,0,1850,3,3,1,260,unknown,SteingroverInPrep,2
25903,50,0,50,1900,4,4,1,260,unknown,SteingroverInPrep,2
25904,100,0,100,2000,2,5,1,260,unknown,SteingroverInPrep,2
25905,100,0,100,2100,2,6,1,260,unknown,SteingroverInPrep,2
25906,100,0,100,2200,2,7,1,260,unknown,SteingroverInPrep,2
25907,100,0,100,2300,2,8,1,260,unknown,SteingroverInPrep,2
25908,100,0,100,2400,2,9,1,260,unknown,SteingroverInPrep,2
25909,50,0,50,2450,4,10,1,260,unknown,SteingroverInPrep,2
25910,50,0,50,2500,4,11,1,260,unknown,SteingroverInPrep,2
25911,100,0,100,2600,2,12,1,260,unknown,SteingroverInPrep,2
25912,100,0,100,2700,2,13,1,260,unknown,SteingroverInPrep,2
25913,100,0,100,2800,2,14,1,260,unknown,SteingroverInPrep,2
25914,100,-1250,-1150,1650,2,15,1,260,unknown,SteingroverInPrep,2
25915,50,0,50,1700,4,16,1,260,unknown,SteingroverInPrep,2
25916,50,0,50,1750,4,17,1,260,unknown,SteingroverInPrep,2
25917,50,0,50,1800,4,18,1,260,unknown,SteingroverInPrep,2
25918,50,0,50,1850,3,19,1,260,unknown,SteingroverInPrep,2
25919,50,-250,-200,1650,4,20,1,260,unknown,SteingroverInPrep,2
25920,50,0,50,1700,3,21,1,260,unknown,SteingroverInPrep,2
25921,50,0,50,1750,3,22,1,260,unknown,SteingroverInPrep,2
25922,100,0,100,1850,1,23,1,260,unknown,SteingroverInPrep,2
25923,100,-150,-50,1800,1,24,1,260,unknown,SteingroverInPrep,2
25924,50,-50,0,1800,3,25,1,260,unknown,SteingroverInPrep,2
25925,100,-200,-100,1700,1,26,1,260,unknown,SteingroverInPrep,2
25926,100,0,100,1800,2,27,1,260,unknown,SteingroverInPrep,2
25927,100,0,100,1900,2,28,1,260,unknown,SteingroverInPrep,2
25928,100,-1250,-1150,750,2,29,1,260,unknown,SteingroverInPrep,2
25929,50,0,50,800,4,30,1,260,unknown,SteingroverInPrep,2
25930,50,0,50,850,4,31,1,260,unknown,SteingroverInPrep,2
25931,50,0,50,900,4,32,1,260,unknown,SteingroverInPrep,2
25932,50,0,50,950,4,33,1,260,unknown,SteingroverInPrep,2
25933,50,0,50,1000,4,34,1,260,unknown,SteingroverInPrep,2
25934,100,-300,-200,800,1,35,1,260,unknown,SteingroverInPrep,2
25935,50,0,50,850,3,36,1,260,unknown,SteingroverInPrep,2
25936,50,0,50,900,4,37,1,260,unknown,SteingroverInPrep,2
25937,50,-50,0,900,3,38,1,260,unknown,SteingroverInPrep,2
25938,50,0,50,950,4,39,1,260,unknown,SteingroverInPrep,2
25939,50,-250,-200,750,4,40,1,260,unknown,SteingroverInPrep,2
25940,50,-50,0,750,3,41,1,260,unknown,SteingroverInPrep,2
25941,50,-50,0,750,3,42,1,260,unknown,SteingroverInPrep,2
25942,100,0,100,850,1,43,1,260,unknown,SteingroverInPrep,2
25943,100,-250,-150,700,1,44,1,260,unknown,SteingroverInPrep,2
25944,100,0,100,800,2,45,1,260,unknown,SteingroverInPrep,2
25945,100,0,100,900,2,46,1,260,unknown,SteingroverInPrep,2
25946,100,0,100,1000,2,47,1,260,unknown,SteingroverInPrep,2
25947,50,0,50,1050,4,48,1,260,unknown,SteingroverInPrep,2
25948,100,0,100,1150,2,49,1,260,unknown,SteingroverInPrep,2
25949,100,0,100,1250,1,50,1,260,unknown,SteingroverInPrep,2
25950,50,0,50,1300,4,51,1,260,unknown,SteingroverInPrep,2
25951,100,0,100,1400,2,52,1,260,unknown,SteingroverInPrep,2
25952,50,0,50,1450,4,53,1,260,unknown,SteingroverInPrep,2
25953,100,0,100,1550,1,54,1,260,unknown,SteingroverInPrep,2
25954,100,0,100,1650,2,55,1,260,unknown,SteingroverInPrep,2
25955,50,0,50,1700,4,56,1,260,unknown,SteingroverInPrep,2
25956,100,0,100,1800,1,57,1,260,unknown,SteingroverInPrep,2
25957,100,0,100,1900,2,58,1,260,unknown,SteingroverInPrep,2
25958,100,0,100,2000,1,59,1,260,unknown,SteingroverInPrep,2
25959,50,0,50,2050,4,60,1,260,unknown,SteingroverInPrep,2
25960,100,0,100,2150,2,61,1,260,unknown,SteingroverInPrep,2
25961,100,0,100,2250,1,62,1,260,unknown,SteingroverInPrep,2
25962,50,0,50,2300,4,63,1,260,unknown,SteingroverInPrep,2
25963,50,0,50,2350,3,64,1,260,unknown,SteingroverInPrep,2
25964,100,0,100,2450,2,65,1,260,unknown,SteingroverInPrep,2
25965,100,0,100,2550,1,66,1,260,unknown,SteingroverInPrep,2
25966,100,0,100,2650,2,67,1,260,unknown,SteingroverInPrep,2
25967,50,0,50,2700,4,68,1,260,unknown,SteingroverInPrep,2
25968,100,0,100,2800,1,69,1,260,unknown,SteingroverInPrep,2
25969,100,0,100,2900,2,70,1,260,unknown,SteingroverInPrep,2
25970,100,-300,-200,2700,1,71,1,260,unknown,SteingroverInPrep,2
25971,50,0,50,2750,4,72,1,260,unknown,SteingroverInPrep,2
25972,50,0,50,2800,3,73,1,260,unknown,SteingroverInPrep,2
25973,100,0,100,2900,2,74,1,260,unknown,SteingroverInPrep,2
25974,50,-50,0,2900,3,75,1,260,unknown,SteingroverInPrep,2
25975,50,0,50,2950,4,76,1,260,unknown,SteingroverInPrep,2
25976,50,-50,0,2950,3,77,1,260,unknown,SteingroverInPrep,2
25977,50,0,50,3000,4,78,1,260,unknown,SteingroverInPrep,2
25978,100,0,100,3100,2,79,1,260,unknown,SteingroverInPrep,2
25979,100,0,100,3200,2,80,1,260,unknown,SteingroverInPrep,2
25980,50,0,50,3250,3,81,1,260,unknown,SteingroverInPrep,2
25981,100,-350,-250,3000,1,82,1,260,unknown,SteingroverInPrep,2
25982,50,-50,0,3000,3,83,1,260,unknown,SteingroverInPrep,2
25983,100,-1250,-1150,1850,2,84,1,260,unknown,SteingroverInPrep,2
25984,50,0,50,1900,4,85,1,260,unknown,SteingroverInPrep,2
25985,50,0,50,1950,4,86,1,260,unknown,SteingroverInPrep,2
25986,50,-250,-200,1750,4,87,1,260,unknown,SteingroverInPrep,2
25987,50,-50,0,1750,3,88,1,260,unknown,SteingroverInPrep,2
25988,100,-150,-50,1700,1,89,1,260,unknown,SteingroverInPrep,2
25989,100,0,100,1800,2,90,1,260,unknown,SteingroverInPrep,2
25990,100,0,100,1900,2,91,1,260,unknown,SteingroverInPrep,2
25991,100,0,100,2000,2,92,1,260,unknown,SteingroverInPrep,2
25992,100,0,100,2100,2,93,1,260,unknown,SteingroverInPrep,2
25993,100,0,100,2200,2,94,1,260,unknown,SteingroverInPrep,2
25994,50,0,50,2250,4,95,1,260,unknown,SteingroverInPrep,2
25995,50,0,50,2300,4,96,1,260,unknown,SteingroverInPrep,2
25996,100,-200,-100,2200,1,97,1,260,unknown,SteingroverInPrep,2
25997,100,0,100,2300,2,98,1,260,unknown,SteingroverInPrep,2
25998,50,0,50,2350,3,99,1,260,unknown,SteingroverInPrep,2
25999,50,-250,-200,2150,4,100,1,260,unknown,SteingroverInPrep,2
26000,100,0,100,2100,2,1,1,261,unknown,SteingroverInPrep,2
26001,50,-50,0,2100,3,2,1,261,unknown,SteingroverInPrep,2
26002,100,-250,-150,1950,1,3,1,261,unknown,SteingroverInPrep,2
26003,100,0,100,2050,2,4,1,261,unknown,SteingroverInPrep,2
26004,50,0,50,2100,4,5,1,261,unknown,SteingroverInPrep,2
26005,100,0,100,2200,2,6,1,261,unknown,SteingroverInPrep,2
26006,100,0,100,2300,2,7,1,261,unknown,SteingroverInPrep,2
26007,100,0,100,2400,2,8,1,261,unknown,SteingroverInPrep,2
26008,100,0,100,2500,2,9,1,261,unknown,SteingroverInPrep,2
26009,100,0,100,2600,2,10,1,261,unknown,SteingroverInPrep,2
26010,100,0,100,2700,2,11,1,261,unknown,SteingroverInPrep,2
26011,100,-1250,-1150,1550,2,12,1,261,unknown,SteingroverInPrep,2
26012,100,0,100,1650,2,13,1,261,unknown,SteingroverInPrep,2
26013,50,-50,0,1650,3,14,1,261,unknown,SteingroverInPrep,2
26014,50,0,50,1700,4,15,1,261,unknown,SteingroverInPrep,2
26015,50,0,50,1750,4,16,1,261,unknown,SteingroverInPrep,2
26016,100,0,100,1850,2,17,1,261,unknown,SteingroverInPrep,2
26017,100,-1250,-1150,700,2,18,1,261,unknown,SteingroverInPrep,2
26018,100,0,100,800,1,19,1,261,unknown,SteingroverInPrep,2
26019,100,0,100,900,1,20,1,261,unknown,SteingroverInPrep,2
26020,100,-150,-50,850,1,21,1,261,unknown,SteingroverInPrep,2
26021,100,0,100,950,2,22,1,261,unknown,SteingroverInPrep,2
26022,50,0,50,1000,4,23,1,261,unknown,SteingroverInPrep,2
26023,50,-50,0,1000,3,24,1,261,unknown,SteingroverInPrep,2
26024,100,0,100,1100,2,25,1,261,unknown,SteingroverInPrep,2
26025,100,0,100,1200,2,26,1,261,unknown,SteingroverInPrep,2
26026,100,0,100,1300,1,27,1,261,unknown,SteingroverInPrep,2
26027,100,-350,-250,1050,1,28,1,261,unknown,SteingroverInPrep,2
26028,100,0,100,1150,2,29,1,261,unknown,SteingroverInPrep,2
26029,100,0,100,1250,2,30,1,261,unknown,SteingroverInPrep,2
26030,100,0,100,1350,2,31,1,261,unknown,SteingroverInPrep,2
26031,100,0,100,1450,2,32,1,261,unknown,SteingroverInPrep,2
26032,100,0,100,1550,2,33,1,261,unknown,SteingroverInPrep,2
26033,100,0,100,1650,2,34,1,261,unknown,SteingroverInPrep,2
26034,100,-1250,-1150,500,2,35,1,261,unknown,SteingroverInPrep,2
26035,100,0,100,600,1,36,1,261,unknown,SteingroverInPrep,2
26036,100,0,100,700,1,37,1,261,unknown,SteingroverInPrep,2
26037,100,-300,-200,500,1,38,1,261,unknown,SteingroverInPrep,2
26038,100,0,100,600,2,39,1,261,unknown,SteingroverInPrep,2
26039,100,0,100,700,2,40,1,261,unknown,SteingroverInPrep,2
26040,100,0,100,800,2,41,1,261,unknown,SteingroverInPrep,2
26041,100,0,100,900,2,42,1,261,unknown,SteingroverInPrep,2
26042,50,-250,-200,700,4,43,1,261,unknown,SteingroverInPrep,2
26043,100,0,100,800,2,44,1,261,unknown,SteingroverInPrep,2
26044,100,0,100,900,2,45,1,261,unknown,SteingroverInPrep,2
26045,100,0,100,1000,2,46,1,261,unknown,SteingroverInPrep,2
26046,100,0,100,1100,2,47,1,261,unknown,SteingroverInPrep,2
26047,100,0,100,1200,2,48,1,261,unknown,SteingroverInPrep,2
26048,100,0,100,1300,2,49,1,261,unknown,SteingroverInPrep,2
26049,100,0,100,1400,2,50,1,261,unknown,SteingroverInPrep,2
26050,100,0,100,1500,2,51,1,261,unknown,SteingroverInPrep,2
26051,100,0,100,1600,2,52,1,261,unknown,SteingroverInPrep,2
26052,50,-50,0,1600,3,53,1,261,unknown,SteingroverInPrep,2
26053,100,-1250,-1150,450,2,54,1,261,unknown,SteingroverInPrep,2
26054,50,0,50,500,3,55,1,261,unknown,SteingroverInPrep,2
26055,50,0,50,550,3,56,1,261,unknown,SteingroverInPrep,2
26056,50,-50,0,550,3,57,1,261,unknown,SteingroverInPrep,2
26057,100,0,100,650,2,58,1,261,unknown,SteingroverInPrep,2
26058,100,0,100,750,2,59,1,261,unknown,SteingroverInPrep,2
26059,100,0,100,850,2,60,1,261,unknown,SteingroverInPrep,2
26060,100,0,100,950,2,61,1,261,unknown,SteingroverInPrep,2
26061,100,-200,-100,850,1,62,1,261,unknown,SteingroverInPrep,2
26062,100,0,100,950,2,63,1,261,unknown,SteingroverInPrep,2
26063,100,-1250,-1150,-200,2,64,1,261,unknown,SteingroverInPrep,2
26064,50,0,50,-150,3,65,1,261,unknown,SteingroverInPrep,2
26065,100,0,100,-50,2,66,1,261,unknown,SteingroverInPrep,2
26066,100,0,100,50,2,67,1,261,unknown,SteingroverInPrep,2
26067,100,0,100,150,2,68,1,261,unknown,SteingroverInPrep,2
26068,100,0,100,250,2,69,1,261,unknown,SteingroverInPrep,2
26069,100,0,100,350,2,70,1,261,unknown,SteingroverInPrep,2
26070,100,0,100,450,2,71,1,261,unknown,SteingroverInPrep,2
26071,100,0,100,550,2,72,1,261,unknown,SteingroverInPrep,2
26072,50,0,50,600,4,73,1,261,unknown,SteingroverInPrep,2
26073,100,0,100,700,2,74,1,261,unknown,SteingroverInPrep,2
26074,100,0,100,800,2,75,1,261,unknown,SteingroverInPrep,2
26075,100,0,100,900,2,76,1,261,unknown,SteingroverInPrep,2
26076,50,0,50,950,4,77,1,261,unknown,SteingroverInPrep,2
26077,100,0,100,1050,2,78,1,261,unknown,SteingroverInPrep,2
26078,100,0,100,1150,2,79,1,261,unknown,SteingroverInPrep,2
26079,100,0,100,1250,2,80,1,261,unknown,SteingroverInPrep,2
26080,100,-1250,-1150,100,2,81,1,261,unknown,SteingroverInPrep,2
26081,50,0,50,150,4,82,1,261,unknown,SteingroverInPrep,2
26082,50,0,50,200,4,83,1,261,unknown,SteingroverInPrep,2
26083,100,0,100,300,2,84,1,261,unknown,SteingroverInPrep,2
26084,100,0,100,400,2,85,1,261,unknown,SteingroverInPrep,2
26085,100,0,100,500,2,86,1,261,unknown,SteingroverInPrep,2
26086,100,0,100,600,2,87,1,261,unknown,SteingroverInPrep,2
26087,50,0,50,650,4,88,1,261,unknown,SteingroverInPrep,2
26088,100,-1250,-1150,-500,2,89,1,261,unknown,SteingroverInPrep,2
26089,50,0,50,-450,4,90,1,261,unknown,SteingroverInPrep,2
26090,100,0,100,-350,2,91,1,261,unknown,SteingroverInPrep,2
26091,100,0,100,-250,2,92,1,261,unknown,SteingroverInPrep,2
26092,100,0,100,-150,2,93,1,261,unknown,SteingroverInPrep,2
26093,100,0,100,-50,2,94,1,261,unknown,SteingroverInPrep,2
26094,100,0,100,50,2,95,1,261,unknown,SteingroverInPrep,2
26095,100,0,100,150,2,96,1,261,unknown,SteingroverInPrep,2
26096,100,0,100,250,2,97,1,261,unknown,SteingroverInPrep,2
26097,100,0,100,350,2,98,1,261,unknown,SteingroverInPrep,2
26098,100,0,100,450,2,99,1,261,unknown,SteingroverInPrep,2
26099,100,0,100,550,2,100,1,261,unknown,SteingroverInPrep,2
26100,100,-250,-150,1850,1,1,1,262,unknown,SteingroverInPrep,2
26101,100,0,100,1950,1,2,1,262,unknown,SteingroverInPrep,2
26102,100,0,100,2050,1,3,1,262,unknown,SteingroverInPrep,2
26103,100,-300,-200,1850,1,4,1,262,unknown,SteingroverInPrep,2
26104,100,-150,-50,1800,1,5,1,262,unknown,SteingroverInPrep,2
26105,100,0,100,1900,1,6,1,262,unknown,SteingroverInPrep,2
26106,100,-350,-250,1650,1,7,1,262,unknown,SteingroverInPrep,2
26107,100,0,100,1750,1,8,1,262,unknown,SteingroverInPrep,2
26108,100,0,100,1850,1,9,1,262,unknown,SteingroverInPrep,2
26109,100,-200,-100,1750,1,10,1,262,unknown,SteingroverInPrep,2
26110,100,0,100,1850,2,11,1,262,unknown,SteingroverInPrep,2
26111,100,0,100,1950,2,12,1,262,unknown,SteingroverInPrep,2
26112,100,0,100,2050,2,13,1,262,unknown,SteingroverInPrep,2
26113,100,0,100,2150,2,14,1,262,unknown,SteingroverInPrep,2
26114,100,0,100,2250,2,15,1,262,unknown,SteingroverInPrep,2
26115,100,-1250,-1150,1100,2,16,1,262,unknown,SteingroverInPrep,2
26116,100,0,100,1200,2,17,1,262,unknown,SteingroverInPrep,2
26117,100,0,100,1300,2,18,1,262,unknown,SteingroverInPrep,2
26118,100,0,100,1400,2,19,1,262,unknown,SteingroverInPrep,2
26119,100,0,100,1500,2,20,1,262,unknown,SteingroverInPrep,2
26120,50,0,50,1550,3,21,1,262,unknown,SteingroverInPrep,2
26121,50,0,50,1600,3,22,1,262,unknown,SteingroverInPrep,2
26122,50,-50,0,1600,3,23,1,262,unknown,SteingroverInPrep,2
26123,50,0,50,1650,3,24,1,262,unknown,SteingroverInPrep,2
26124,50,-50,0,1650,3,25,1,262,unknown,SteingroverInPrep,2
26125,50,-50,0,1650,3,26,1,262,unknown,SteingroverInPrep,2
26126,50,0,50,1700,3,27,1,262,unknown,SteingroverInPrep,2
26127,50,-50,0,1700,3,28,1,262,unknown,SteingroverInPrep,2
26128,50,-50,0,1700,3,29,1,262,unknown,SteingroverInPrep,2
26129,50,0,50,1750,3,30,1,262,unknown,SteingroverInPrep,2
26130,50,0,50,1800,4,31,1,262,unknown,SteingroverInPrep,2
26131,50,0,50,1850,4,32,1,262,unknown,SteingroverInPrep,2
26132,50,-250,-200,1650,4,33,1,262,unknown,SteingroverInPrep,2
26133,50,0,50,1700,4,34,1,262,unknown,SteingroverInPrep,2
26134,50,0,50,1750,4,35,1,262,unknown,SteingroverInPrep,2
26135,50,0,50,1800,4,36,1,262,unknown,SteingroverInPrep,2
26136,50,0,50,1850,4,37,1,262,unknown,SteingroverInPrep,2
26137,50,0,50,1900,4,38,1,262,unknown,SteingroverInPrep,2
26138,50,0,50,1950,4,39,1,262,unknown,SteingroverInPrep,2
26139,50,0,50,2000,4,40,1,262,unknown,SteingroverInPrep,2
26140,50,0,50,2050,4,41,1,262,unknown,SteingroverInPrep,2
26141,50,0,50,2100,4,42,1,262,unknown,SteingroverInPrep,2
26142,50,0,50,2150,4,43,1,262,unknown,SteingroverInPrep,2
26143,50,0,50,2200,4,44,1,262,unknown,SteingroverInPrep,2
26144,50,0,50,2250,4,45,1,262,unknown,SteingroverInPrep,2
26145,50,0,50,2300,4,46,1,262,unknown,SteingroverInPrep,2
26146,50,-250,-200,2100,4,47,1,262,unknown,SteingroverInPrep,2
26147,50,0,50,2150,4,48,1,262,unknown,SteingroverInPrep,2
26148,50,0,50,2200,4,49,1,262,unknown,SteingroverInPrep,2
26149,50,0,50,2250,4,50,1,262,unknown,SteingroverInPrep,2
26150,50,0,50,2300,4,51,1,262,unknown,SteingroverInPrep,2
26151,50,0,50,2350,4,52,1,262,unknown,SteingroverInPrep,2
26152,50,0,50,2400,4,53,1,262,unknown,SteingroverInPrep,2
26153,50,0,50,2450,4,54,1,262,unknown,SteingroverInPrep,2
26154,50,0,50,2500,4,55,1,262,unknown,SteingroverInPrep,2
26155,50,-250,-200,2300,4,56,1,262,unknown,SteingroverInPrep,2
26156,50,0,50,2350,4,57,1,262,unknown,SteingroverInPrep,2
26157,50,0,50,2400,4,58,1,262,unknown,SteingroverInPrep,2
26158,50,0,50,2450,4,59,1,262,unknown,SteingroverInPrep,2
26159,50,0,50,2500,4,60,1,262,unknown,SteingroverInPrep,2
26160,50,-50,0,2500,3,61,1,262,unknown,SteingroverInPrep,2
26161,50,-50,0,2500,3,62,1,262,unknown,SteingroverInPrep,2
26162,50,-50,0,2500,3,63,1,262,unknown,SteingroverInPrep,2
26163,50,0,50,2550,3,64,1,262,unknown,SteingroverInPrep,2
26164,50,0,50,2600,3,65,1,262,unknown,SteingroverInPrep,2
26165,50,-50,0,2600,3,66,1,262,unknown,SteingroverInPrep,2
26166,50,0,50,2650,3,67,1,262,unknown,SteingroverInPrep,2
26167,50,0,50,2700,3,68,1,262,unknown,SteingroverInPrep,2
26168,50,-50,0,2700,3,69,1,262,unknown,SteingroverInPrep,2
26169,50,0,50,2750,3,70,1,262,unknown,SteingroverInPrep,2
26170,50,-50,0,2750,3,71,1,262,unknown,SteingroverInPrep,2
26171,50,0,50,2800,3,72,1,262,unknown,SteingroverInPrep,2
26172,50,0,50,2850,3,73,1,262,unknown,SteingroverInPrep,2
26173,50,0,50,2900,3,74,1,262,unknown,SteingroverInPrep,2
26174,50,-50,0,2900,3,75,1,262,unknown,SteingroverInPrep,2
26175,50,0,50,2950,3,76,1,262,unknown,SteingroverInPrep,2
26176,50,-50,0,2950,3,77,1,262,unknown,SteingroverInPrep,2
26177,50,0,50,3000,3,78,1,262,unknown,SteingroverInPrep,2
26178,50,-50,0,3000,3,79,1,262,unknown,SteingroverInPrep,2
26179,50,-50,0,3000,3,80,1,262,unknown,SteingroverInPrep,2
26180,50,-50,0,3000,3,81,1,262,unknown,SteingroverInPrep,2
26181,50,0,50,3050,3,82,1,262,unknown,SteingroverInPrep,2
26182,50,0,50,3100,3,83,1,262,unknown,SteingroverInPrep,2
26183,50,0,50,3150,3,84,1,262,unknown,SteingroverInPrep,2
26184,50,0,50,3200,3,85,1,262,unknown,SteingroverInPrep,2
26185,50,-50,0,3200,3,86,1,262,unknown,SteingroverInPrep,2
26186,50,-50,0,3200,3,87,1,262,unknown,SteingroverInPrep,2
26187,50,-50,0,3200,3,88,1,262,unknown,SteingroverInPrep,2
26188,50,0,50,3250,3,89,1,262,unknown,SteingroverInPrep,2
26189,50,-50,0,3250,3,90,1,262,unknown,SteingroverInPrep,2
26190,50,-50,0,3250,3,91,1,262,unknown,SteingroverInPrep,2
26191,50,-50,0,3250,3,92,1,262,unknown,SteingroverInPrep,2
26192,50,0,50,3300,3,93,1,262,unknown,SteingroverInPrep,2
26193,50,0,50,3350,3,94,1,262,unknown,SteingroverInPrep,2
26194,50,-50,0,3350,3,95,1,262,unknown,SteingroverInPrep,2
26195,50,0,50,3400,3,96,1,262,unknown,SteingroverInPrep,2
26196,50,0,50,3450,3,97,1,262,unknown,SteingroverInPrep,2
26197,50,0,50,3500,3,98,1,262,unknown,SteingroverInPrep,2
26198,50,-50,0,3500,3,99,1,262,unknown,SteingroverInPrep,2
26199,50,-50,0,3500,3,100,1,262,unknown,SteingroverInPrep,2
26200,100,0,100,2100,2,1,1,263,unknown,SteingroverInPrep,2
26201,50,0,50,2150,4,2,1,263,unknown,SteingroverInPrep,2
26202,100,0,100,2250,2,3,1,263,unknown,SteingroverInPrep,2
26203,50,0,50,2300,4,4,1,263,unknown,SteingroverInPrep,2
26204,50,0,50,2350,3,5,1,263,unknown,SteingroverInPrep,2
26205,50,-50,0,2350,3,6,1,263,unknown,SteingroverInPrep,2
26206,100,0,100,2450,2,7,1,263,unknown,SteingroverInPrep,2
26207,50,0,50,2500,4,8,1,263,unknown,SteingroverInPrep,2
26208,100,0,100,2600,2,9,1,263,unknown,SteingroverInPrep,2
26209,100,0,100,2700,2,10,1,263,unknown,SteingroverInPrep,2
26210,50,0,50,2750,4,11,1,263,unknown,SteingroverInPrep,2
26211,50,0,50,2800,4,12,1,263,unknown,SteingroverInPrep,2
26212,100,0,100,2900,1,13,1,263,unknown,SteingroverInPrep,2
26213,100,0,100,3000,1,14,1,263,unknown,SteingroverInPrep,2
26214,100,-350,-250,2750,1,15,1,263,unknown,SteingroverInPrep,2
26215,100,-1250,-1150,1600,2,16,1,263,unknown,SteingroverInPrep,2
26216,50,0,50,1650,3,17,1,263,unknown,SteingroverInPrep,2
26217,50,-50,0,1650,3,18,1,263,unknown,SteingroverInPrep,2
26218,100,0,100,1750,2,19,1,263,unknown,SteingroverInPrep,2
26219,50,0,50,1800,4,20,1,263,unknown,SteingroverInPrep,2
26220,100,0,100,1900,2,21,1,263,unknown,SteingroverInPrep,2
26221,50,-250,-200,1700,4,22,1,263,unknown,SteingroverInPrep,2
26222,50,0,50,1750,3,23,1,263,unknown,SteingroverInPrep,2
26223,50,0,50,1800,3,24,1,263,unknown,SteingroverInPrep,2
26224,50,-50,0,1800,3,25,1,263,unknown,SteingroverInPrep,2
26225,100,-300,-200,1600,1,26,1,263,unknown,SteingroverInPrep,2
26226,100,0,100,1700,2,27,1,263,unknown,SteingroverInPrep,2
26227,100,0,100,1800,2,28,1,263,unknown,SteingroverInPrep,2
26228,100,0,100,1900,2,29,1,263,unknown,SteingroverInPrep,2
26229,100,-1250,-1150,750,2,30,1,263,unknown,SteingroverInPrep,2
26230,50,0,50,800,3,31,1,263,unknown,SteingroverInPrep,2
26231,50,-50,0,800,3,32,1,263,unknown,SteingroverInPrep,2
26232,50,0,50,850,4,33,1,263,unknown,SteingroverInPrep,2
26233,50,0,50,900,4,34,1,263,unknown,SteingroverInPrep,2
26234,100,-200,-100,800,1,35,1,263,unknown,SteingroverInPrep,2
26235,100,-150,-50,750,1,36,1,263,unknown,SteingroverInPrep,2
26236,50,0,50,800,4,37,1,263,unknown,SteingroverInPrep,2
26237,50,0,50,850,4,38,1,263,unknown,SteingroverInPrep,2
26238,50,-250,-200,650,4,39,1,263,unknown,SteingroverInPrep,2
26239,100,0,100,750,2,40,1,263,unknown,SteingroverInPrep,2
26240,100,0,100,850,2,41,1,263,unknown,SteingroverInPrep,2
26241,100,0,100,950,2,42,1,263,unknown,SteingroverInPrep,2
26242,100,0,100,1050,2,43,1,263,unknown,SteingroverInPrep,2
26243,100,0,100,1150,2,44,1,263,unknown,SteingroverInPrep,2
26244,100,0,100,1250,2,45,1,263,unknown,SteingroverInPrep,2
26245,100,0,100,1350,2,46,1,263,unknown,SteingroverInPrep,2
26246,100,0,100,1450,2,47,1,263,unknown,SteingroverInPrep,2
26247,100,-1250,-1150,300,2,48,1,263,unknown,SteingroverInPrep,2
26248,50,-50,0,300,3,49,1,263,unknown,SteingroverInPrep,2
26249,50,0,50,350,4,50,1,263,unknown,SteingroverInPrep,2
26250,50,0,50,400,4,51,1,263,unknown,SteingroverInPrep,2
26251,50,0,50,450,4,52,1,263,unknown,SteingroverInPrep,2
26252,50,0,50,500,4,53,1,263,unknown,SteingroverInPrep,2
26253,50,0,50,550,4,54,1,263,unknown,SteingroverInPrep,2
26254,100,0,100,650,2,55,1,263,unknown,SteingroverInPrep,2
26255,100,0,100,750,2,56,1,263,unknown,SteingroverInPrep,2
26256,50,0,50,800,4,57,1,263,unknown,SteingroverInPrep,2
26257,100,0,100,900,2,58,1,263,unknown,SteingroverInPrep,2
26258,50,0,50,950,4,59,1,263,unknown,SteingroverInPrep,2
26259,100,0,100,1050,2,60,1,263,unknown,SteingroverInPrep,2
26260,50,0,50,1100,4,61,1,263,unknown,SteingroverInPrep,2
26261,100,0,100,1200,2,62,1,263,unknown,SteingroverInPrep,2
26262,50,-50,0,1200,3,63,1,263,unknown,SteingroverInPrep,2
26263,50,0,50,1250,3,64,1,263,unknown,SteingroverInPrep,2
26264,50,0,50,1300,4,65,1,263,unknown,SteingroverInPrep,2
26265,100,0,100,1400,2,66,1,263,unknown,SteingroverInPrep,2
26266,50,0,50,1450,3,67,1,263,unknown,SteingroverInPrep,2
26267,50,-50,0,1450,3,68,1,263,unknown,SteingroverInPrep,2
26268,50,0,50,1500,4,69,1,263,unknown,SteingroverInPrep,2
26269,100,0,100,1600,2,70,1,263,unknown,SteingroverInPrep,2
26270,50,0,50,1650,4,71,1,263,unknown,SteingroverInPrep,2
26271,50,-50,0,1650,3,72,1,263,unknown,SteingroverInPrep,2
26272,50,-250,-200,1450,4,73,1,263,unknown,SteingroverInPrep,2
26273,100,0,100,1550,2,74,1,263,unknown,SteingroverInPrep,2
26274,100,0,100,1650,2,75,1,263,unknown,SteingroverInPrep,2
26275,100,0,100,1750,2,76,1,263,unknown,SteingroverInPrep,2
26276,100,0,100,1850,2,77,1,263,unknown,SteingroverInPrep,2
26277,50,0,50,1900,3,78,1,263,unknown,SteingroverInPrep,2
26278,50,0,50,1950,3,79,1,263,unknown,SteingroverInPrep,2
26279,100,-1250,-1150,800,2,80,1,263,unknown,SteingroverInPrep,2
26280,50,0,50,850,3,81,1,263,unknown,SteingroverInPrep,2
26281,50,0,50,900,4,82,1,263,unknown,SteingroverInPrep,2
26282,50,0,50,950,4,83,1,263,unknown,SteingroverInPrep,2
26283,50,-50,0,950,3,84,1,263,unknown,SteingroverInPrep,2
26284,50,0,50,1000,4,85,1,263,unknown,SteingroverInPrep,2
26285,50,0,50,1050,4,86,1,263,unknown,SteingroverInPrep,2
26286,50,-50,0,1050,3,87,1,263,unknown,SteingroverInPrep,2
26287,50,0,50,1100,4,88,1,263,unknown,SteingroverInPrep,2
26288,50,-50,0,1100,3,89,1,263,unknown,SteingroverInPrep,2
26289,50,0,50,1150,3,90,1,263,unknown,SteingroverInPrep,2
26290,50,0,50,1200,4,91,1,263,unknown,SteingroverInPrep,2
26291,50,0,50,1250,3,92,1,263,unknown,SteingroverInPrep,2
26292,50,-50,0,1250,3,93,1,263,unknown,SteingroverInPrep,2
26293,50,-50,0,1250,3,94,1,263,unknown,SteingroverInPrep,2
26294,50,0,50,1300,3,95,1,263,unknown,SteingroverInPrep,2
26295,50,-50,0,1300,3,96,1,263,unknown,SteingroverInPrep,2
26296,50,-50,0,1300,3,97,1,263,unknown,SteingroverInPrep,2
26297,50,0,50,1350,4,98,1,263,unknown,SteingroverInPrep,2
26298,50,0,50,1400,4,99,1,263,unknown,SteingroverInPrep,2
26299,50,0,50,1450,4,100,1,263,unknown,SteingroverInPrep,2
26300,100,0,100,2100,1,1,1,264,unknown,SteingroverInPrep,2
26301,50,0,50,2150,3,2,1,264,unknown,SteingroverInPrep,2
26302,100,0,100,2250,2,3,1,264,unknown,SteingroverInPrep,2
26303,50,0,50,2300,4,4,1,264,unknown,SteingroverInPrep,2
26304,100,0,100,2400,2,5,1,264,unknown,SteingroverInPrep,2
26305,50,-50,0,2400,3,6,1,264,unknown,SteingroverInPrep,2
26306,100,0,100,2500,1,7,1,264,unknown,SteingroverInPrep,2
26307,100,-150,-50,2450,1,8,1,264,unknown,SteingroverInPrep,2
26308,100,0,100,2550,2,9,1,264,unknown,SteingroverInPrep,2
26309,50,0,50,2600,4,10,1,264,unknown,SteingroverInPrep,2
26310,50,-50,0,2600,3,11,1,264,unknown,SteingroverInPrep,2
26311,100,0,100,2700,2,12,1,264,unknown,SteingroverInPrep,2
26312,100,-350,-250,2450,1,13,1,264,unknown,SteingroverInPrep,2
26313,100,-300,-200,2250,1,14,1,264,unknown,SteingroverInPrep,2
26314,100,0,100,2350,2,15,1,264,unknown,SteingroverInPrep,2
26315,50,0,50,2400,4,16,1,264,unknown,SteingroverInPrep,2
26316,50,0,50,2450,3,17,1,264,unknown,SteingroverInPrep,2
26317,100,-200,-100,2350,1,18,1,264,unknown,SteingroverInPrep,2
26318,100,0,100,2450,2,19,1,264,unknown,SteingroverInPrep,2
26319,50,0,50,2500,3,20,1,264,unknown,SteingroverInPrep,2
26320,50,0,50,2550,4,21,1,264,unknown,SteingroverInPrep,2
26321,50,-50,0,2550,3,22,1,264,unknown,SteingroverInPrep,2
26322,100,-1250,-1150,1400,2,23,1,264,unknown,SteingroverInPrep,2
26323,50,0,50,1450,4,24,1,264,unknown,SteingroverInPrep,2
26324,50,0,50,1500,3,25,1,264,unknown,SteingroverInPrep,2
26325,100,0,100,1600,2,26,1,264,unknown,SteingroverInPrep,2
26326,100,0,100,1700,1,27,1,264,unknown,SteingroverInPrep,2
26327,100,0,100,1800,1,28,1,264,unknown,SteingroverInPrep,2
26328,100,0,100,1900,2,29,1,264,unknown,SteingroverInPrep,2
26329,50,-50,0,1900,3,30,1,264,unknown,SteingroverInPrep,2
26330,50,0,50,1950,4,31,1,264,unknown,SteingroverInPrep,2
26331,50,0,50,2000,4,32,1,264,unknown,SteingroverInPrep,2
26332,100,0,100,2100,2,33,1,264,unknown,SteingroverInPrep,2
26333,100,0,100,2200,1,34,1,264,unknown,SteingroverInPrep,2
26334,100,0,100,2300,2,35,1,264,unknown,SteingroverInPrep,2
26335,50,0,50,2350,4,36,1,264,unknown,SteingroverInPrep,2
26336,100,-250,-150,2200,1,37,1,264,unknown,SteingroverInPrep,2
26337,100,0,100,2300,2,38,1,264,unknown,SteingroverInPrep,2
26338,50,-250,-200,2100,4,39,1,264,unknown,SteingroverInPrep,2
26339,50,0,50,2150,3,40,1,264,unknown,SteingroverInPrep,2
26340,100,0,100,2250,2,41,1,264,unknown,SteingroverInPrep,2
26341,100,0,100,2350,1,42,1,264,unknown,SteingroverInPrep,2
26342,100,0,100,2450,2,43,1,264,unknown,SteingroverInPrep,2
26343,50,0,50,2500,4,44,1,264,unknown,SteingroverInPrep,2
26344,100,0,100,2600,2,45,1,264,unknown,SteingroverInPrep,2
26345,100,-200,-100,2500,1,46,1,264,unknown,SteingroverInPrep,2
26346,50,-50,0,2500,3,47,1,264,unknown,SteingroverInPrep,2
26347,100,0,100,2600,2,48,1,264,unknown,SteingroverInPrep,2
26348,50,0,50,2650,4,49,1,264,unknown,SteingroverInPrep,2
26349,100,0,100,2750,1,50,1,264,unknown,SteingroverInPrep,2
26350,50,0,50,2800,4,51,1,264,unknown,SteingroverInPrep,2
26351,50,-50,0,2800,3,52,1,264,unknown,SteingroverInPrep,2
26352,50,0,50,2850,4,53,1,264,unknown,SteingroverInPrep,2
26353,50,0,50,2900,4,54,1,264,unknown,SteingroverInPrep,2
26354,100,0,100,3000,2,55,1,264,unknown,SteingroverInPrep,2
26355,100,-150,-50,2950,1,56,1,264,unknown,SteingroverInPrep,2
26356,100,-1250,-1150,1800,2,57,1,264,unknown,SteingroverInPrep,2
26357,50,-50,0,1800,3,58,1,264,unknown,SteingroverInPrep,2
26358,50,0,50,1850,4,59,1,264,unknown,SteingroverInPrep,2
26359,50,0,50,1900,4,60,1,264,unknown,SteingroverInPrep,2
26360,100,0,100,2000,2,61,1,264,unknown,SteingroverInPrep,2
26361,100,0,100,2100,1,62,1,264,unknown,SteingroverInPrep,2
26362,100,0,100,2200,2,63,1,264,unknown,SteingroverInPrep,2
26363,100,0,100,2300,1,64,1,264,unknown,SteingroverInPrep,2
26364,50,0,50,2350,4,65,1,264,unknown,SteingroverInPrep,2
26365,100,0,100,2450,2,66,1,264,unknown,SteingroverInPrep,2
26366,100,-250,-150,2300,1,67,1,264,unknown,SteingroverInPrep,2
26367,100,-1250,-1150,1150,2,68,1,264,unknown,SteingroverInPrep,2
26368,100,0,100,1250,1,69,1,264,unknown,SteingroverInPrep,2
26369,100,0,100,1350,2,70,1,264,unknown,SteingroverInPrep,2
26370,50,0,50,1400,3,71,1,264,unknown,SteingroverInPrep,2
26371,50,0,50,1450,4,72,1,264,unknown,SteingroverInPrep,2
26372,100,-300,-200,1250,1,73,1,264,unknown,SteingroverInPrep,2
26373,100,0,100,1350,2,74,1,264,unknown,SteingroverInPrep,2
26374,100,-350,-250,1100,1,75,1,264,unknown,SteingroverInPrep,2
26375,100,0,100,1200,2,76,1,264,unknown,SteingroverInPrep,2
26376,50,-50,0,1200,3,77,1,264,unknown,SteingroverInPrep,2
26377,50,0,50,1250,4,78,1,264,unknown,SteingroverInPrep,2
26378,50,0,50,1300,3,79,1,264,unknown,SteingroverInPrep,2
26379,50,-250,-200,1100,4,80,1,264,unknown,SteingroverInPrep,2
26380,50,0,50,1150,3,81,1,264,unknown,SteingroverInPrep,2
26381,100,0,100,1250,2,82,1,264,unknown,SteingroverInPrep,2
26382,100,0,100,1350,1,83,1,264,unknown,SteingroverInPrep,2
26383,50,-50,0,1350,3,84,1,264,unknown,SteingroverInPrep,2
26384,100,0,100,1450,2,85,1,264,unknown,SteingroverInPrep,2
26385,50,0,50,1500,4,86,1,264,unknown,SteingroverInPrep,2
26386,100,0,100,1600,1,87,1,264,unknown,SteingroverInPrep,2
26387,50,0,50,1650,4,88,1,264,unknown,SteingroverInPrep,2
26388,100,0,100,1750,2,89,1,264,unknown,SteingroverInPrep,2
26389,50,0,50,1800,4,90,1,264,unknown,SteingroverInPrep,2
26390,100,0,100,1900,1,91,1,264,unknown,SteingroverInPrep,2
26391,50,0,50,1950,3,92,1,264,unknown,SteingroverInPrep,2
26392,50,-250,-200,1750,4,93,1,264,unknown,SteingroverInPrep,2
26393,100,0,100,1850,2,94,1,264,unknown,SteingroverInPrep,2
26394,50,0,50,1900,4,95,1,264,unknown,SteingroverInPrep,2
26395,100,-150,-50,1850,1,96,1,264,unknown,SteingroverInPrep,2
26396,100,0,100,1950,2,97,1,264,unknown,SteingroverInPrep,2
26397,50,0,50,2000,4,98,1,264,unknown,SteingroverInPrep,2
26398,50,0,50,2050,3,99,1,264,unknown,SteingroverInPrep,2
26399,50,0,50,2100,4,100,1,264,unknown,SteingroverInPrep,2
26400,100,0,100,2100,1,1,1,265,unknown,SteingroverInPrep,2
26401,100,-150,-50,2050,1,2,1,265,unknown,SteingroverInPrep,2
26402,50,0,50,2100,3,3,1,265,unknown,SteingroverInPrep,2
26403,100,0,100,2200,2,4,1,265,unknown,SteingroverInPrep,2
26404,50,0,50,2250,4,5,1,265,unknown,SteingroverInPrep,2
26405,50,-50,0,2250,3,6,1,265,unknown,SteingroverInPrep,2
26406,100,0,100,2350,2,7,1,265,unknown,SteingroverInPrep,2
26407,100,-1250,-1150,1200,2,8,1,265,unknown,SteingroverInPrep,2
26408,100,0,100,1300,1,9,1,265,unknown,SteingroverInPrep,2
26409,100,-250,-150,1150,1,10,1,265,unknown,SteingroverInPrep,2
26410,100,0,100,1250,2,11,1,265,unknown,SteingroverInPrep,2
26411,50,0,50,1300,4,12,1,265,unknown,SteingroverInPrep,2
26412,50,0,50,1350,3,13,1,265,unknown,SteingroverInPrep,2
26413,100,0,100,1450,2,14,1,265,unknown,SteingroverInPrep,2
26414,50,0,50,1500,3,15,1,265,unknown,SteingroverInPrep,2
26415,50,0,50,1550,4,16,1,265,unknown,SteingroverInPrep,2
26416,100,0,100,1650,2,17,1,265,unknown,SteingroverInPrep,2
26417,100,0,100,1750,1,18,1,265,unknown,SteingroverInPrep,2
26418,50,-50,0,1750,3,19,1,265,unknown,SteingroverInPrep,2
26419,100,0,100,1850,2,20,1,265,unknown,SteingroverInPrep,2
26420,100,-350,-250,1600,1,21,1,265,unknown,SteingroverInPrep,2
26421,100,0,100,1700,2,22,1,265,unknown,SteingroverInPrep,2
26422,50,0,50,1750,4,23,1,265,unknown,SteingroverInPrep,2
26423,50,-50,0,1750,3,24,1,265,unknown,SteingroverInPrep,2
26424,100,0,100,1850,2,25,1,265,unknown,SteingroverInPrep,2
26425,100,0,100,1950,2,26,1,265,unknown,SteingroverInPrep,2
26426,100,0,100,2050,2,27,1,265,unknown,SteingroverInPrep,2
26427,100,0,100,2150,2,28,1,265,unknown,SteingroverInPrep,2
26428,100,0,100,2250,2,29,1,265,unknown,SteingroverInPrep,2
26429,100,0,100,2350,2,30,1,265,unknown,SteingroverInPrep,2
26430,100,0,100,2450,2,31,1,265,unknown,SteingroverInPrep,2
26431,100,0,100,2550,2,32,1,265,unknown,SteingroverInPrep,2
26432,100,-1250,-1150,1400,2,33,1,265,unknown,SteingroverInPrep,2
26433,100,0,100,1500,1,34,1,265,unknown,SteingroverInPrep,2
26434,100,-200,-100,1400,1,35,1,265,unknown,SteingroverInPrep,2
26435,100,0,100,1500,2,36,1,265,unknown,SteingroverInPrep,2
26436,100,0,100,1600,2,37,1,265,unknown,SteingroverInPrep,2
26437,100,0,100,1700,2,38,1,265,unknown,SteingroverInPrep,2
26438,100,-1250,-1150,550,2,39,1,265,unknown,SteingroverInPrep,2
26439,50,0,50,600,3,40,1,265,unknown,SteingroverInPrep,2
26440,100,0,100,700,2,41,1,265,unknown,SteingroverInPrep,2
26441,100,0,100,800,2,42,1,265,unknown,SteingroverInPrep,2
26442,100,-300,-200,600,1,43,1,265,unknown,SteingroverInPrep,2
26443,100,0,100,700,2,44,1,265,unknown,SteingroverInPrep,2
26444,100,0,100,800,2,45,1,265,unknown,SteingroverInPrep,2
26445,100,0,100,900,2,46,1,265,unknown,SteingroverInPrep,2
26446,100,0,100,1000,2,47,1,265,unknown,SteingroverInPrep,2
26447,50,0,50,1050,4,48,1,265,unknown,SteingroverInPrep,2
26448,50,-250,-200,850,4,49,1,265,unknown,SteingroverInPrep,2
26449,50,-50,0,850,3,50,1,265,unknown,SteingroverInPrep,2
26450,100,0,100,950,2,51,1,265,unknown,SteingroverInPrep,2
26451,50,0,50,1000,3,52,1,265,unknown,SteingroverInPrep,2
26452,100,0,100,1100,2,53,1,265,unknown,SteingroverInPrep,2
26453,100,0,100,1200,2,54,1,265,unknown,SteingroverInPrep,2
26454,100,0,100,1300,2,55,1,265,unknown,SteingroverInPrep,2
26455,100,0,100,1400,1,56,1,265,unknown,SteingroverInPrep,2
26456,50,0,50,1450,4,57,1,265,unknown,SteingroverInPrep,2
26457,50,-50,0,1450,3,58,1,265,unknown,SteingroverInPrep,2
26458,50,0,50,1500,4,59,1,265,unknown,SteingroverInPrep,2
26459,50,0,50,1550,4,60,1,265,unknown,SteingroverInPrep,2
26460,50,0,50,1600,4,61,1,265,unknown,SteingroverInPrep,2
26461,100,-1250,-1150,450,2,62,1,265,unknown,SteingroverInPrep,2
26462,100,-250,-150,300,1,63,1,265,unknown,SteingroverInPrep,2
26463,100,0,100,400,2,64,1,265,unknown,SteingroverInPrep,2
26464,100,0,100,500,2,65,1,265,unknown,SteingroverInPrep,2
26465,100,0,100,600,2,66,1,265,unknown,SteingroverInPrep,2
26466,100,0,100,700,2,67,1,265,unknown,SteingroverInPrep,2
26467,50,-50,0,700,3,68,1,265,unknown,SteingroverInPrep,2
26468,100,0,100,800,2,69,1,265,unknown,SteingroverInPrep,2
26469,50,0,50,850,4,70,1,265,unknown,SteingroverInPrep,2
26470,50,0,50,900,4,71,1,265,unknown,SteingroverInPrep,2
26471,50,0,50,950,4,72,1,265,unknown,SteingroverInPrep,2
26472,100,0,100,1050,2,73,1,265,unknown,SteingroverInPrep,2
26473,100,0,100,1150,2,74,1,265,unknown,SteingroverInPrep,2
26474,50,0,50,1200,3,75,1,265,unknown,SteingroverInPrep,2
26475,100,0,100,1300,1,76,1,265,unknown,SteingroverInPrep,2
26476,100,0,100,1400,1,77,1,265,unknown,SteingroverInPrep,2
26477,100,0,100,1500,2,78,1,265,unknown,SteingroverInPrep,2
26478,100,0,100,1600,1,79,1,265,unknown,SteingroverInPrep,2
26479,50,0,50,1650,4,80,1,265,unknown,SteingroverInPrep,2
26480,50,0,50,1700,3,81,1,265,unknown,SteingroverInPrep,2
26481,100,0,100,1800,2,82,1,265,unknown,SteingroverInPrep,2
26482,100,0,100,1900,1,83,1,265,unknown,SteingroverInPrep,2
26483,100,0,100,2000,2,84,1,265,unknown,SteingroverInPrep,2
26484,50,-50,0,2000,3,85,1,265,unknown,SteingroverInPrep,2
26485,50,0,50,2050,4,86,1,265,unknown,SteingroverInPrep,2
26486,50,0,50,2100,4,87,1,265,unknown,SteingroverInPrep,2
26487,50,0,50,2150,4,88,1,265,unknown,SteingroverInPrep,2
26488,100,0,100,2250,2,89,1,265,unknown,SteingroverInPrep,2
26489,100,-300,-200,2050,1,90,1,265,unknown,SteingroverInPrep,2
26490,100,0,100,2150,2,91,1,265,unknown,SteingroverInPrep,2
26491,100,0,100,2250,2,92,1,265,unknown,SteingroverInPrep,2
26492,100,0,100,2350,2,93,1,265,unknown,SteingroverInPrep,2
26493,50,-50,0,2350,3,94,1,265,unknown,SteingroverInPrep,2
26494,50,0,50,2400,4,95,1,265,unknown,SteingroverInPrep,2
26495,50,0,50,2450,4,96,1,265,unknown,SteingroverInPrep,2
26496,50,-50,0,2450,3,97,1,265,unknown,SteingroverInPrep,2
26497,50,-250,-200,2250,4,98,1,265,unknown,SteingroverInPrep,2
26498,50,0,50,2300,3,99,1,265,unknown,SteingroverInPrep,2
26499,100,-1250,-1150,1150,2,100,1,265,unknown,SteingroverInPrep,2
26500,50,0,50,2050,3,1,1,266,unknown,SteingroverInPrep,2
26501,100,-1250,-1150,900,2,2,1,266,unknown,SteingroverInPrep,2
26502,100,-250,-150,750,1,3,1,266,unknown,SteingroverInPrep,2
26503,50,0,50,800,3,4,1,266,unknown,SteingroverInPrep,2
26504,50,0,50,850,3,5,1,266,unknown,SteingroverInPrep,2
26505,50,-50,0,850,3,6,1,266,unknown,SteingroverInPrep,2
26506,50,0,50,900,4,7,1,266,unknown,SteingroverInPrep,2
26507,50,0,50,950,4,8,1,266,unknown,SteingroverInPrep,2
26508,50,0,50,1000,4,9,1,266,unknown,SteingroverInPrep,2
26509,50,0,50,1050,4,10,1,266,unknown,SteingroverInPrep,2
26510,50,0,50,1100,4,11,1,266,unknown,SteingroverInPrep,2
26511,100,0,100,1200,2,12,1,266,unknown,SteingroverInPrep,2
26512,100,0,100,1300,2,13,1,266,unknown,SteingroverInPrep,2
26513,100,0,100,1400,2,14,1,266,unknown,SteingroverInPrep,2
26514,100,0,100,1500,2,15,1,266,unknown,SteingroverInPrep,2
26515,100,0,100,1600,2,16,1,266,unknown,SteingroverInPrep,2
26516,100,0,100,1700,2,17,1,266,unknown,SteingroverInPrep,2
26517,100,-200,-100,1600,1,18,1,266,unknown,SteingroverInPrep,2
26518,50,-50,0,1600,3,19,1,266,unknown,SteingroverInPrep,2
26519,100,0,100,1700,2,20,1,266,unknown,SteingroverInPrep,2
26520,100,0,100,1800,2,21,1,266,unknown,SteingroverInPrep,2
26521,100,0,100,1900,2,22,1,266,unknown,SteingroverInPrep,2
26522,100,0,100,2000,2,23,1,266,unknown,SteingroverInPrep,2
26523,50,0,50,2050,4,24,1,266,unknown,SteingroverInPrep,2
26524,100,-1250,-1150,900,2,25,1,266,unknown,SteingroverInPrep,2
26525,100,0,100,1000,2,26,1,266,unknown,SteingroverInPrep,2
26526,100,0,100,1100,2,27,1,266,unknown,SteingroverInPrep,2
26527,100,0,100,1200,2,28,1,266,unknown,SteingroverInPrep,2
26528,50,-250,-200,1000,4,29,1,266,unknown,SteingroverInPrep,2
26529,100,0,100,1100,2,30,1,266,unknown,SteingroverInPrep,2
26530,100,0,100,1200,2,31,1,266,unknown,SteingroverInPrep,2
26531,100,0,100,1300,2,32,1,266,unknown,SteingroverInPrep,2
26532,100,0,100,1400,2,33,1,266,unknown,SteingroverInPrep,2
26533,100,0,100,1500,2,34,1,266,unknown,SteingroverInPrep,2
26534,50,0,50,1550,4,35,1,266,unknown,SteingroverInPrep,2
26535,50,0,50,1600,4,36,1,266,unknown,SteingroverInPrep,2
26536,50,0,50,1650,4,37,1,266,unknown,SteingroverInPrep,2
26537,50,0,50,1700,4,38,1,266,unknown,SteingroverInPrep,2
26538,50,0,50,1750,4,39,1,266,unknown,SteingroverInPrep,2
26539,50,-250,-200,1550,4,40,1,266,unknown,SteingroverInPrep,2
26540,100,0,100,1650,2,41,1,266,unknown,SteingroverInPrep,2
26541,100,0,100,1750,2,42,1,266,unknown,SteingroverInPrep,2
26542,100,-1250,-1150,600,2,43,1,266,unknown,SteingroverInPrep,2
26543,100,0,100,700,2,44,1,266,unknown,SteingroverInPrep,2
26544,100,0,100,800,2,45,1,266,unknown,SteingroverInPrep,2
26545,100,0,100,900,2,46,1,266,unknown,SteingroverInPrep,2
26546,100,0,100,1000,2,47,1,266,unknown,SteingroverInPrep,2
26547,100,0,100,1100,2,48,1,266,unknown,SteingroverInPrep,2
26548,50,0,50,1150,4,49,1,266,unknown,SteingroverInPrep,2
26549,50,0,50,1200,4,50,1,266,unknown,SteingroverInPrep,2
26550,50,0,50,1250,4,51,1,266,unknown,SteingroverInPrep,2
26551,50,0,50,1300,4,52,1,266,unknown,SteingroverInPrep,2
26552,50,0,50,1350,4,53,1,266,unknown,SteingroverInPrep,2
26553,50,0,50,1400,4,54,1,266,unknown,SteingroverInPrep,2
26554,50,0,50,1450,4,55,1,266,unknown,SteingroverInPrep,2
26555,50,0,50,1500,4,56,1,266,unknown,SteingroverInPrep,2
26556,100,0,100,1600,2,57,1,266,unknown,SteingroverInPrep,2
26557,100,0,100,1700,2,58,1,266,unknown,SteingroverInPrep,2
26558,100,0,100,1800,2,59,1,266,unknown,SteingroverInPrep,2
26559,100,0,100,1900,2,60,1,266,unknown,SteingroverInPrep,2
26560,100,0,100,2000,2,61,1,266,unknown,SteingroverInPrep,2
26561,50,0,50,2050,4,62,1,266,unknown,SteingroverInPrep,2
26562,50,0,50,2100,4,63,1,266,unknown,SteingroverInPrep,2
26563,50,0,50,2150,4,64,1,266,unknown,SteingroverInPrep,2
26564,50,0,50,2200,4,65,1,266,unknown,SteingroverInPrep,2
26565,50,0,50,2250,4,66,1,266,unknown,SteingroverInPrep,2
26566,50,0,50,2300,4,67,1,266,unknown,SteingroverInPrep,2
26567,50,-250,-200,2100,4,68,1,266,unknown,SteingroverInPrep,2
26568,50,0,50,2150,4,69,1,266,unknown,SteingroverInPrep,2
26569,50,0,50,2200,4,70,1,266,unknown,SteingroverInPrep,2
26570,50,0,50,2250,4,71,1,266,unknown,SteingroverInPrep,2
26571,50,-250,-200,2050,4,72,1,266,unknown,SteingroverInPrep,2
26572,50,0,50,2100,4,73,1,266,unknown,SteingroverInPrep,2
26573,50,0,50,2150,4,74,1,266,unknown,SteingroverInPrep,2
26574,50,0,50,2200,4,75,1,266,unknown,SteingroverInPrep,2
26575,50,0,50,2250,4,76,1,266,unknown,SteingroverInPrep,2
26576,100,0,100,2350,2,77,1,266,unknown,SteingroverInPrep,2
26577,100,0,100,2450,2,78,1,266,unknown,SteingroverInPrep,2
26578,100,0,100,2550,2,79,1,266,unknown,SteingroverInPrep,2
26579,100,0,100,2650,2,80,1,266,unknown,SteingroverInPrep,2
26580,100,-1250,-1150,1500,2,81,1,266,unknown,SteingroverInPrep,2
26581,100,0,100,1600,2,82,1,266,unknown,SteingroverInPrep,2
26582,100,0,100,1700,2,83,1,266,unknown,SteingroverInPrep,2
26583,100,0,100,1800,2,84,1,266,unknown,SteingroverInPrep,2
26584,100,0,100,1900,2,85,1,266,unknown,SteingroverInPrep,2
26585,100,0,100,2000,2,86,1,266,unknown,SteingroverInPrep,2
26586,100,0,100,2100,2,87,1,266,unknown,SteingroverInPrep,2
26587,50,0,50,2150,4,88,1,266,unknown,SteingroverInPrep,2
26588,50,0,50,2200,4,89,1,266,unknown,SteingroverInPrep,2
26589,50,0,50,2250,4,90,1,266,unknown,SteingroverInPrep,2
26590,50,0,50,2300,4,91,1,266,unknown,SteingroverInPrep,2
26591,50,0,50,2350,4,92,1,266,unknown,SteingroverInPrep,2
26592,50,0,50,2400,4,93,1,266,unknown,SteingroverInPrep,2
26593,100,0,100,2500,2,94,1,266,unknown,SteingroverInPrep,2
26594,100,0,100,2600,2,95,1,266,unknown,SteingroverInPrep,2
26595,100,0,100,2700,2,96,1,266,unknown,SteingroverInPrep,2
26596,100,0,100,2800,2,97,1,266,unknown,SteingroverInPrep,2
26597,100,-1250,-1150,1650,2,98,1,266,unknown,SteingroverInPrep,2
26598,100,0,100,1750,2,99,1,266,unknown,SteingroverInPrep,2
26599,100,0,100,1850,2,100,1,266,unknown,SteingroverInPrep,2
26600,50,0,50,2050,3,1,1,267,unknown,SteingroverInPrep,2
26601,50,0,50,2100,4,2,1,267,unknown,SteingroverInPrep,2
26602,100,0,100,2200,2,3,1,267,unknown,SteingroverInPrep,2
26603,100,0,100,2300,1,4,1,267,unknown,SteingroverInPrep,2
26604,50,-50,0,2300,3,5,1,267,unknown,SteingroverInPrep,2
26605,50,0,50,2350,4,6,1,267,unknown,SteingroverInPrep,2
26606,100,0,100,2450,2,7,1,267,unknown,SteingroverInPrep,2
26607,100,0,100,2550,1,8,1,267,unknown,SteingroverInPrep,2
26608,100,0,100,2650,2,9,1,267,unknown,SteingroverInPrep,2
26609,100,-350,-250,2400,1,10,1,267,unknown,SteingroverInPrep,2
26610,100,0,100,2500,2,11,1,267,unknown,SteingroverInPrep,2
26611,50,0,50,2550,3,12,1,267,unknown,SteingroverInPrep,2
26612,50,-250,-200,2350,4,13,1,267,unknown,SteingroverInPrep,2
26613,100,0,100,2450,2,14,1,267,unknown,SteingroverInPrep,2
26614,100,0,100,2550,2,15,1,267,unknown,SteingroverInPrep,2
26615,100,0,100,2650,2,16,1,267,unknown,SteingroverInPrep,2
26616,100,-1250,-1150,1500,2,17,1,267,unknown,SteingroverInPrep,2
26617,100,-250,-150,1350,1,18,1,267,unknown,SteingroverInPrep,2
26618,50,-50,0,1350,3,19,1,267,unknown,SteingroverInPrep,2
26619,100,0,100,1450,2,20,1,267,unknown,SteingroverInPrep,2
26620,100,0,100,1550,1,21,1,267,unknown,SteingroverInPrep,2
26621,100,-150,-50,1500,1,22,1,267,unknown,SteingroverInPrep,2
26622,100,0,100,1600,1,23,1,267,unknown,SteingroverInPrep,2
26623,100,-300,-200,1400,1,24,1,267,unknown,SteingroverInPrep,2
26624,100,-200,-100,1300,1,25,1,267,unknown,SteingroverInPrep,2
26625,50,-50,0,1300,3,26,1,267,unknown,SteingroverInPrep,2
26626,50,0,50,1350,4,27,1,267,unknown,SteingroverInPrep,2
26627,100,0,100,1450,1,28,1,267,unknown,SteingroverInPrep,2
26628,100,0,100,1550,2,29,1,267,unknown,SteingroverInPrep,2
26629,100,-200,-100,1450,1,30,1,267,unknown,SteingroverInPrep,2
26630,50,-50,0,1450,3,31,1,267,unknown,SteingroverInPrep,2
26631,100,0,100,1550,1,32,1,267,unknown,SteingroverInPrep,2
26632,100,0,100,1650,1,33,1,267,unknown,SteingroverInPrep,2
26633,50,0,50,1700,3,34,1,267,unknown,SteingroverInPrep,2
26634,50,0,50,1750,4,35,1,267,unknown,SteingroverInPrep,2
26635,100,-150,-50,1700,1,36,1,267,unknown,SteingroverInPrep,2
26636,100,0,100,1800,1,37,1,267,unknown,SteingroverInPrep,2
26637,50,0,50,1850,3,38,1,267,unknown,SteingroverInPrep,2
26638,100,-250,-150,1700,1,39,1,267,unknown,SteingroverInPrep,2
26639,100,-1250,-1150,550,2,40,1,267,unknown,SteingroverInPrep,2
26640,100,-350,-250,300,1,41,1,267,unknown,SteingroverInPrep,2
26641,100,0,100,400,1,42,1,267,unknown,SteingroverInPrep,2
26642,50,-50,0,400,3,43,1,267,unknown,SteingroverInPrep,2
26643,50,0,50,450,3,44,1,267,unknown,SteingroverInPrep,2
26644,50,-50,0,450,3,45,1,267,unknown,SteingroverInPrep,2
26645,100,0,100,550,1,46,1,267,unknown,SteingroverInPrep,2
26646,50,0,50,600,4,47,1,267,unknown,SteingroverInPrep,2
26647,50,0,50,650,3,48,1,267,unknown,SteingroverInPrep,2
26648,100,-300,-200,450,1,49,1,267,unknown,SteingroverInPrep,2
26649,100,0,100,550,1,50,1,267,unknown,SteingroverInPrep,2
26650,100,0,100,650,1,51,1,267,unknown,SteingroverInPrep,2
26651,100,-250,-150,500,1,52,1,267,unknown,SteingroverInPrep,2
26652,100,-150,-50,450,1,53,1,267,unknown,SteingroverInPrep,2
26653,100,0,100,550,1,54,1,267,unknown,SteingroverInPrep,2
26654,100,-300,-200,350,1,55,1,267,unknown,SteingroverInPrep,2
26655,50,-50,0,350,3,56,1,267,unknown,SteingroverInPrep,2
26656,50,0,50,400,4,57,1,267,unknown,SteingroverInPrep,2
26657,50,0,50,450,3,58,1,267,unknown,SteingroverInPrep,2
26658,50,-50,0,450,3,59,1,267,unknown,SteingroverInPrep,2
26659,50,0,50,500,4,60,1,267,unknown,SteingroverInPrep,2
26660,50,0,50,550,4,61,1,267,unknown,SteingroverInPrep,2
26661,50,0,50,600,4,62,1,267,unknown,SteingroverInPrep,2
26662,50,0,50,650,4,63,1,267,unknown,SteingroverInPrep,2
26663,50,0,50,700,4,64,1,267,unknown,SteingroverInPrep,2
26664,50,-250,-200,500,4,65,1,267,unknown,SteingroverInPrep,2
26665,50,0,50,550,4,66,1,267,unknown,SteingroverInPrep,2
26666,50,0,50,600,4,67,1,267,unknown,SteingroverInPrep,2
26667,50,0,50,650,4,68,1,267,unknown,SteingroverInPrep,2
26668,50,0,50,700,3,69,1,267,unknown,SteingroverInPrep,2
26669,50,0,50,750,3,70,1,267,unknown,SteingroverInPrep,2
26670,100,-350,-250,500,1,71,1,267,unknown,SteingroverInPrep,2
26671,50,-50,0,500,3,72,1,267,unknown,SteingroverInPrep,2
26672,100,0,100,600,1,73,1,267,unknown,SteingroverInPrep,2
26673,100,0,100,700,1,74,1,267,unknown,SteingroverInPrep,2
26674,100,-200,-100,600,1,75,1,267,unknown,SteingroverInPrep,2
26675,100,0,100,700,1,76,1,267,unknown,SteingroverInPrep,2
26676,100,-300,-200,500,1,77,1,267,unknown,SteingroverInPrep,2
26677,100,0,100,600,1,78,1,267,unknown,SteingroverInPrep,2
26678,50,0,50,650,4,79,1,267,unknown,SteingroverInPrep,2
26679,50,0,50,700,4,80,1,267,unknown,SteingroverInPrep,2
26680,50,0,50,750,3,81,1,267,unknown,SteingroverInPrep,2
26681,50,-50,0,750,3,82,1,267,unknown,SteingroverInPrep,2
26682,50,0,50,800,4,83,1,267,unknown,SteingroverInPrep,2
26683,100,-150,-50,750,1,84,1,267,unknown,SteingroverInPrep,2
26684,50,0,50,800,4,85,1,267,unknown,SteingroverInPrep,2
26685,50,0,50,850,4,86,1,267,unknown,SteingroverInPrep,2
26686,100,-200,-100,750,1,87,1,267,unknown,SteingroverInPrep,2
26687,50,0,50,800,3,88,1,267,unknown,SteingroverInPrep,2
26688,100,-350,-250,550,1,89,1,267,unknown,SteingroverInPrep,2
26689,50,-50,0,550,3,90,1,267,unknown,SteingroverInPrep,2
26690,100,0,100,650,1,91,1,267,unknown,SteingroverInPrep,2
26691,50,0,50,700,4,92,1,267,unknown,SteingroverInPrep,2
26692,50,-50,0,700,3,93,1,267,unknown,SteingroverInPrep,2
26693,50,0,50,750,3,94,1,267,unknown,SteingroverInPrep,2
26694,50,-50,0,750,3,95,1,267,unknown,SteingroverInPrep,2
26695,100,0,100,850,1,96,1,267,unknown,SteingroverInPrep,2
26696,50,0,50,900,4,97,1,267,unknown,SteingroverInPrep,2
26697,50,0,50,950,3,98,1,267,unknown,SteingroverInPrep,2
26698,50,0,50,1000,3,99,1,267,unknown,SteingroverInPrep,2
26699,50,-50,0,1000,3,100,1,267,unknown,SteingroverInPrep,2
26700,50,0,50,2050,4,1,1,268,unknown,SteingroverInPrep,2
26701,100,0,100,2150,2,2,1,268,unknown,SteingroverInPrep,2
26702,100,-200,-100,2050,1,3,1,268,unknown,SteingroverInPrep,2
26703,100,0,100,2150,1,4,1,268,unknown,SteingroverInPrep,2
26704,50,0,50,2200,3,5,1,268,unknown,SteingroverInPrep,2
26705,100,0,100,2300,2,6,1,268,unknown,SteingroverInPrep,2
26706,100,0,100,2400,2,7,1,268,unknown,SteingroverInPrep,2
26707,100,0,100,2500,2,8,1,268,unknown,SteingroverInPrep,2
26708,50,-50,0,2500,3,9,1,268,unknown,SteingroverInPrep,2
26709,50,0,50,2550,4,10,1,268,unknown,SteingroverInPrep,2
26710,50,0,50,2600,4,11,1,268,unknown,SteingroverInPrep,2
26711,50,0,50,2650,4,12,1,268,unknown,SteingroverInPrep,2
26712,100,0,100,2750,2,13,1,268,unknown,SteingroverInPrep,2
26713,50,-250,-200,2550,4,14,1,268,unknown,SteingroverInPrep,2
26714,50,0,50,2600,3,15,1,268,unknown,SteingroverInPrep,2
26715,50,-50,0,2600,3,16,1,268,unknown,SteingroverInPrep,2
26716,100,0,100,2700,2,17,1,268,unknown,SteingroverInPrep,2
26717,100,-250,-150,2550,1,18,1,268,unknown,SteingroverInPrep,2
26718,100,0,100,2650,2,19,1,268,unknown,SteingroverInPrep,2
26719,100,0,100,2750,2,20,1,268,unknown,SteingroverInPrep,2
26720,100,0,100,2850,2,21,1,268,unknown,SteingroverInPrep,2
26721,50,-50,0,2850,3,22,1,268,unknown,SteingroverInPrep,2
26722,100,-1250,-1150,1700,2,23,1,268,unknown,SteingroverInPrep,2
26723,50,0,50,1750,3,24,1,268,unknown,SteingroverInPrep,2
26724,50,-50,0,1750,3,25,1,268,unknown,SteingroverInPrep,2
26725,50,0,50,1800,4,26,1,268,unknown,SteingroverInPrep,2
26726,50,0,50,1850,4,27,1,268,unknown,SteingroverInPrep,2
26727,50,0,50,1900,4,28,1,268,unknown,SteingroverInPrep,2
26728,100,0,100,2000,1,29,1,268,unknown,SteingroverInPrep,2
26729,100,-300,-200,1800,1,30,1,268,unknown,SteingroverInPrep,2
26730,100,0,100,1900,2,31,1,268,unknown,SteingroverInPrep,2
26731,100,0,100,2000,2,32,1,268,unknown,SteingroverInPrep,2
26732,50,-50,0,2000,3,33,1,268,unknown,SteingroverInPrep,2
26733,100,0,100,2100,2,34,1,268,unknown,SteingroverInPrep,2
26734,50,0,50,2150,4,35,1,268,unknown,SteingroverInPrep,2
26735,100,0,100,2250,2,36,1,268,unknown,SteingroverInPrep,2
26736,100,0,100,2350,2,37,1,268,unknown,SteingroverInPrep,2
26737,100,0,100,2450,1,38,1,268,unknown,SteingroverInPrep,2
26738,50,0,50,2500,4,39,1,268,unknown,SteingroverInPrep,2
26739,50,0,50,2550,4,40,1,268,unknown,SteingroverInPrep,2
26740,50,0,50,2600,3,41,1,268,unknown,SteingroverInPrep,2
26741,100,0,100,2700,2,42,1,268,unknown,SteingroverInPrep,2
26742,100,-1250,-1150,1550,2,43,1,268,unknown,SteingroverInPrep,2
26743,100,0,100,1650,2,44,1,268,unknown,SteingroverInPrep,2
26744,100,0,100,1750,2,45,1,268,unknown,SteingroverInPrep,2
26745,100,0,100,1850,2,46,1,268,unknown,SteingroverInPrep,2
26746,100,0,100,1950,2,47,1,268,unknown,SteingroverInPrep,2
26747,100,0,100,2050,2,48,1,268,unknown,SteingroverInPrep,2
26748,100,0,100,2150,2,49,1,268,unknown,SteingroverInPrep,2
26749,100,-1250,-1150,1000,2,50,1,268,unknown,SteingroverInPrep,2
26750,100,0,100,1100,2,51,1,268,unknown,SteingroverInPrep,2
26751,100,0,100,1200,2,52,1,268,unknown,SteingroverInPrep,2
26752,100,0,100,1300,2,53,1,268,unknown,SteingroverInPrep,2
26753,100,0,100,1400,2,54,1,268,unknown,SteingroverInPrep,2
26754,100,0,100,1500,2,55,1,268,unknown,SteingroverInPrep,2
26755,50,0,50,1550,3,56,1,268,unknown,SteingroverInPrep,2
26756,50,-50,0,1550,3,57,1,268,unknown,SteingroverInPrep,2
26757,50,-50,0,1550,3,58,1,268,unknown,SteingroverInPrep,2
26758,50,-50,0,1550,3,59,1,268,unknown,SteingroverInPrep,2
26759,50,0,50,1600,3,60,1,268,unknown,SteingroverInPrep,2
26760,50,0,50,1650,3,61,1,268,unknown,SteingroverInPrep,2
26761,50,0,50,1700,4,62,1,268,unknown,SteingroverInPrep,2
26762,50,0,50,1750,4,63,1,268,unknown,SteingroverInPrep,2
26763,50,-250,-200,1550,4,64,1,268,unknown,SteingroverInPrep,2
26764,50,0,50,1600,4,65,1,268,unknown,SteingroverInPrep,2
26765,50,0,50,1650,4,66,1,268,unknown,SteingroverInPrep,2
26766,100,0,100,1750,2,67,1,268,unknown,SteingroverInPrep,2
26767,100,0,100,1850,2,68,1,268,unknown,SteingroverInPrep,2
26768,100,0,100,1950,2,69,1,268,unknown,SteingroverInPrep,2
26769,50,0,50,2000,3,70,1,268,unknown,SteingroverInPrep,2
26770,100,-150,-50,1950,1,71,1,268,unknown,SteingroverInPrep,2
26771,100,-350,-250,1700,1,72,1,268,unknown,SteingroverInPrep,2
26772,100,0,100,1800,1,73,1,268,unknown,SteingroverInPrep,2
26773,100,0,100,1900,1,74,1,268,unknown,SteingroverInPrep,2
26774,100,-300,-200,1700,1,75,1,268,unknown,SteingroverInPrep,2
26775,100,0,100,1800,1,76,1,268,unknown,SteingroverInPrep,2
26776,100,0,100,1900,1,77,1,268,unknown,SteingroverInPrep,2
26777,100,0,100,2000,1,78,1,268,unknown,SteingroverInPrep,2
26778,100,0,100,2100,1,79,1,268,unknown,SteingroverInPrep,2
26779,100,0,100,2200,2,80,1,268,unknown,SteingroverInPrep,2
26780,100,-350,-250,1950,1,81,1,268,unknown,SteingroverInPrep,2
26781,100,0,100,2050,1,82,1,268,unknown,SteingroverInPrep,2
26782,100,-200,-100,1950,1,83,1,268,unknown,SteingroverInPrep,2
26783,100,-150,-50,1900,1,84,1,268,unknown,SteingroverInPrep,2
26784,100,-250,-150,1750,1,85,1,268,unknown,SteingroverInPrep,2
26785,100,0,100,1850,1,86,1,268,unknown,SteingroverInPrep,2
26786,100,0,100,1950,1,87,1,268,unknown,SteingroverInPrep,2
26787,100,0,100,2050,2,88,1,268,unknown,SteingroverInPrep,2
26788,100,0,100,2150,2,89,1,268,unknown,SteingroverInPrep,2
26789,50,0,50,2200,3,90,1,268,unknown,SteingroverInPrep,2
26790,50,-50,0,2200,3,91,1,268,unknown,SteingroverInPrep,2
26791,50,-50,0,2200,3,92,1,268,unknown,SteingroverInPrep,2
26792,50,0,50,2250,3,93,1,268,unknown,SteingroverInPrep,2
26793,50,0,50,2300,3,94,1,268,unknown,SteingroverInPrep,2
26794,50,-50,0,2300,3,95,1,268,unknown,SteingroverInPrep,2
26795,50,-50,0,2300,3,96,1,268,unknown,SteingroverInPrep,2
26796,50,0,50,2350,3,97,1,268,unknown,SteingroverInPrep,2
26797,50,0,50,2400,3,98,1,268,unknown,SteingroverInPrep,2
26798,50,0,50,2450,4,99,1,268,unknown,SteingroverInPrep,2
26799,100,-1250,-1150,1300,2,100,1,268,unknown,SteingroverInPrep,2
26800,100,0,100,2100,2,1,1,269,unknown,SteingroverInPrep,2
26801,50,0,50,2150,3,2,1,269,unknown,SteingroverInPrep,2
26802,100,0,100,2250,2,3,1,269,unknown,SteingroverInPrep,2
26803,100,0,100,2350,2,4,1,269,unknown,SteingroverInPrep,2
26804,100,-250,-150,2200,1,5,1,269,unknown,SteingroverInPrep,2
26805,100,0,100,2300,2,6,1,269,unknown,SteingroverInPrep,2
26806,100,0,100,2400,2,7,1,269,unknown,SteingroverInPrep,2
26807,50,0,50,2450,4,8,1,269,unknown,SteingroverInPrep,2
26808,100,0,100,2550,2,9,1,269,unknown,SteingroverInPrep,2
26809,100,0,100,2650,2,10,1,269,unknown,SteingroverInPrep,2
26810,100,-1250,-1150,1500,2,11,1,269,unknown,SteingroverInPrep,2
26811,50,0,50,1550,3,12,1,269,unknown,SteingroverInPrep,2
26812,50,-50,0,1550,3,13,1,269,unknown,SteingroverInPrep,2
26813,50,-50,0,1550,3,14,1,269,unknown,SteingroverInPrep,2
26814,50,-50,0,1550,3,15,1,269,unknown,SteingroverInPrep,2
26815,50,-50,0,1550,3,16,1,269,unknown,SteingroverInPrep,2
26816,50,0,50,1600,4,17,1,269,unknown,SteingroverInPrep,2
26817,50,0,50,1650,4,18,1,269,unknown,SteingroverInPrep,2
26818,50,-250,-200,1450,4,19,1,269,unknown,SteingroverInPrep,2
26819,50,-50,0,1450,3,20,1,269,unknown,SteingroverInPrep,2
26820,100,0,100,1550,2,21,1,269,unknown,SteingroverInPrep,2
26821,100,0,100,1650,2,22,1,269,unknown,SteingroverInPrep,2
26822,50,0,50,1700,3,23,1,269,unknown,SteingroverInPrep,2
26823,50,0,50,1750,3,24,1,269,unknown,SteingroverInPrep,2
26824,50,0,50,1800,3,25,1,269,unknown,SteingroverInPrep,2
26825,50,-50,0,1800,3,26,1,269,unknown,SteingroverInPrep,2
26826,50,-50,0,1800,3,27,1,269,unknown,SteingroverInPrep,2
26827,50,0,50,1850,3,28,1,269,unknown,SteingroverInPrep,2
26828,50,0,50,1900,3,29,1,269,unknown,SteingroverInPrep,2
26829,50,-50,0,1900,3,30,1,269,unknown,SteingroverInPrep,2
26830,50,0,50,1950,3,31,1,269,unknown,SteingroverInPrep,2
26831,50,-50,0,1950,3,32,1,269,unknown,SteingroverInPrep,2
26832,50,0,50,2000,3,33,1,269,unknown,SteingroverInPrep,2
26833,50,0,50,2050,3,34,1,269,unknown,SteingroverInPrep,2
26834,50,-50,0,2050,3,35,1,269,unknown,SteingroverInPrep,2
26835,50,0,50,2100,3,36,1,269,unknown,SteingroverInPrep,2
26836,50,-50,0,2100,3,37,1,269,unknown,SteingroverInPrep,2
26837,50,0,50,2150,3,38,1,269,unknown,SteingroverInPrep,2
26838,50,0,50,2200,3,39,1,269,unknown,SteingroverInPrep,2
26839,50,-50,0,2200,3,40,1,269,unknown,SteingroverInPrep,2
26840,50,-50,0,2200,3,41,1,269,unknown,SteingroverInPrep,2
26841,50,0,50,2250,3,42,1,269,unknown,SteingroverInPrep,2
26842,50,0,50,2300,3,43,1,269,unknown,SteingroverInPrep,2
26843,50,-50,0,2300,3,44,1,269,unknown,SteingroverInPrep,2
26844,50,-50,0,2300,3,45,1,269,unknown,SteingroverInPrep,2
26845,50,0,50,2350,3,46,1,269,unknown,SteingroverInPrep,2
26846,50,-50,0,2350,3,47,1,269,unknown,SteingroverInPrep,2
26847,50,-50,0,2350,3,48,1,269,unknown,SteingroverInPrep,2
26848,50,0,50,2400,3,49,1,269,unknown,SteingroverInPrep,2
26849,50,0,50,2450,3,50,1,269,unknown,SteingroverInPrep,2
26850,50,0,50,2500,3,51,1,269,unknown,SteingroverInPrep,2
26851,50,-50,0,2500,3,52,1,269,unknown,SteingroverInPrep,2
26852,50,-50,0,2500,3,53,1,269,unknown,SteingroverInPrep,2
26853,50,-50,0,2500,3,54,1,269,unknown,SteingroverInPrep,2
26854,50,0,50,2550,3,55,1,269,unknown,SteingroverInPrep,2
26855,50,0,50,2600,3,56,1,269,unknown,SteingroverInPrep,2
26856,50,0,50,2650,3,57,1,269,unknown,SteingroverInPrep,2
26857,50,0,50,2700,3,58,1,269,unknown,SteingroverInPrep,2
26858,50,-50,0,2700,3,59,1,269,unknown,SteingroverInPrep,2
26859,50,0,50,2750,3,60,1,269,unknown,SteingroverInPrep,2
26860,50,-50,0,2750,3,61,1,269,unknown,SteingroverInPrep,2
26861,50,-50,0,2750,3,62,1,269,unknown,SteingroverInPrep,2
26862,50,-50,0,2750,3,63,1,269,unknown,SteingroverInPrep,2
26863,50,0,50,2800,3,64,1,269,unknown,SteingroverInPrep,2
26864,50,-50,0,2800,3,65,1,269,unknown,SteingroverInPrep,2
26865,50,0,50,2850,3,66,1,269,unknown,SteingroverInPrep,2
26866,50,-50,0,2850,3,67,1,269,unknown,SteingroverInPrep,2
26867,50,-50,0,2850,3,68,1,269,unknown,SteingroverInPrep,2
26868,50,0,50,2900,3,69,1,269,unknown,SteingroverInPrep,2
26869,50,0,50,2950,3,70,1,269,unknown,SteingroverInPrep,2
26870,50,0,50,3000,3,71,1,269,unknown,SteingroverInPrep,2
26871,50,-50,0,3000,3,72,1,269,unknown,SteingroverInPrep,2
26872,50,-50,0,3000,3,73,1,269,unknown,SteingroverInPrep,2
26873,50,-50,0,3000,3,74,1,269,unknown,SteingroverInPrep,2
26874,100,0,100,3100,2,75,1,269,unknown,SteingroverInPrep,2
26875,50,0,50,3150,3,76,1,269,unknown,SteingroverInPrep,2
26876,50,-50,0,3150,3,77,1,269,unknown,SteingroverInPrep,2
26877,50,-50,0,3150,3,78,1,269,unknown,SteingroverInPrep,2
26878,50,0,50,3200,3,79,1,269,unknown,SteingroverInPrep,2
26879,50,0,50,3250,3,80,1,269,unknown,SteingroverInPrep,2
26880,50,-50,0,3250,3,81,1,269,unknown,SteingroverInPrep,2
26881,50,-50,0,3250,3,82,1,269,unknown,SteingroverInPrep,2
26882,50,0,50,3300,3,83,1,269,unknown,SteingroverInPrep,2
26883,50,0,50,3350,3,84,1,269,unknown,SteingroverInPrep,2
26884,50,-50,0,3350,3,85,1,269,unknown,SteingroverInPrep,2
26885,50,0,50,3400,3,86,1,269,unknown,SteingroverInPrep,2
26886,50,-50,0,3400,3,87,1,269,unknown,SteingroverInPrep,2
26887,50,-50,0,3400,3,88,1,269,unknown,SteingroverInPrep,2
26888,50,0,50,3450,3,89,1,269,unknown,SteingroverInPrep,2
26889,50,-50,0,3450,3,90,1,269,unknown,SteingroverInPrep,2
26890,50,-50,0,3450,3,91,1,269,unknown,SteingroverInPrep,2
26891,50,0,50,3500,3,92,1,269,unknown,SteingroverInPrep,2
26892,50,0,50,3550,3,93,1,269,unknown,SteingroverInPrep,2
26893,50,0,50,3600,3,94,1,269,unknown,SteingroverInPrep,2
26894,50,0,50,3650,3,95,1,269,unknown,SteingroverInPrep,2
26895,50,-50,0,3650,3,96,1,269,unknown,SteingroverInPrep,2
26896,50,0,50,3700,4,97,1,269,unknown,SteingroverInPrep,2
26897,50,-50,0,3700,3,98,1,269,unknown,SteingroverInPrep,2
26898,50,-50,0,3700,3,99,1,269,unknown,SteingroverInPrep,2
26899,50,0,50,3750,3,100,1,269,unknown,SteingroverInPrep,2
26900,100,0,100,2100,2,1,1,270,unknown,SteingroverInPrep,2
26901,100,0,100,2200,2,2,1,270,unknown,SteingroverInPrep,2
26902,100,0,100,2300,2,3,1,270,unknown,SteingroverInPrep,2
26903,50,-50,0,2300,3,4,1,270,unknown,SteingroverInPrep,2
26904,50,-250,-200,2100,4,5,1,270,unknown,SteingroverInPrep,2
26905,100,0,100,2200,2,6,1,270,unknown,SteingroverInPrep,2
26906,100,0,100,2300,2,7,1,270,unknown,SteingroverInPrep,2
26907,100,0,100,2400,2,8,1,270,unknown,SteingroverInPrep,2
26908,100,0,100,2500,2,9,1,270,unknown,SteingroverInPrep,2
26909,100,0,100,2600,2,10,1,270,unknown,SteingroverInPrep,2
26910,100,-300,-200,2400,1,11,1,270,unknown,SteingroverInPrep,2
26911,100,-1250,-1150,1250,2,12,1,270,unknown,SteingroverInPrep,2
26912,100,0,100,1350,2,13,1,270,unknown,SteingroverInPrep,2
26913,100,-1250,-1150,200,2,14,1,270,unknown,SteingroverInPrep,2
26914,100,0,100,300,2,15,1,270,unknown,SteingroverInPrep,2
26915,50,-50,0,300,3,16,1,270,unknown,SteingroverInPrep,2
26916,100,0,100,400,2,17,1,270,unknown,SteingroverInPrep,2
26917,50,0,50,450,3,18,1,270,unknown,SteingroverInPrep,2
26918,100,0,100,550,2,19,1,270,unknown,SteingroverInPrep,2
26919,50,0,50,600,3,20,1,270,unknown,SteingroverInPrep,2
26920,100,0,100,700,2,21,1,270,unknown,SteingroverInPrep,2
26921,50,-50,0,700,3,22,1,270,unknown,SteingroverInPrep,2
26922,100,0,100,800,2,23,1,270,unknown,SteingroverInPrep,2
26923,100,0,100,900,2,24,1,270,unknown,SteingroverInPrep,2
26924,100,0,100,1000,2,25,1,270,unknown,SteingroverInPrep,2
26925,100,0,100,1100,2,26,1,270,unknown,SteingroverInPrep,2
26926,100,0,100,1200,2,27,1,270,unknown,SteingroverInPrep,2
26927,100,0,100,1300,2,28,1,270,unknown,SteingroverInPrep,2
26928,100,0,100,1400,2,29,1,270,unknown,SteingroverInPrep,2
26929,100,0,100,1500,2,30,1,270,unknown,SteingroverInPrep,2
26930,100,0,100,1600,2,31,1,270,unknown,SteingroverInPrep,2
26931,100,0,100,1700,2,32,1,270,unknown,SteingroverInPrep,2
26932,100,0,100,1800,2,33,1,270,unknown,SteingroverInPrep,2
26933,100,0,100,1900,2,34,1,270,unknown,SteingroverInPrep,2
26934,100,0,100,2000,2,35,1,270,unknown,SteingroverInPrep,2
26935,100,-1250,-1150,850,2,36,1,270,unknown,SteingroverInPrep,2
26936,100,0,100,950,2,37,1,270,unknown,SteingroverInPrep,2
26937,100,0,100,1050,2,38,1,270,unknown,SteingroverInPrep,2
26938,100,0,100,1150,2,39,1,270,unknown,SteingroverInPrep,2
26939,100,0,100,1250,2,40,1,270,unknown,SteingroverInPrep,2
26940,100,0,100,1350,2,41,1,270,unknown,SteingroverInPrep,2
26941,100,0,100,1450,2,42,1,270,unknown,SteingroverInPrep,2
26942,100,0,100,1550,2,43,1,270,unknown,SteingroverInPrep,2
26943,100,0,100,1650,2,44,1,270,unknown,SteingroverInPrep,2
26944,100,0,100,1750,2,45,1,270,unknown,SteingroverInPrep,2
26945,100,-1250,-1150,600,2,46,1,270,unknown,SteingroverInPrep,2
26946,100,0,100,700,2,47,1,270,unknown,SteingroverInPrep,2
26947,100,0,100,800,2,48,1,270,unknown,SteingroverInPrep,2
26948,100,0,100,900,2,49,1,270,unknown,SteingroverInPrep,2
26949,100,0,100,1000,2,50,1,270,unknown,SteingroverInPrep,2
26950,100,0,100,1100,2,51,1,270,unknown,SteingroverInPrep,2
26951,100,0,100,1200,2,52,1,270,unknown,SteingroverInPrep,2
26952,100,-1250,-1150,50,2,53,1,270,unknown,SteingroverInPrep,2
26953,100,0,100,150,2,54,1,270,unknown,SteingroverInPrep,2
26954,100,0,100,250,2,55,1,270,unknown,SteingroverInPrep,2
26955,100,0,100,350,2,56,1,270,unknown,SteingroverInPrep,2
26956,100,0,100,450,2,57,1,270,unknown,SteingroverInPrep,2
26957,100,0,100,550,2,58,1,270,unknown,SteingroverInPrep,2
26958,100,0,100,650,2,59,1,270,unknown,SteingroverInPrep,2
26959,100,-1250,-1150,-500,2,60,1,270,unknown,SteingroverInPrep,2
26960,100,0,100,-400,2,61,1,270,unknown,SteingroverInPrep,2
26961,100,0,100,-300,2,62,1,270,unknown,SteingroverInPrep,2
26962,100,0,100,-200,2,63,1,270,unknown,SteingroverInPrep,2
26963,100,0,100,-100,2,64,1,270,unknown,SteingroverInPrep,2
26964,100,0,100,0,2,65,1,270,unknown,SteingroverInPrep,2
26965,50,0,50,50,3,66,1,270,unknown,SteingroverInPrep,2
26966,100,0,100,150,2,67,1,270,unknown,SteingroverInPrep,2
26967,100,0,100,250,2,68,1,270,unknown,SteingroverInPrep,2
26968,100,-1250,-1150,-900,2,69,1,270,unknown,SteingroverInPrep,2
26969,50,0,50,-850,3,70,1,270,unknown,SteingroverInPrep,2
26970,50,-50,0,-850,3,71,1,270,unknown,SteingroverInPrep,2
26971,50,0,50,-800,4,72,1,270,unknown,SteingroverInPrep,2
26972,100,0,100,-700,1,73,1,270,unknown,SteingroverInPrep,2
26973,100,0,100,-600,1,74,1,270,unknown,SteingroverInPrep,2
26974,100,0,100,-500,1,75,1,270,unknown,SteingroverInPrep,2
26975,100,0,100,-400,1,76,1,270,unknown,SteingroverInPrep,2
26976,100,-250,-150,-550,1,77,1,270,unknown,SteingroverInPrep,2
26977,100,0,100,-450,2,78,1,270,unknown,SteingroverInPrep,2
26978,100,0,100,-350,2,79,1,270,unknown,SteingroverInPrep,2
26979,100,0,100,-250,1,80,1,270,unknown,SteingroverInPrep,2
26980,100,0,100,-150,2,81,1,270,unknown,SteingroverInPrep,2
26981,100,-150,-50,-200,1,82,1,270,unknown,SteingroverInPrep,2
26982,100,0,100,-100,2,83,1,270,unknown,SteingroverInPrep,2
26983,100,0,100,0,2,84,1,270,unknown,SteingroverInPrep,2
26984,100,0,100,100,2,85,1,270,unknown,SteingroverInPrep,2
26985,100,0,100,200,2,86,1,270,unknown,SteingroverInPrep,2
26986,100,-200,-100,100,1,87,1,270,unknown,SteingroverInPrep,2
26987,100,0,100,200,2,88,1,270,unknown,SteingroverInPrep,2
26988,100,0,100,300,2,89,1,270,unknown,SteingroverInPrep,2
26989,50,0,50,350,3,90,1,270,unknown,SteingroverInPrep,2
26990,100,-350,-250,100,1,91,1,270,unknown,SteingroverInPrep,2
26991,100,0,100,200,2,92,1,270,unknown,SteingroverInPrep,2
26992,100,0,100,300,2,93,1,270,unknown,SteingroverInPrep,2
26993,100,0,100,400,2,94,1,270,unknown,SteingroverInPrep,2
26994,100,0,100,500,2,95,1,270,unknown,SteingroverInPrep,2
26995,100,0,100,600,2,96,1,270,unknown,SteingroverInPrep,2
26996,50,-50,0,600,3,97,1,270,unknown,SteingroverInPrep,2
26997,100,-1250,-1150,-550,2,98,1,270,unknown,SteingroverInPrep,2
26998,100,0,100,-450,2,99,1,270,unknown,SteingroverInPrep,2
26999,100,0,100,-350,2,100,1,270,unknown,SteingroverInPrep,2
27000,100,0,100,2100,1,1,1,271,unknown,SteingroverInPrep,2
27001,100,0,100,2200,2,2,1,271,unknown,SteingroverInPrep,2
27002,50,-50,0,2200,3,3,1,271,unknown,SteingroverInPrep,2
27003,100,0,100,2300,1,4,1,271,unknown,SteingroverInPrep,2
27004,100,0,100,2400,2,5,1,271,unknown,SteingroverInPrep,2
27005,100,-350,-250,2150,1,6,1,271,unknown,SteingroverInPrep,2
27006,50,0,50,2200,4,7,1,271,unknown,SteingroverInPrep,2
27007,100,0,100,2300,2,8,1,271,unknown,SteingroverInPrep,2
27008,50,0,50,2350,3,9,1,271,unknown,SteingroverInPrep,2
27009,100,0,100,2450,1,10,1,271,unknown,SteingroverInPrep,2
27010,100,0,100,2550,2,11,1,271,unknown,SteingroverInPrep,2
27011,50,0,50,2600,4,12,1,271,unknown,SteingroverInPrep,2
27012,50,-50,0,2600,3,13,1,271,unknown,SteingroverInPrep,2
27013,100,-200,-100,2500,1,14,1,271,unknown,SteingroverInPrep,2
27014,100,0,100,2600,2,15,1,271,unknown,SteingroverInPrep,2
27015,50,0,50,2650,4,16,1,271,unknown,SteingroverInPrep,2
27016,100,0,100,2750,2,17,1,271,unknown,SteingroverInPrep,2
27017,50,0,50,2800,3,18,1,271,unknown,SteingroverInPrep,2
27018,100,0,100,2900,1,19,1,271,unknown,SteingroverInPrep,2
27019,100,-1250,-1150,1750,2,20,1,271,unknown,SteingroverInPrep,2
27020,50,0,50,1800,3,21,1,271,unknown,SteingroverInPrep,2
27021,50,0,50,1850,4,22,1,271,unknown,SteingroverInPrep,2
27022,100,-300,-200,1650,1,23,1,271,unknown,SteingroverInPrep,2
27023,100,0,100,1750,2,24,1,271,unknown,SteingroverInPrep,2
27024,50,-50,0,1750,3,25,1,271,unknown,SteingroverInPrep,2
27025,50,-250,-200,1550,4,26,1,271,unknown,SteingroverInPrep,2
27026,50,-50,0,1550,3,27,1,271,unknown,SteingroverInPrep,2
27027,100,0,100,1650,1,28,1,271,unknown,SteingroverInPrep,2
27028,100,0,100,1750,2,29,1,271,unknown,SteingroverInPrep,2
27029,100,-150,-50,1700,1,30,1,271,unknown,SteingroverInPrep,2
27030,50,-50,0,1700,3,31,1,271,unknown,SteingroverInPrep,2
27031,50,0,50,1750,4,32,1,271,unknown,SteingroverInPrep,2
27032,100,0,100,1850,2,33,1,271,unknown,SteingroverInPrep,2
27033,100,-250,-150,1700,1,34,1,271,unknown,SteingroverInPrep,2
27034,50,0,50,1750,3,35,1,271,unknown,SteingroverInPrep,2
27035,50,0,50,1800,3,36,1,271,unknown,SteingroverInPrep,2
27036,50,-50,0,1800,3,37,1,271,unknown,SteingroverInPrep,2
27037,100,-1250,-1150,650,2,38,1,271,unknown,SteingroverInPrep,2
27038,100,0,100,750,2,39,1,271,unknown,SteingroverInPrep,2
27039,100,0,100,850,2,40,1,271,unknown,SteingroverInPrep,2
27040,100,0,100,950,2,41,1,271,unknown,SteingroverInPrep,2
27041,100,0,100,1050,2,42,1,271,unknown,SteingroverInPrep,2
27042,100,0,100,1150,2,43,1,271,unknown,SteingroverInPrep,2
27043,100,0,100,1250,2,44,1,271,unknown,SteingroverInPrep,2
27044,100,0,100,1350,2,45,1,271,unknown,SteingroverInPrep,2
27045,100,0,100,1450,2,46,1,271,unknown,SteingroverInPrep,2
27046,100,0,100,1550,2,47,1,271,unknown,SteingroverInPrep,2
27047,100,-1250,-1150,400,2,48,1,271,unknown,SteingroverInPrep,2
27048,100,0,100,500,2,49,1,271,unknown,SteingroverInPrep,2
27049,100,0,100,600,2,50,1,271,unknown,SteingroverInPrep,2
27050,100,0,100,700,2,51,1,271,unknown,SteingroverInPrep,2
27051,100,0,100,800,2,52,1,271,unknown,SteingroverInPrep,2
27052,100,0,100,900,2,53,1,271,unknown,SteingroverInPrep,2
27053,50,0,50,950,4,54,1,271,unknown,SteingroverInPrep,2
27054,100,-150,-50,900,1,55,1,271,unknown,SteingroverInPrep,2
27055,50,-50,0,900,3,56,1,271,unknown,SteingroverInPrep,2
27056,100,0,100,1000,2,57,1,271,unknown,SteingroverInPrep,2
27057,100,0,100,1100,1,58,1,271,unknown,SteingroverInPrep,2
27058,100,0,100,1200,1,59,1,271,unknown,SteingroverInPrep,2
27059,100,0,100,1300,1,60,1,271,unknown,SteingroverInPrep,2
27060,100,-250,-150,1150,1,61,1,271,unknown,SteingroverInPrep,2
27061,50,0,50,1200,3,62,1,271,unknown,SteingroverInPrep,2
27062,50,0,50,1250,3,63,1,271,unknown,SteingroverInPrep,2
27063,50,0,50,1300,3,64,1,271,unknown,SteingroverInPrep,2
27064,50,0,50,1350,4,65,1,271,unknown,SteingroverInPrep,2
27065,50,0,50,1400,4,66,1,271,unknown,SteingroverInPrep,2
27066,50,0,50,1450,4,67,1,271,unknown,SteingroverInPrep,2
27067,50,0,50,1500,4,68,1,271,unknown,SteingroverInPrep,2
27068,100,0,100,1600,2,69,1,271,unknown,SteingroverInPrep,2
27069,100,0,100,1700,2,70,1,271,unknown,SteingroverInPrep,2
27070,100,0,100,1800,2,71,1,271,unknown,SteingroverInPrep,2
27071,100,0,100,1900,2,72,1,271,unknown,SteingroverInPrep,2
27072,100,0,100,2000,1,73,1,271,unknown,SteingroverInPrep,2
27073,100,-200,-100,1900,1,74,1,271,unknown,SteingroverInPrep,2
27074,50,-50,0,1900,3,75,1,271,unknown,SteingroverInPrep,2
27075,100,0,100,2000,2,76,1,271,unknown,SteingroverInPrep,2
27076,100,0,100,2100,2,77,1,271,unknown,SteingroverInPrep,2
27077,100,0,100,2200,2,78,1,271,unknown,SteingroverInPrep,2
27078,50,0,50,2250,4,79,1,271,unknown,SteingroverInPrep,2
27079,50,0,50,2300,4,80,1,271,unknown,SteingroverInPrep,2
27080,50,0,50,2350,4,81,1,271,unknown,SteingroverInPrep,2
27081,50,-250,-200,2150,4,82,1,271,unknown,SteingroverInPrep,2
27082,50,-50,0,2150,3,83,1,271,unknown,SteingroverInPrep,2
27083,100,0,100,2250,2,84,1,271,unknown,SteingroverInPrep,2
27084,100,0,100,2350,2,85,1,271,unknown,SteingroverInPrep,2
27085,100,0,100,2450,2,86,1,271,unknown,SteingroverInPrep,2
27086,50,-50,0,2450,3,87,1,271,unknown,SteingroverInPrep,2
27087,100,0,100,2550,2,88,1,271,unknown,SteingroverInPrep,2
27088,100,0,100,2650,2,89,1,271,unknown,SteingroverInPrep,2
27089,100,-1250,-1150,1500,2,90,1,271,unknown,SteingroverInPrep,2
27090,100,-300,-200,1300,1,91,1,271,unknown,SteingroverInPrep,2
27091,100,0,100,1400,1,92,1,271,unknown,SteingroverInPrep,2
27092,100,-350,-250,1150,1,93,1,271,unknown,SteingroverInPrep,2
27093,50,0,50,1200,4,94,1,271,unknown,SteingroverInPrep,2
27094,50,0,50,1250,4,95,1,271,unknown,SteingroverInPrep,2
27095,50,0,50,1300,4,96,1,271,unknown,SteingroverInPrep,2
27096,50,0,50,1350,4,97,1,271,unknown,SteingroverInPrep,2
27097,50,0,50,1400,4,98,1,271,unknown,SteingroverInPrep,2
27098,100,0,100,1500,2,99,1,271,unknown,SteingroverInPrep,2
27099,100,0,100,1600,2,100,1,271,unknown,SteingroverInPrep,2
27100,50,-50,0,2000,3,1,1,272,unknown,SteingroverInPrep,2
27101,100,0,100,2100,2,2,1,272,unknown,SteingroverInPrep,2
27102,100,0,100,2200,2,3,1,272,unknown,SteingroverInPrep,2
27103,100,-150,-50,2150,1,4,1,272,unknown,SteingroverInPrep,2
27104,100,0,100,2250,2,5,1,272,unknown,SteingroverInPrep,2
27105,100,0,100,2350,2,6,1,272,unknown,SteingroverInPrep,2
27106,100,0,100,2450,2,7,1,272,unknown,SteingroverInPrep,2
27107,100,0,100,2550,2,8,1,272,unknown,SteingroverInPrep,2
27108,100,0,100,2650,2,9,1,272,unknown,SteingroverInPrep,2
27109,100,0,100,2750,2,10,1,272,unknown,SteingroverInPrep,2
27110,100,-1250,-1150,1600,2,11,1,272,unknown,SteingroverInPrep,2
27111,100,0,100,1700,2,12,1,272,unknown,SteingroverInPrep,2
27112,100,0,100,1800,2,13,1,272,unknown,SteingroverInPrep,2
27113,100,0,100,1900,2,14,1,272,unknown,SteingroverInPrep,2
27114,100,-1250,-1150,750,2,15,1,272,unknown,SteingroverInPrep,2
27115,50,-50,0,750,3,16,1,272,unknown,SteingroverInPrep,2
27116,100,0,100,850,2,17,1,272,unknown,SteingroverInPrep,2
27117,100,0,100,950,2,18,1,272,unknown,SteingroverInPrep,2
27118,100,0,100,1050,1,19,1,272,unknown,SteingroverInPrep,2
27119,100,-300,-200,850,1,20,1,272,unknown,SteingroverInPrep,2
27120,100,0,100,950,2,21,1,272,unknown,SteingroverInPrep,2
27121,100,0,100,1050,1,22,1,272,unknown,SteingroverInPrep,2
27122,100,0,100,1150,1,23,1,272,unknown,SteingroverInPrep,2
27123,100,0,100,1250,2,24,1,272,unknown,SteingroverInPrep,2
27124,50,0,50,1300,4,25,1,272,unknown,SteingroverInPrep,2
27125,50,0,50,1350,4,26,1,272,unknown,SteingroverInPrep,2
27126,50,0,50,1400,3,27,1,272,unknown,SteingroverInPrep,2
27127,50,0,50,1450,3,28,1,272,unknown,SteingroverInPrep,2
27128,100,0,100,1550,2,29,1,272,unknown,SteingroverInPrep,2
27129,100,-250,-150,1400,1,30,1,272,unknown,SteingroverInPrep,2
27130,100,0,100,1500,2,31,1,272,unknown,SteingroverInPrep,2
27131,50,0,50,1550,4,32,1,272,unknown,SteingroverInPrep,2
27132,50,0,50,1600,4,33,1,272,unknown,SteingroverInPrep,2
27133,50,-50,0,1600,3,34,1,272,unknown,SteingroverInPrep,2
27134,50,0,50,1650,3,35,1,272,unknown,SteingroverInPrep,2
27135,50,-50,0,1650,3,36,1,272,unknown,SteingroverInPrep,2
27136,50,0,50,1700,3,37,1,272,unknown,SteingroverInPrep,2
27137,50,-50,0,1700,3,38,1,272,unknown,SteingroverInPrep,2
27138,50,0,50,1750,3,39,1,272,unknown,SteingroverInPrep,2
27139,50,-50,0,1750,3,40,1,272,unknown,SteingroverInPrep,2
27140,50,0,50,1800,4,41,1,272,unknown,SteingroverInPrep,2
27141,50,0,50,1850,4,42,1,272,unknown,SteingroverInPrep,2
27142,50,0,50,1900,4,43,1,272,unknown,SteingroverInPrep,2
27143,50,0,50,1950,4,44,1,272,unknown,SteingroverInPrep,2
27144,50,0,50,2000,4,45,1,272,unknown,SteingroverInPrep,2
27145,50,-250,-200,1800,4,46,1,272,unknown,SteingroverInPrep,2
27146,50,-250,-200,1600,4,47,1,272,unknown,SteingroverInPrep,2
27147,50,0,50,1650,3,48,1,272,unknown,SteingroverInPrep,2
27148,50,0,50,1700,3,49,1,272,unknown,SteingroverInPrep,2
27149,50,-50,0,1700,3,50,1,272,unknown,SteingroverInPrep,2
27150,50,-50,0,1700,3,51,1,272,unknown,SteingroverInPrep,2
27151,50,-50,0,1700,3,52,1,272,unknown,SteingroverInPrep,2
27152,50,-50,0,1700,3,53,1,272,unknown,SteingroverInPrep,2
27153,50,0,50,1750,3,54,1,272,unknown,SteingroverInPrep,2
27154,50,0,50,1800,3,55,1,272,unknown,SteingroverInPrep,2
27155,50,0,50,1850,3,56,1,272,unknown,SteingroverInPrep,2
27156,50,0,50,1900,3,57,1,272,unknown,SteingroverInPrep,2
27157,50,-50,0,1900,3,58,1,272,unknown,SteingroverInPrep,2
27158,50,-50,0,1900,3,59,1,272,unknown,SteingroverInPrep,2
27159,50,0,50,1950,3,60,1,272,unknown,SteingroverInPrep,2
27160,50,-50,0,1950,3,61,1,272,unknown,SteingroverInPrep,2
27161,50,-50,0,1950,3,62,1,272,unknown,SteingroverInPrep,2
27162,50,0,50,2000,3,63,1,272,unknown,SteingroverInPrep,2
27163,50,0,50,2050,3,64,1,272,unknown,SteingroverInPrep,2
27164,50,-50,0,2050,3,65,1,272,unknown,SteingroverInPrep,2
27165,50,0,50,2100,3,66,1,272,unknown,SteingroverInPrep,2
27166,50,-50,0,2100,3,67,1,272,unknown,SteingroverInPrep,2
27167,50,-50,0,2100,3,68,1,272,unknown,SteingroverInPrep,2
27168,50,0,50,2150,3,69,1,272,unknown,SteingroverInPrep,2
27169,50,0,50,2200,3,70,1,272,unknown,SteingroverInPrep,2
27170,50,-50,0,2200,3,71,1,272,unknown,SteingroverInPrep,2
27171,50,0,50,2250,3,72,1,272,unknown,SteingroverInPrep,2
27172,50,0,50,2300,3,73,1,272,unknown,SteingroverInPrep,2
27173,50,0,50,2350,3,74,1,272,unknown,SteingroverInPrep,2
27174,50,-50,0,2350,3,75,1,272,unknown,SteingroverInPrep,2
27175,50,-50,0,2350,3,76,1,272,unknown,SteingroverInPrep,2
27176,50,0,50,2400,3,77,1,272,unknown,SteingroverInPrep,2
27177,50,-50,0,2400,3,78,1,272,unknown,SteingroverInPrep,2
27178,50,0,50,2450,3,79,1,272,unknown,SteingroverInPrep,2
27179,100,-350,-250,2200,1,80,1,272,unknown,SteingroverInPrep,2
27180,50,-50,0,2200,3,81,1,272,unknown,SteingroverInPrep,2
27181,50,0,50,2250,3,82,1,272,unknown,SteingroverInPrep,2
27182,50,0,50,2300,3,83,1,272,unknown,SteingroverInPrep,2
27183,50,-50,0,2300,3,84,1,272,unknown,SteingroverInPrep,2
27184,50,-50,0,2300,3,85,1,272,unknown,SteingroverInPrep,2
27185,50,-50,0,2300,3,86,1,272,unknown,SteingroverInPrep,2
27186,50,0,50,2350,3,87,1,272,unknown,SteingroverInPrep,2
27187,50,0,50,2400,3,88,1,272,unknown,SteingroverInPrep,2
27188,50,-50,0,2400,3,89,1,272,unknown,SteingroverInPrep,2
27189,50,0,50,2450,3,90,1,272,unknown,SteingroverInPrep,2
27190,50,-50,0,2450,3,91,1,272,unknown,SteingroverInPrep,2
27191,50,-50,0,2450,3,92,1,272,unknown,SteingroverInPrep,2
27192,50,-50,0,2450,3,93,1,272,unknown,SteingroverInPrep,2
27193,50,0,50,2500,3,94,1,272,unknown,SteingroverInPrep,2
27194,50,0,50,2550,3,95,1,272,unknown,SteingroverInPrep,2
27195,50,0,50,2600,3,96,1,272,unknown,SteingroverInPrep,2
27196,50,-50,0,2600,3,97,1,272,unknown,SteingroverInPrep,2
27197,50,0,50,2650,3,98,1,272,unknown,SteingroverInPrep,2
27198,50,0,50,2700,3,99,1,272,unknown,SteingroverInPrep,2
27199,50,0,50,2750,3,100,1,272,unknown,SteingroverInPrep,2
27200,50,-50,0,2000,3,1,1,273,unknown,SteingroverInPrep,2
27201,50,-50,0,2000,3,2,1,273,unknown,SteingroverInPrep,2
27202,100,0,100,2100,1,3,1,273,unknown,SteingroverInPrep,2
27203,100,0,100,2200,1,4,1,273,unknown,SteingroverInPrep,2
27204,100,-200,-100,2100,1,5,1,273,unknown,SteingroverInPrep,2
27205,100,0,100,2200,2,6,1,273,unknown,SteingroverInPrep,2
27206,50,0,50,2250,4,7,1,273,unknown,SteingroverInPrep,2
27207,100,-1250,-1150,1100,2,8,1,273,unknown,SteingroverInPrep,2
27208,100,0,100,1200,2,9,1,273,unknown,SteingroverInPrep,2
27209,50,0,50,1250,3,10,1,273,unknown,SteingroverInPrep,2
27210,50,0,50,1300,4,11,1,273,unknown,SteingroverInPrep,2
27211,100,-350,-250,1050,1,12,1,273,unknown,SteingroverInPrep,2
27212,100,0,100,1150,2,13,1,273,unknown,SteingroverInPrep,2
27213,100,0,100,1250,2,14,1,273,unknown,SteingroverInPrep,2
27214,50,0,50,1300,3,15,1,273,unknown,SteingroverInPrep,2
27215,50,-250,-200,1100,4,16,1,273,unknown,SteingroverInPrep,2
27216,50,0,50,1150,3,17,1,273,unknown,SteingroverInPrep,2
27217,50,-50,0,1150,3,18,1,273,unknown,SteingroverInPrep,2
27218,100,0,100,1250,2,19,1,273,unknown,SteingroverInPrep,2
27219,100,0,100,1350,1,20,1,273,unknown,SteingroverInPrep,2
27220,50,0,50,1400,3,21,1,273,unknown,SteingroverInPrep,2
27221,50,0,50,1450,3,22,1,273,unknown,SteingroverInPrep,2
27222,50,-50,0,1450,3,23,1,273,unknown,SteingroverInPrep,2
27223,50,-50,0,1450,3,24,1,273,unknown,SteingroverInPrep,2
27224,50,-50,0,1450,3,25,1,273,unknown,SteingroverInPrep,2
27225,100,0,100,1550,2,26,1,273,unknown,SteingroverInPrep,2
27226,50,0,50,1600,3,27,1,273,unknown,SteingroverInPrep,2
27227,50,0,50,1650,3,28,1,273,unknown,SteingroverInPrep,2
27228,50,0,50,1700,3,29,1,273,unknown,SteingroverInPrep,2
27229,50,-50,0,1700,3,30,1,273,unknown,SteingroverInPrep,2
27230,100,0,100,1800,2,31,1,273,unknown,SteingroverInPrep,2
27231,50,-50,0,1800,3,32,1,273,unknown,SteingroverInPrep,2
27232,100,0,100,1900,2,33,1,273,unknown,SteingroverInPrep,2
27233,50,0,50,1950,3,34,1,273,unknown,SteingroverInPrep,2
27234,50,-50,0,1950,3,35,1,273,unknown,SteingroverInPrep,2
27235,100,0,100,2050,2,36,1,273,unknown,SteingroverInPrep,2
27236,100,-150,-50,2000,1,37,1,273,unknown,SteingroverInPrep,2
27237,50,0,50,2050,3,38,1,273,unknown,SteingroverInPrep,2
27238,50,0,50,2100,4,39,1,273,unknown,SteingroverInPrep,2
27239,100,-1250,-1150,950,2,40,1,273,unknown,SteingroverInPrep,2
27240,50,-50,0,950,3,41,1,273,unknown,SteingroverInPrep,2
27241,100,0,100,1050,2,42,1,273,unknown,SteingroverInPrep,2
27242,100,0,100,1150,2,43,1,273,unknown,SteingroverInPrep,2
27243,100,0,100,1250,2,44,1,273,unknown,SteingroverInPrep,2
27244,50,-50,0,1250,3,45,1,273,unknown,SteingroverInPrep,2
27245,50,0,50,1300,3,46,1,273,unknown,SteingroverInPrep,2
27246,50,-50,0,1300,3,47,1,273,unknown,SteingroverInPrep,2
27247,100,0,100,1400,1,48,1,273,unknown,SteingroverInPrep,2
27248,50,0,50,1450,3,49,1,273,unknown,SteingroverInPrep,2
27249,50,0,50,1500,3,50,1,273,unknown,SteingroverInPrep,2
27250,50,0,50,1550,4,51,1,273,unknown,SteingroverInPrep,2
27251,50,-50,0,1550,3,52,1,273,unknown,SteingroverInPrep,2
27252,50,0,50,1600,4,53,1,273,unknown,SteingroverInPrep,2
27253,50,0,50,1650,3,54,1,273,unknown,SteingroverInPrep,2
27254,50,-50,0,1650,3,55,1,273,unknown,SteingroverInPrep,2
27255,50,0,50,1700,4,56,1,273,unknown,SteingroverInPrep,2
27256,50,0,50,1750,4,57,1,273,unknown,SteingroverInPrep,2
27257,100,0,100,1850,2,58,1,273,unknown,SteingroverInPrep,2
27258,50,-50,0,1850,3,59,1,273,unknown,SteingroverInPrep,2
27259,50,0,50,1900,3,60,1,273,unknown,SteingroverInPrep,2
27260,50,0,50,1950,3,61,1,273,unknown,SteingroverInPrep,2
27261,50,0,50,2000,3,62,1,273,unknown,SteingroverInPrep,2
27262,50,0,50,2050,4,63,1,273,unknown,SteingroverInPrep,2
27263,100,0,100,2150,2,64,1,273,unknown,SteingroverInPrep,2
27264,50,0,50,2200,3,65,1,273,unknown,SteingroverInPrep,2
27265,100,0,100,2300,1,66,1,273,unknown,SteingroverInPrep,2
27266,50,0,50,2350,4,67,1,273,unknown,SteingroverInPrep,2
27267,50,-250,-200,2150,4,68,1,273,unknown,SteingroverInPrep,2
27268,50,-50,0,2150,3,69,1,273,unknown,SteingroverInPrep,2
27269,50,0,50,2200,4,70,1,273,unknown,SteingroverInPrep,2
27270,50,0,50,2250,3,71,1,273,unknown,SteingroverInPrep,2
27271,50,0,50,2300,3,72,1,273,unknown,SteingroverInPrep,2
27272,50,-50,0,2300,3,73,1,273,unknown,SteingroverInPrep,2
27273,100,0,100,2400,2,74,1,273,unknown,SteingroverInPrep,2
27274,50,-50,0,2400,3,75,1,273,unknown,SteingroverInPrep,2
27275,100,-300,-200,2200,1,76,1,273,unknown,SteingroverInPrep,2
27276,50,-50,0,2200,3,77,1,273,unknown,SteingroverInPrep,2
27277,50,0,50,2250,4,78,1,273,unknown,SteingroverInPrep,2
27278,50,-50,0,2250,3,79,1,273,unknown,SteingroverInPrep,2
27279,50,0,50,2300,4,80,1,273,unknown,SteingroverInPrep,2
27280,50,-50,0,2300,3,81,1,273,unknown,SteingroverInPrep,2
27281,50,0,50,2350,4,82,1,273,unknown,SteingroverInPrep,2
27282,50,0,50,2400,4,83,1,273,unknown,SteingroverInPrep,2
27283,50,0,50,2450,4,84,1,273,unknown,SteingroverInPrep,2
27284,50,0,50,2500,4,85,1,273,unknown,SteingroverInPrep,2
27285,50,0,50,2550,4,86,1,273,unknown,SteingroverInPrep,2
27286,50,0,50,2600,4,87,1,273,unknown,SteingroverInPrep,2
27287,50,0,50,2650,4,88,1,273,unknown,SteingroverInPrep,2
27288,50,0,50,2700,4,89,1,273,unknown,SteingroverInPrep,2
27289,50,0,50,2750,4,90,1,273,unknown,SteingroverInPrep,2
27290,50,0,50,2800,4,91,1,273,unknown,SteingroverInPrep,2
27291,50,0,50,2850,4,92,1,273,unknown,SteingroverInPrep,2
27292,50,0,50,2900,4,93,1,273,unknown,SteingroverInPrep,2
27293,50,0,50,2950,4,94,1,273,unknown,SteingroverInPrep,2
27294,50,0,50,3000,4,95,1,273,unknown,SteingroverInPrep,2
27295,50,0,50,3050,4,96,1,273,unknown,SteingroverInPrep,2
27296,50,-250,-200,2850,4,97,1,273,unknown,SteingroverInPrep,2
27297,50,-50,0,2850,3,98,1,273,unknown,SteingroverInPrep,2
27298,50,0,50,2900,4,99,1,273,unknown,SteingroverInPrep,2
27299,50,0,50,2950,4,100,1,273,unknown,SteingroverInPrep,2
27300,50,0,50,2050,3,1,1,274,unknown,SteingroverInPrep,2
27301,100,0,100,2150,1,2,1,274,unknown,SteingroverInPrep,2
27302,50,0,50,2200,4,3,1,274,unknown,SteingroverInPrep,2
27303,50,0,50,2250,4,4,1,274,unknown,SteingroverInPrep,2
27304,100,-1250,-1150,1100,2,5,1,274,unknown,SteingroverInPrep,2
27305,100,0,100,1200,2,6,1,274,unknown,SteingroverInPrep,2
27306,50,0,50,1250,3,7,1,274,unknown,SteingroverInPrep,2
27307,100,0,100,1350,1,8,1,274,unknown,SteingroverInPrep,2
27308,100,0,100,1450,2,9,1,274,unknown,SteingroverInPrep,2
27309,50,-250,-200,1250,4,10,1,274,unknown,SteingroverInPrep,2
27310,50,0,50,1300,4,11,1,274,unknown,SteingroverInPrep,2
27311,50,0,50,1350,4,12,1,274,unknown,SteingroverInPrep,2
27312,50,-50,0,1350,3,13,1,274,unknown,SteingroverInPrep,2
27313,100,0,100,1450,2,14,1,274,unknown,SteingroverInPrep,2
27314,50,0,50,1500,4,15,1,274,unknown,SteingroverInPrep,2
27315,100,0,100,1600,1,16,1,274,unknown,SteingroverInPrep,2
27316,50,0,50,1650,3,17,1,274,unknown,SteingroverInPrep,2
27317,100,0,100,1750,2,18,1,274,unknown,SteingroverInPrep,2
27318,100,0,100,1850,2,19,1,274,unknown,SteingroverInPrep,2
27319,50,0,50,1900,4,20,1,274,unknown,SteingroverInPrep,2
27320,50,0,50,1950,3,21,1,274,unknown,SteingroverInPrep,2
27321,100,0,100,2050,2,22,1,274,unknown,SteingroverInPrep,2
27322,100,0,100,2150,1,23,1,274,unknown,SteingroverInPrep,2
27323,100,0,100,2250,2,24,1,274,unknown,SteingroverInPrep,2
27324,50,-50,0,2250,3,25,1,274,unknown,SteingroverInPrep,2
27325,50,0,50,2300,4,26,1,274,unknown,SteingroverInPrep,2
27326,100,-150,-50,2250,1,27,1,274,unknown,SteingroverInPrep,2
27327,100,0,100,2350,2,28,1,274,unknown,SteingroverInPrep,2
27328,50,0,50,2400,3,29,1,274,unknown,SteingroverInPrep,2
27329,100,0,100,2500,2,30,1,274,unknown,SteingroverInPrep,2
27330,100,0,100,2600,2,31,1,274,unknown,SteingroverInPrep,2
27331,100,0,100,2700,2,32,1,274,unknown,SteingroverInPrep,2
27332,100,0,100,2800,2,33,1,274,unknown,SteingroverInPrep,2
27333,50,0,50,2850,4,34,1,274,unknown,SteingroverInPrep,2
27334,50,-50,0,2850,3,35,1,274,unknown,SteingroverInPrep,2
27335,50,-50,0,2850,3,36,1,274,unknown,SteingroverInPrep,2
27336,100,-200,-100,2750,1,37,1,274,unknown,SteingroverInPrep,2
27337,100,-350,-250,2500,1,38,1,274,unknown,SteingroverInPrep,2
27338,100,0,100,2600,2,39,1,274,unknown,SteingroverInPrep,2
27339,100,0,100,2700,2,40,1,274,unknown,SteingroverInPrep,2
27340,100,0,100,2800,2,41,1,274,unknown,SteingroverInPrep,2
27341,50,0,50,2850,4,42,1,274,unknown,SteingroverInPrep,2
27342,100,0,100,2950,2,43,1,274,unknown,SteingroverInPrep,2
27343,100,-250,-150,2800,1,44,1,274,unknown,SteingroverInPrep,2
27344,100,-1250,-1150,1650,2,45,1,274,unknown,SteingroverInPrep,2
27345,50,-50,0,1650,3,46,1,274,unknown,SteingroverInPrep,2
27346,100,0,100,1750,2,47,1,274,unknown,SteingroverInPrep,2
27347,100,0,100,1850,2,48,1,274,unknown,SteingroverInPrep,2
27348,50,-250,-200,1650,4,49,1,274,unknown,SteingroverInPrep,2
27349,100,-1250,-1150,500,2,50,1,274,unknown,SteingroverInPrep,2
27350,100,-300,-200,300,1,51,1,274,unknown,SteingroverInPrep,2
27351,50,0,50,350,3,52,1,274,unknown,SteingroverInPrep,2
27352,50,-50,0,350,3,53,1,274,unknown,SteingroverInPrep,2
27353,100,0,100,450,2,54,1,274,unknown,SteingroverInPrep,2
27354,100,0,100,550,2,55,1,274,unknown,SteingroverInPrep,2
27355,100,0,100,650,2,56,1,274,unknown,SteingroverInPrep,2
27356,100,0,100,750,2,57,1,274,unknown,SteingroverInPrep,2
27357,50,0,50,800,4,58,1,274,unknown,SteingroverInPrep,2
27358,100,0,100,900,1,59,1,274,unknown,SteingroverInPrep,2
27359,50,0,50,950,3,60,1,274,unknown,SteingroverInPrep,2
27360,100,0,100,1050,2,61,1,274,unknown,SteingroverInPrep,2
27361,100,0,100,1150,2,62,1,274,unknown,SteingroverInPrep,2
27362,50,0,50,1200,4,63,1,274,unknown,SteingroverInPrep,2
27363,100,0,100,1300,1,64,1,274,unknown,SteingroverInPrep,2
27364,100,0,100,1400,2,65,1,274,unknown,SteingroverInPrep,2
27365,50,0,50,1450,3,66,1,274,unknown,SteingroverInPrep,2
27366,100,0,100,1550,2,67,1,274,unknown,SteingroverInPrep,2
27367,100,-350,-250,1300,1,68,1,274,unknown,SteingroverInPrep,2
27368,50,-50,0,1300,3,69,1,274,unknown,SteingroverInPrep,2
27369,50,-50,0,1300,3,70,1,274,unknown,SteingroverInPrep,2
27370,50,-50,0,1300,3,71,1,274,unknown,SteingroverInPrep,2
27371,50,0,50,1350,4,72,1,274,unknown,SteingroverInPrep,2
27372,100,0,100,1450,2,73,1,274,unknown,SteingroverInPrep,2
27373,50,0,50,1500,4,74,1,274,unknown,SteingroverInPrep,2
27374,100,0,100,1600,2,75,1,274,unknown,SteingroverInPrep,2
27375,100,-200,-100,1500,1,76,1,274,unknown,SteingroverInPrep,2
27376,100,0,100,1600,2,77,1,274,unknown,SteingroverInPrep,2
27377,100,0,100,1700,2,78,1,274,unknown,SteingroverInPrep,2
27378,100,0,100,1800,2,79,1,274,unknown,SteingroverInPrep,2
27379,100,-1250,-1150,650,2,80,1,274,unknown,SteingroverInPrep,2
27380,50,0,50,700,3,81,1,274,unknown,SteingroverInPrep,2
27381,50,0,50,750,4,82,1,274,unknown,SteingroverInPrep,2
27382,100,0,100,850,2,83,1,274,unknown,SteingroverInPrep,2
27383,50,0,50,900,3,84,1,274,unknown,SteingroverInPrep,2
27384,100,-300,-200,700,1,85,1,274,unknown,SteingroverInPrep,2
27385,50,-50,0,700,3,86,1,274,unknown,SteingroverInPrep,2
27386,100,0,100,800,2,87,1,274,unknown,SteingroverInPrep,2
27387,100,0,100,900,2,88,1,274,unknown,SteingroverInPrep,2
27388,50,0,50,950,4,89,1,274,unknown,SteingroverInPrep,2
27389,100,0,100,1050,2,90,1,274,unknown,SteingroverInPrep,2
27390,50,0,50,1100,3,91,1,274,unknown,SteingroverInPrep,2
27391,100,0,100,1200,1,92,1,274,unknown,SteingroverInPrep,2
27392,100,0,100,1300,2,93,1,274,unknown,SteingroverInPrep,2
27393,50,-50,0,1300,3,94,1,274,unknown,SteingroverInPrep,2
27394,50,0,50,1350,4,95,1,274,unknown,SteingroverInPrep,2
27395,100,0,100,1450,2,96,1,274,unknown,SteingroverInPrep,2
27396,100,0,100,1550,2,97,1,274,unknown,SteingroverInPrep,2
27397,100,-1250,-1150,400,2,98,1,274,unknown,SteingroverInPrep,2
27398,100,0,100,500,1,99,1,274,unknown,SteingroverInPrep,2
27399,100,-150,-50,450,1,100,1,274,unknown,SteingroverInPrep,2
27400,100,-300,-200,1800,1,1,1,275,unknown,SteingroverInPrep,2
27401,50,0,50,1850,3,2,1,275,unknown,SteingroverInPrep,2
27402,100,0,100,1950,2,3,1,275,unknown,SteingroverInPrep,2
27403,100,-350,-250,1700,1,4,1,275,unknown,SteingroverInPrep,2
27404,100,0,100,1800,2,5,1,275,unknown,SteingroverInPrep,2
27405,50,0,50,1850,4,6,1,275,unknown,SteingroverInPrep,2
27406,100,0,100,1950,2,7,1,275,unknown,SteingroverInPrep,2
27407,100,0,100,2050,2,8,1,275,unknown,SteingroverInPrep,2
27408,100,-1250,-1150,900,2,9,1,275,unknown,SteingroverInPrep,2
27409,50,-50,0,900,3,10,1,275,unknown,SteingroverInPrep,2
27410,50,0,50,950,4,11,1,275,unknown,SteingroverInPrep,2
27411,100,0,100,1050,1,12,1,275,unknown,SteingroverInPrep,2
27412,100,0,100,1150,1,13,1,275,unknown,SteingroverInPrep,2
27413,100,0,100,1250,1,14,1,275,unknown,SteingroverInPrep,2
27414,50,-50,0,1250,3,15,1,275,unknown,SteingroverInPrep,2
27415,50,0,50,1300,4,16,1,275,unknown,SteingroverInPrep,2
27416,100,0,100,1400,2,17,1,275,unknown,SteingroverInPrep,2
27417,100,0,100,1500,2,18,1,275,unknown,SteingroverInPrep,2
27418,100,0,100,1600,2,19,1,275,unknown,SteingroverInPrep,2
27419,50,0,50,1650,4,20,1,275,unknown,SteingroverInPrep,2
27420,50,0,50,1700,3,21,1,275,unknown,SteingroverInPrep,2
27421,100,-150,-50,1650,1,22,1,275,unknown,SteingroverInPrep,2
27422,50,-50,0,1650,3,23,1,275,unknown,SteingroverInPrep,2
27423,50,0,50,1700,4,24,1,275,unknown,SteingroverInPrep,2
27424,100,0,100,1800,2,25,1,275,unknown,SteingroverInPrep,2
27425,100,0,100,1900,2,26,1,275,unknown,SteingroverInPrep,2
27426,50,-50,0,1900,3,27,1,275,unknown,SteingroverInPrep,2
27427,50,-250,-200,1700,4,28,1,275,unknown,SteingroverInPrep,2
27428,100,0,100,1800,2,29,1,275,unknown,SteingroverInPrep,2
27429,100,0,100,1900,2,30,1,275,unknown,SteingroverInPrep,2
27430,100,0,100,2000,2,31,1,275,unknown,SteingroverInPrep,2
27431,100,-250,-150,1850,1,32,1,275,unknown,SteingroverInPrep,2
27432,50,-50,0,1850,3,33,1,275,unknown,SteingroverInPrep,2
27433,50,0,50,1900,4,34,1,275,unknown,SteingroverInPrep,2
27434,50,0,50,1950,4,35,1,275,unknown,SteingroverInPrep,2
27435,100,0,100,2050,2,36,1,275,unknown,SteingroverInPrep,2
27436,100,0,100,2150,2,37,1,275,unknown,SteingroverInPrep,2
27437,50,0,50,2200,3,38,1,275,unknown,SteingroverInPrep,2
27438,50,0,50,2250,4,39,1,275,unknown,SteingroverInPrep,2
27439,100,0,100,2350,2,40,1,275,unknown,SteingroverInPrep,2
27440,100,0,100,2450,2,41,1,275,unknown,SteingroverInPrep,2
27441,100,0,100,2550,2,42,1,275,unknown,SteingroverInPrep,2
27442,50,0,50,2600,3,43,1,275,unknown,SteingroverInPrep,2
27443,50,0,50,2650,4,44,1,275,unknown,SteingroverInPrep,2
27444,100,0,100,2750,2,45,1,275,unknown,SteingroverInPrep,2
27445,100,-1250,-1150,1600,2,46,1,275,unknown,SteingroverInPrep,2
27446,50,0,50,1650,3,47,1,275,unknown,SteingroverInPrep,2
27447,50,-250,-200,1450,4,48,1,275,unknown,SteingroverInPrep,2
27448,50,0,50,1500,3,49,1,275,unknown,SteingroverInPrep,2
27449,50,0,50,1550,3,50,1,275,unknown,SteingroverInPrep,2
27450,100,-200,-100,1450,1,51,1,275,unknown,SteingroverInPrep,2
27451,100,0,100,1550,2,52,1,275,unknown,SteingroverInPrep,2
27452,100,-1250,-1150,400,2,53,1,275,unknown,SteingroverInPrep,2
27453,50,-50,0,400,3,54,1,275,unknown,SteingroverInPrep,2
27454,50,0,50,450,3,55,1,275,unknown,SteingroverInPrep,2
27455,50,-50,0,450,3,56,1,275,unknown,SteingroverInPrep,2
27456,50,0,50,500,3,57,1,275,unknown,SteingroverInPrep,2
27457,50,-50,0,500,3,58,1,275,unknown,SteingroverInPrep,2
27458,50,0,50,550,3,59,1,275,unknown,SteingroverInPrep,2
27459,50,0,50,600,4,60,1,275,unknown,SteingroverInPrep,2
27460,50,0,50,650,4,61,1,275,unknown,SteingroverInPrep,2
27461,50,0,50,700,4,62,1,275,unknown,SteingroverInPrep,2
27462,50,0,50,750,4,63,1,275,unknown,SteingroverInPrep,2
27463,100,0,100,850,2,64,1,275,unknown,SteingroverInPrep,2
27464,100,0,100,950,2,65,1,275,unknown,SteingroverInPrep,2
27465,50,-50,0,950,3,66,1,275,unknown,SteingroverInPrep,2
27466,50,-50,0,950,3,67,1,275,unknown,SteingroverInPrep,2
27467,100,0,100,1050,1,68,1,275,unknown,SteingroverInPrep,2
27468,100,0,100,1150,1,69,1,275,unknown,SteingroverInPrep,2
27469,100,-150,-50,1100,1,70,1,275,unknown,SteingroverInPrep,2
27470,100,0,100,1200,2,71,1,275,unknown,SteingroverInPrep,2
27471,100,0,100,1300,2,72,1,275,unknown,SteingroverInPrep,2
27472,100,0,100,1400,2,73,1,275,unknown,SteingroverInPrep,2
27473,100,-300,-200,1200,1,74,1,275,unknown,SteingroverInPrep,2
27474,50,-50,0,1200,3,75,1,275,unknown,SteingroverInPrep,2
27475,50,0,50,1250,4,76,1,275,unknown,SteingroverInPrep,2
27476,50,0,50,1300,4,77,1,275,unknown,SteingroverInPrep,2
27477,50,0,50,1350,4,78,1,275,unknown,SteingroverInPrep,2
27478,50,0,50,1400,4,79,1,275,unknown,SteingroverInPrep,2
27479,50,0,50,1450,4,80,1,275,unknown,SteingroverInPrep,2
27480,100,0,100,1550,2,81,1,275,unknown,SteingroverInPrep,2
27481,100,0,100,1650,2,82,1,275,unknown,SteingroverInPrep,2
27482,100,0,100,1750,2,83,1,275,unknown,SteingroverInPrep,2
27483,50,-250,-200,1550,4,84,1,275,unknown,SteingroverInPrep,2
27484,50,0,50,1600,3,85,1,275,unknown,SteingroverInPrep,2
27485,50,0,50,1650,3,86,1,275,unknown,SteingroverInPrep,2
27486,100,0,100,1750,2,87,1,275,unknown,SteingroverInPrep,2
27487,100,0,100,1850,2,88,1,275,unknown,SteingroverInPrep,2
27488,100,0,100,1950,2,89,1,275,unknown,SteingroverInPrep,2
27489,100,0,100,2050,1,90,1,275,unknown,SteingroverInPrep,2
27490,100,0,100,2150,1,91,1,275,unknown,SteingroverInPrep,2
27491,100,0,100,2250,1,92,1,275,unknown,SteingroverInPrep,2
27492,50,0,50,2300,3,93,1,275,unknown,SteingroverInPrep,2
27493,50,0,50,2350,3,94,1,275,unknown,SteingroverInPrep,2
27494,50,-50,0,2350,3,95,1,275,unknown,SteingroverInPrep,2
27495,50,0,50,2400,4,96,1,275,unknown,SteingroverInPrep,2
27496,50,0,50,2450,4,97,1,275,unknown,SteingroverInPrep,2
27497,50,0,50,2500,4,98,1,275,unknown,SteingroverInPrep,2
27498,50,0,50,2550,4,99,1,275,unknown,SteingroverInPrep,2
27499,100,0,100,2650,2,100,1,275,unknown,SteingroverInPrep,2
27500,100,-300,-200,1800,1,1,1,276,unknown,SteingroverInPrep,2
27501,100,0,100,1900,2,2,1,276,unknown,SteingroverInPrep,2
27502,50,0,50,1950,3,3,1,276,unknown,SteingroverInPrep,2
27503,50,0,50,2000,4,4,1,276,unknown,SteingroverInPrep,2
27504,100,0,100,2100,2,5,1,276,unknown,SteingroverInPrep,2
27505,100,0,100,2200,2,6,1,276,unknown,SteingroverInPrep,2
27506,100,0,100,2300,2,7,1,276,unknown,SteingroverInPrep,2
27507,100,-250,-150,2150,1,8,1,276,unknown,SteingroverInPrep,2
27508,100,0,100,2250,2,9,1,276,unknown,SteingroverInPrep,2
27509,100,0,100,2350,2,10,1,276,unknown,SteingroverInPrep,2
27510,100,-1250,-1150,1200,2,11,1,276,unknown,SteingroverInPrep,2
27511,50,-50,0,1200,3,12,1,276,unknown,SteingroverInPrep,2
27512,100,0,100,1300,2,13,1,276,unknown,SteingroverInPrep,2
27513,100,0,100,1400,2,14,1,276,unknown,SteingroverInPrep,2
27514,100,0,100,1500,2,15,1,276,unknown,SteingroverInPrep,2
27515,100,-1250,-1150,350,2,16,1,276,unknown,SteingroverInPrep,2
27516,100,0,100,450,2,17,1,276,unknown,SteingroverInPrep,2
27517,100,0,100,550,2,18,1,276,unknown,SteingroverInPrep,2
27518,100,0,100,650,2,19,1,276,unknown,SteingroverInPrep,2
27519,100,0,100,750,2,20,1,276,unknown,SteingroverInPrep,2
27520,50,-50,0,750,3,21,1,276,unknown,SteingroverInPrep,2
27521,50,0,50,800,4,22,1,276,unknown,SteingroverInPrep,2
27522,50,0,50,850,4,23,1,276,unknown,SteingroverInPrep,2
27523,50,0,50,900,4,24,1,276,unknown,SteingroverInPrep,2
27524,50,0,50,950,4,25,1,276,unknown,SteingroverInPrep,2
27525,50,0,50,1000,4,26,1,276,unknown,SteingroverInPrep,2
27526,50,0,50,1050,4,27,1,276,unknown,SteingroverInPrep,2
27527,50,-250,-200,850,4,28,1,276,unknown,SteingroverInPrep,2
27528,50,-50,0,850,3,29,1,276,unknown,SteingroverInPrep,2
27529,50,0,50,900,3,30,1,276,unknown,SteingroverInPrep,2
27530,50,0,50,950,3,31,1,276,unknown,SteingroverInPrep,2
27531,50,-50,0,950,3,32,1,276,unknown,SteingroverInPrep,2
27532,50,-50,0,950,3,33,1,276,unknown,SteingroverInPrep,2
27533,50,0,50,1000,3,34,1,276,unknown,SteingroverInPrep,2
27534,50,0,50,1050,3,35,1,276,unknown,SteingroverInPrep,2
27535,50,-50,0,1050,3,36,1,276,unknown,SteingroverInPrep,2
27536,50,-50,0,1050,3,37,1,276,unknown,SteingroverInPrep,2
27537,50,0,50,1100,3,38,1,276,unknown,SteingroverInPrep,2
27538,50,0,50,1150,3,39,1,276,unknown,SteingroverInPrep,2
27539,50,-50,0,1150,3,40,1,276,unknown,SteingroverInPrep,2
27540,50,-50,0,1150,3,41,1,276,unknown,SteingroverInPrep,2
27541,50,0,50,1200,3,42,1,276,unknown,SteingroverInPrep,2
27542,50,0,50,1250,3,43,1,276,unknown,SteingroverInPrep,2
27543,50,0,50,1300,3,44,1,276,unknown,SteingroverInPrep,2
27544,50,-50,0,1300,3,45,1,276,unknown,SteingroverInPrep,2
27545,50,-50,0,1300,3,46,1,276,unknown,SteingroverInPrep,2
27546,50,-50,0,1300,3,47,1,276,unknown,SteingroverInPrep,2
27547,50,0,50,1350,3,48,1,276,unknown,SteingroverInPrep,2
27548,50,0,50,1400,3,49,1,276,unknown,SteingroverInPrep,2
27549,50,-50,0,1400,3,50,1,276,unknown,SteingroverInPrep,2
27550,50,0,50,1450,3,51,1,276,unknown,SteingroverInPrep,2
27551,50,-50,0,1450,3,52,1,276,unknown,SteingroverInPrep,2
27552,50,-50,0,1450,3,53,1,276,unknown,SteingroverInPrep,2
27553,50,0,50,1500,3,54,1,276,unknown,SteingroverInPrep,2
27554,50,0,50,1550,3,55,1,276,unknown,SteingroverInPrep,2
27555,50,0,50,1600,3,56,1,276,unknown,SteingroverInPrep,2
27556,100,0,100,1700,2,57,1,276,unknown,SteingroverInPrep,2
27557,100,0,100,1800,2,58,1,276,unknown,SteingroverInPrep,2
27558,100,0,100,1900,2,59,1,276,unknown,SteingroverInPrep,2
27559,100,0,100,2000,2,60,1,276,unknown,SteingroverInPrep,2
27560,100,0,100,2100,2,61,1,276,unknown,SteingroverInPrep,2
27561,100,0,100,2200,2,62,1,276,unknown,SteingroverInPrep,2
27562,100,-1250,-1150,1050,2,63,1,276,unknown,SteingroverInPrep,2
27563,50,0,50,1100,3,64,1,276,unknown,SteingroverInPrep,2
27564,100,0,100,1200,2,65,1,276,unknown,SteingroverInPrep,2
27565,100,0,100,1300,2,66,1,276,unknown,SteingroverInPrep,2
27566,100,0,100,1400,2,67,1,276,unknown,SteingroverInPrep,2
27567,100,0,100,1500,2,68,1,276,unknown,SteingroverInPrep,2
27568,100,0,100,1600,2,69,1,276,unknown,SteingroverInPrep,2
27569,100,0,100,1700,2,70,1,276,unknown,SteingroverInPrep,2
27570,100,0,100,1800,2,71,1,276,unknown,SteingroverInPrep,2
27571,100,0,100,1900,2,72,1,276,unknown,SteingroverInPrep,2
27572,50,-50,0,1900,3,73,1,276,unknown,SteingroverInPrep,2
27573,50,-50,0,1900,3,74,1,276,unknown,SteingroverInPrep,2
27574,50,0,50,1950,3,75,1,276,unknown,SteingroverInPrep,2
27575,50,0,50,2000,3,76,1,276,unknown,SteingroverInPrep,2
27576,50,-50,0,2000,3,77,1,276,unknown,SteingroverInPrep,2
27577,50,-50,0,2000,3,78,1,276,unknown,SteingroverInPrep,2
27578,50,-50,0,2000,3,79,1,276,unknown,SteingroverInPrep,2
27579,50,0,50,2050,3,80,1,276,unknown,SteingroverInPrep,2
27580,50,-50,0,2050,3,81,1,276,unknown,SteingroverInPrep,2
27581,50,0,50,2100,3,82,1,276,unknown,SteingroverInPrep,2
27582,50,-50,0,2100,3,83,1,276,unknown,SteingroverInPrep,2
27583,50,0,50,2150,3,84,1,276,unknown,SteingroverInPrep,2
27584,50,-50,0,2150,3,85,1,276,unknown,SteingroverInPrep,2
27585,50,0,50,2200,3,86,1,276,unknown,SteingroverInPrep,2
27586,50,0,50,2250,3,87,1,276,unknown,SteingroverInPrep,2
27587,50,0,50,2300,3,88,1,276,unknown,SteingroverInPrep,2
27588,50,-50,0,2300,3,89,1,276,unknown,SteingroverInPrep,2
27589,50,-50,0,2300,3,90,1,276,unknown,SteingroverInPrep,2
27590,50,0,50,2350,3,91,1,276,unknown,SteingroverInPrep,2
27591,50,-50,0,2350,3,92,1,276,unknown,SteingroverInPrep,2
27592,50,-50,0,2350,3,93,1,276,unknown,SteingroverInPrep,2
27593,50,-50,0,2350,3,94,1,276,unknown,SteingroverInPrep,2
27594,50,0,50,2400,3,95,1,276,unknown,SteingroverInPrep,2
27595,50,0,50,2450,3,96,1,276,unknown,SteingroverInPrep,2
27596,50,-50,0,2450,3,97,1,276,unknown,SteingroverInPrep,2
27597,50,0,50,2500,3,98,1,276,unknown,SteingroverInPrep,2
27598,50,-50,0,2500,3,99,1,276,unknown,SteingroverInPrep,2
27599,50,0,50,2550,3,100,1,276,unknown,SteingroverInPrep,2
27600,50,-50,0,2000,3,1,1,277,unknown,SteingroverInPrep,2
27601,50,0,50,2050,4,2,1,277,unknown,SteingroverInPrep,2
27602,50,0,50,2100,4,3,1,277,unknown,SteingroverInPrep,2
27603,100,0,100,2200,2,4,1,277,unknown,SteingroverInPrep,2
27604,100,0,100,2300,1,5,1,277,unknown,SteingroverInPrep,2
27605,100,0,100,2400,2,6,1,277,unknown,SteingroverInPrep,2
27606,100,0,100,2500,1,7,1,277,unknown,SteingroverInPrep,2
27607,100,0,100,2600,2,8,1,277,unknown,SteingroverInPrep,2
27608,100,0,100,2700,1,9,1,277,unknown,SteingroverInPrep,2
27609,50,0,50,2750,4,10,1,277,unknown,SteingroverInPrep,2
27610,100,-200,-100,2650,1,11,1,277,unknown,SteingroverInPrep,2
27611,100,0,100,2750,2,12,1,277,unknown,SteingroverInPrep,2
27612,100,0,100,2850,2,13,1,277,unknown,SteingroverInPrep,2
27613,100,0,100,2950,2,14,1,277,unknown,SteingroverInPrep,2
27614,100,0,100,3050,2,15,1,277,unknown,SteingroverInPrep,2
27615,100,-1250,-1150,1900,2,16,1,277,unknown,SteingroverInPrep,2
27616,50,-250,-200,1700,4,17,1,277,unknown,SteingroverInPrep,2
27617,50,0,50,1750,3,18,1,277,unknown,SteingroverInPrep,2
27618,50,-50,0,1750,3,19,1,277,unknown,SteingroverInPrep,2
27619,50,0,50,1800,3,20,1,277,unknown,SteingroverInPrep,2
27620,50,0,50,1850,3,21,1,277,unknown,SteingroverInPrep,2
27621,50,-50,0,1850,3,22,1,277,unknown,SteingroverInPrep,2
27622,50,-50,0,1850,3,23,1,277,unknown,SteingroverInPrep,2
27623,50,-50,0,1850,3,24,1,277,unknown,SteingroverInPrep,2
27624,50,0,50,1900,4,25,1,277,unknown,SteingroverInPrep,2
27625,50,0,50,1950,4,26,1,277,unknown,SteingroverInPrep,2
27626,50,0,50,2000,3,27,1,277,unknown,SteingroverInPrep,2
27627,100,0,100,2100,2,28,1,277,unknown,SteingroverInPrep,2
27628,100,0,100,2200,1,29,1,277,unknown,SteingroverInPrep,2
27629,100,0,100,2300,2,30,1,277,unknown,SteingroverInPrep,2
27630,100,0,100,2400,1,31,1,277,unknown,SteingroverInPrep,2
27631,100,0,100,2500,2,32,1,277,unknown,SteingroverInPrep,2
27632,100,-350,-250,2250,1,33,1,277,unknown,SteingroverInPrep,2
27633,100,0,100,2350,2,34,1,277,unknown,SteingroverInPrep,2
27634,50,0,50,2400,4,35,1,277,unknown,SteingroverInPrep,2
27635,50,0,50,2450,3,36,1,277,unknown,SteingroverInPrep,2
27636,50,0,50,2500,3,37,1,277,unknown,SteingroverInPrep,2
27637,50,-50,0,2500,3,38,1,277,unknown,SteingroverInPrep,2
27638,50,0,50,2550,4,39,1,277,unknown,SteingroverInPrep,2
27639,100,-250,-150,2400,1,40,1,277,unknown,SteingroverInPrep,2
27640,50,0,50,2450,4,41,1,277,unknown,SteingroverInPrep,2
27641,50,0,50,2500,4,42,1,277,unknown,SteingroverInPrep,2
27642,50,0,50,2550,4,43,1,277,unknown,SteingroverInPrep,2
27643,50,0,50,2600,4,44,1,277,unknown,SteingroverInPrep,2
27644,50,0,50,2650,4,45,1,277,unknown,SteingroverInPrep,2
27645,50,-250,-200,2450,4,46,1,277,unknown,SteingroverInPrep,2
27646,100,0,100,2550,2,47,1,277,unknown,SteingroverInPrep,2
27647,100,0,100,2650,2,48,1,277,unknown,SteingroverInPrep,2
27648,50,-50,0,2650,3,49,1,277,unknown,SteingroverInPrep,2
27649,100,0,100,2750,2,50,1,277,unknown,SteingroverInPrep,2
27650,100,-300,-200,2550,1,51,1,277,unknown,SteingroverInPrep,2
27651,100,0,100,2650,2,52,1,277,unknown,SteingroverInPrep,2
27652,100,0,100,2750,2,53,1,277,unknown,SteingroverInPrep,2
27653,100,-1250,-1150,1600,2,54,1,277,unknown,SteingroverInPrep,2
27654,50,0,50,1650,3,55,1,277,unknown,SteingroverInPrep,2
27655,50,0,50,1700,3,56,1,277,unknown,SteingroverInPrep,2
27656,50,0,50,1750,4,57,1,277,unknown,SteingroverInPrep,2
27657,50,0,50,1800,3,58,1,277,unknown,SteingroverInPrep,2
27658,50,-50,0,1800,3,59,1,277,unknown,SteingroverInPrep,2
27659,50,0,50,1850,4,60,1,277,unknown,SteingroverInPrep,2
27660,50,0,50,1900,4,61,1,277,unknown,SteingroverInPrep,2
27661,50,0,50,1950,4,62,1,277,unknown,SteingroverInPrep,2
27662,50,0,50,2000,4,63,1,277,unknown,SteingroverInPrep,2
27663,50,0,50,2050,4,64,1,277,unknown,SteingroverInPrep,2
27664,50,0,50,2100,4,65,1,277,unknown,SteingroverInPrep,2
27665,50,0,50,2150,4,66,1,277,unknown,SteingroverInPrep,2
27666,50,0,50,2200,4,67,1,277,unknown,SteingroverInPrep,2
27667,50,0,50,2250,4,68,1,277,unknown,SteingroverInPrep,2
27668,50,0,50,2300,4,69,1,277,unknown,SteingroverInPrep,2
27669,50,0,50,2350,4,70,1,277,unknown,SteingroverInPrep,2
27670,100,0,100,2450,2,71,1,277,unknown,SteingroverInPrep,2
27671,100,-150,-50,2400,1,72,1,277,unknown,SteingroverInPrep,2
27672,100,0,100,2500,2,73,1,277,unknown,SteingroverInPrep,2
27673,100,0,100,2600,2,74,1,277,unknown,SteingroverInPrep,2
27674,50,0,50,2650,4,75,1,277,unknown,SteingroverInPrep,2
27675,50,0,50,2700,4,76,1,277,unknown,SteingroverInPrep,2
27676,50,-250,-200,2500,4,77,1,277,unknown,SteingroverInPrep,2
27677,50,-50,0,2500,3,78,1,277,unknown,SteingroverInPrep,2
27678,100,0,100,2600,2,79,1,277,unknown,SteingroverInPrep,2
27679,100,-150,-50,2550,1,80,1,277,unknown,SteingroverInPrep,2
27680,100,0,100,2650,2,81,1,277,unknown,SteingroverInPrep,2
27681,100,0,100,2750,2,82,1,277,unknown,SteingroverInPrep,2
27682,50,-50,0,2750,3,83,1,277,unknown,SteingroverInPrep,2
27683,50,0,50,2800,4,84,1,277,unknown,SteingroverInPrep,2
27684,50,0,50,2850,4,85,1,277,unknown,SteingroverInPrep,2
27685,50,0,50,2900,4,86,1,277,unknown,SteingroverInPrep,2
27686,50,0,50,2950,4,87,1,277,unknown,SteingroverInPrep,2
27687,50,0,50,3000,4,88,1,277,unknown,SteingroverInPrep,2
27688,50,0,50,3050,4,89,1,277,unknown,SteingroverInPrep,2
27689,50,0,50,3100,4,90,1,277,unknown,SteingroverInPrep,2
27690,50,0,50,3150,4,91,1,277,unknown,SteingroverInPrep,2
27691,50,-250,-200,2950,4,92,1,277,unknown,SteingroverInPrep,2
27692,50,0,50,3000,3,93,1,277,unknown,SteingroverInPrep,2
27693,50,-50,0,3000,3,94,1,277,unknown,SteingroverInPrep,2
27694,100,-1250,-1150,1850,2,95,1,277,unknown,SteingroverInPrep,2
27695,100,0,100,1950,1,96,1,277,unknown,SteingroverInPrep,2
27696,100,-350,-250,1700,1,97,1,277,unknown,SteingroverInPrep,2
27697,100,0,100,1800,2,98,1,277,unknown,SteingroverInPrep,2
27698,100,0,100,1900,2,99,1,277,unknown,SteingroverInPrep,2
27699,100,0,100,2000,2,100,1,277,unknown,SteingroverInPrep,2
27700,100,0,100,2100,2,1,1,278,unknown,SteingroverInPrep,2
27701,50,0,50,2150,3,2,1,278,unknown,SteingroverInPrep,2
27702,100,-300,-200,1950,1,3,1,278,unknown,SteingroverInPrep,2
27703,100,0,100,2050,2,4,1,278,unknown,SteingroverInPrep,2
27704,100,0,100,2150,2,5,1,278,unknown,SteingroverInPrep,2
27705,100,0,100,2250,2,6,1,278,unknown,SteingroverInPrep,2
27706,50,0,50,2300,4,7,1,278,unknown,SteingroverInPrep,2
27707,100,0,100,2400,2,8,1,278,unknown,SteingroverInPrep,2
27708,100,0,100,2500,2,9,1,278,unknown,SteingroverInPrep,2
27709,50,-50,0,2500,3,10,1,278,unknown,SteingroverInPrep,2
27710,100,0,100,2600,2,11,1,278,unknown,SteingroverInPrep,2
27711,100,0,100,2700,2,12,1,278,unknown,SteingroverInPrep,2
27712,100,0,100,2800,2,13,1,278,unknown,SteingroverInPrep,2
27713,100,-1250,-1150,1650,2,14,1,278,unknown,SteingroverInPrep,2
27714,100,-150,-50,1600,1,15,1,278,unknown,SteingroverInPrep,2
27715,50,0,50,1650,3,16,1,278,unknown,SteingroverInPrep,2
27716,50,-50,0,1650,3,17,1,278,unknown,SteingroverInPrep,2
27717,50,0,50,1700,4,18,1,278,unknown,SteingroverInPrep,2
27718,100,0,100,1800,2,19,1,278,unknown,SteingroverInPrep,2
27719,100,0,100,1900,2,20,1,278,unknown,SteingroverInPrep,2
27720,100,0,100,2000,2,21,1,278,unknown,SteingroverInPrep,2
27721,100,-200,-100,1900,1,22,1,278,unknown,SteingroverInPrep,2
27722,100,0,100,2000,2,23,1,278,unknown,SteingroverInPrep,2
27723,100,0,100,2100,2,24,1,278,unknown,SteingroverInPrep,2
27724,50,-50,0,2100,3,25,1,278,unknown,SteingroverInPrep,2
27725,50,0,50,2150,4,26,1,278,unknown,SteingroverInPrep,2
27726,100,-1250,-1150,1000,2,27,1,278,unknown,SteingroverInPrep,2
27727,50,0,50,1050,4,28,1,278,unknown,SteingroverInPrep,2
27728,50,0,50,1100,4,29,1,278,unknown,SteingroverInPrep,2
27729,100,0,100,1200,2,30,1,278,unknown,SteingroverInPrep,2
27730,100,0,100,1300,2,31,1,278,unknown,SteingroverInPrep,2
27731,100,0,100,1400,2,32,1,278,unknown,SteingroverInPrep,2
27732,100,0,100,1500,2,33,1,278,unknown,SteingroverInPrep,2
27733,50,0,50,1550,3,34,1,278,unknown,SteingroverInPrep,2
27734,50,0,50,1600,3,35,1,278,unknown,SteingroverInPrep,2
27735,50,-50,0,1600,3,36,1,278,unknown,SteingroverInPrep,2
27736,100,0,100,1700,2,37,1,278,unknown,SteingroverInPrep,2
27737,50,0,50,1750,4,38,1,278,unknown,SteingroverInPrep,2
27738,50,0,50,1800,4,39,1,278,unknown,SteingroverInPrep,2
27739,50,0,50,1850,3,40,1,278,unknown,SteingroverInPrep,2
27740,50,-50,0,1850,3,41,1,278,unknown,SteingroverInPrep,2
27741,50,-50,0,1850,3,42,1,278,unknown,SteingroverInPrep,2
27742,100,0,100,1950,2,43,1,278,unknown,SteingroverInPrep,2
27743,50,-50,0,1950,3,44,1,278,unknown,SteingroverInPrep,2
27744,100,0,100,2050,2,45,1,278,unknown,SteingroverInPrep,2
27745,100,-1250,-1150,900,2,46,1,278,unknown,SteingroverInPrep,2
27746,50,0,50,950,3,47,1,278,unknown,SteingroverInPrep,2
27747,50,-50,0,950,3,48,1,278,unknown,SteingroverInPrep,2
27748,50,-50,0,950,3,49,1,278,unknown,SteingroverInPrep,2
27749,50,0,50,1000,3,50,1,278,unknown,SteingroverInPrep,2
27750,50,0,50,1050,3,51,1,278,unknown,SteingroverInPrep,2
27751,50,0,50,1100,3,52,1,278,unknown,SteingroverInPrep,2
27752,50,-50,0,1100,3,53,1,278,unknown,SteingroverInPrep,2
27753,50,0,50,1150,3,54,1,278,unknown,SteingroverInPrep,2
27754,50,-50,0,1150,3,55,1,278,unknown,SteingroverInPrep,2
27755,50,0,50,1200,3,56,1,278,unknown,SteingroverInPrep,2
27756,50,0,50,1250,3,57,1,278,unknown,SteingroverInPrep,2
27757,50,-50,0,1250,3,58,1,278,unknown,SteingroverInPrep,2
27758,50,-50,0,1250,3,59,1,278,unknown,SteingroverInPrep,2
27759,50,0,50,1300,3,60,1,278,unknown,SteingroverInPrep,2
27760,50,-50,0,1300,3,61,1,278,unknown,SteingroverInPrep,2
27761,50,0,50,1350,3,62,1,278,unknown,SteingroverInPrep,2
27762,50,-50,0,1350,3,63,1,278,unknown,SteingroverInPrep,2
27763,100,0,100,1450,2,64,1,278,unknown,SteingroverInPrep,2
27764,100,0,100,1550,2,65,1,278,unknown,SteingroverInPrep,2
27765,50,0,50,1600,3,66,1,278,unknown,SteingroverInPrep,2
27766,100,0,100,1700,2,67,1,278,unknown,SteingroverInPrep,2
27767,100,0,100,1800,2,68,1,278,unknown,SteingroverInPrep,2
27768,50,0,50,1850,3,69,1,278,unknown,SteingroverInPrep,2
27769,50,-50,0,1850,3,70,1,278,unknown,SteingroverInPrep,2
27770,50,0,50,1900,3,71,1,278,unknown,SteingroverInPrep,2
27771,50,0,50,1950,3,72,1,278,unknown,SteingroverInPrep,2
27772,50,-50,0,1950,3,73,1,278,unknown,SteingroverInPrep,2
27773,50,0,50,2000,4,74,1,278,unknown,SteingroverInPrep,2
27774,50,-250,-200,1800,4,75,1,278,unknown,SteingroverInPrep,2
27775,50,-50,0,1800,3,76,1,278,unknown,SteingroverInPrep,2
27776,100,0,100,1900,2,77,1,278,unknown,SteingroverInPrep,2
27777,100,0,100,2000,2,78,1,278,unknown,SteingroverInPrep,2
27778,50,0,50,2050,3,79,1,278,unknown,SteingroverInPrep,2
27779,50,0,50,2100,3,80,1,278,unknown,SteingroverInPrep,2
27780,50,-50,0,2100,3,81,1,278,unknown,SteingroverInPrep,2
27781,50,-50,0,2100,3,82,1,278,unknown,SteingroverInPrep,2
27782,50,0,50,2150,3,83,1,278,unknown,SteingroverInPrep,2
27783,50,0,50,2200,3,84,1,278,unknown,SteingroverInPrep,2
27784,50,-50,0,2200,3,85,1,278,unknown,SteingroverInPrep,2
27785,50,0,50,2250,3,86,1,278,unknown,SteingroverInPrep,2
27786,50,0,50,2300,3,87,1,278,unknown,SteingroverInPrep,2
27787,50,0,50,2350,3,88,1,278,unknown,SteingroverInPrep,2
27788,50,-50,0,2350,3,89,1,278,unknown,SteingroverInPrep,2
27789,50,-50,0,2350,3,90,1,278,unknown,SteingroverInPrep,2
27790,100,0,100,2450,2,91,1,278,unknown,SteingroverInPrep,2
27791,50,-50,0,2450,3,92,1,278,unknown,SteingroverInPrep,2
27792,100,-1250,-1150,1300,2,93,1,278,unknown,SteingroverInPrep,2
27793,50,0,50,1350,4,94,1,278,unknown,SteingroverInPrep,2
27794,50,0,50,1400,4,95,1,278,unknown,SteingroverInPrep,2
27795,50,-50,0,1400,3,96,1,278,unknown,SteingroverInPrep,2
27796,50,0,50,1450,4,97,1,278,unknown,SteingroverInPrep,2
27797,50,0,50,1500,4,98,1,278,unknown,SteingroverInPrep,2
27798,50,0,50,1550,4,99,1,278,unknown,SteingroverInPrep,2
27799,100,0,100,1650,2,100,1,278,unknown,SteingroverInPrep,2
27800,100,0,100,2100,1,1,1,279,unknown,SteingroverInPrep,2
27801,100,0,100,2200,2,2,1,279,unknown,SteingroverInPrep,2
27802,50,0,50,2250,3,3,1,279,unknown,SteingroverInPrep,2
27803,50,0,50,2300,4,4,1,279,unknown,SteingroverInPrep,2
27804,100,0,100,2400,2,5,1,279,unknown,SteingroverInPrep,2
27805,100,0,100,2500,1,6,1,279,unknown,SteingroverInPrep,2
27806,50,-50,0,2500,3,7,1,279,unknown,SteingroverInPrep,2
27807,100,0,100,2600,2,8,1,279,unknown,SteingroverInPrep,2
27808,100,0,100,2700,1,9,1,279,unknown,SteingroverInPrep,2
27809,50,0,50,2750,4,10,1,279,unknown,SteingroverInPrep,2
27810,100,0,100,2850,1,11,1,279,unknown,SteingroverInPrep,2
27811,100,0,100,2950,2,12,1,279,unknown,SteingroverInPrep,2
27812,100,-350,-250,2700,1,13,1,279,unknown,SteingroverInPrep,2
27813,100,0,100,2800,2,14,1,279,unknown,SteingroverInPrep,2
27814,50,0,50,2850,3,15,1,279,unknown,SteingroverInPrep,2
27815,100,0,100,2950,2,16,1,279,unknown,SteingroverInPrep,2
27816,50,0,50,3000,4,17,1,279,unknown,SteingroverInPrep,2
27817,50,0,50,3050,3,18,1,279,unknown,SteingroverInPrep,2
27818,100,0,100,3150,2,19,1,279,unknown,SteingroverInPrep,2
27819,50,-250,-200,2950,4,20,1,279,unknown,SteingroverInPrep,2
27820,50,-50,0,2950,3,21,1,279,unknown,SteingroverInPrep,2
27821,100,-1250,-1150,1800,2,22,1,279,unknown,SteingroverInPrep,2
27822,100,-200,-100,1700,1,23,1,279,unknown,SteingroverInPrep,2
27823,100,0,100,1800,2,24,1,279,unknown,SteingroverInPrep,2
27824,100,0,100,1900,2,25,1,279,unknown,SteingroverInPrep,2
27825,100,0,100,2000,2,26,1,279,unknown,SteingroverInPrep,2
27826,100,0,100,2100,2,27,1,279,unknown,SteingroverInPrep,2
27827,100,0,100,2200,2,28,1,279,unknown,SteingroverInPrep,2
27828,100,0,100,2300,2,29,1,279,unknown,SteingroverInPrep,2
27829,100,0,100,2400,2,30,1,279,unknown,SteingroverInPrep,2
27830,100,0,100,2500,2,31,1,279,unknown,SteingroverInPrep,2
27831,100,-1250,-1150,1350,2,32,1,279,unknown,SteingroverInPrep,2
27832,100,0,100,1450,1,33,1,279,unknown,SteingroverInPrep,2
27833,100,0,100,1550,2,34,1,279,unknown,SteingroverInPrep,2
27834,50,-50,0,1550,3,35,1,279,unknown,SteingroverInPrep,2
27835,50,0,50,1600,4,36,1,279,unknown,SteingroverInPrep,2
27836,100,0,100,1700,2,37,1,279,unknown,SteingroverInPrep,2
27837,100,0,100,1800,2,38,1,279,unknown,SteingroverInPrep,2
27838,100,0,100,1900,2,39,1,279,unknown,SteingroverInPrep,2
27839,50,-50,0,1900,3,40,1,279,unknown,SteingroverInPrep,2
27840,50,0,50,1950,4,41,1,279,unknown,SteingroverInPrep,2
27841,50,0,50,2000,4,42,1,279,unknown,SteingroverInPrep,2
27842,50,0,50,2050,4,43,1,279,unknown,SteingroverInPrep,2
27843,50,0,50,2100,4,44,1,279,unknown,SteingroverInPrep,2
27844,50,0,50,2150,3,45,1,279,unknown,SteingroverInPrep,2
27845,50,0,50,2200,3,46,1,279,unknown,SteingroverInPrep,2
27846,50,0,50,2250,4,47,1,279,unknown,SteingroverInPrep,2
27847,100,0,100,2350,2,48,1,279,unknown,SteingroverInPrep,2
27848,50,-50,0,2350,3,49,1,279,unknown,SteingroverInPrep,2
27849,50,0,50,2400,4,50,1,279,unknown,SteingroverInPrep,2
27850,50,0,50,2450,4,51,1,279,unknown,SteingroverInPrep,2
27851,50,-50,0,2450,3,52,1,279,unknown,SteingroverInPrep,2
27852,100,-1250,-1150,1300,2,53,1,279,unknown,SteingroverInPrep,2
27853,100,-300,-200,1100,1,54,1,279,unknown,SteingroverInPrep,2
27854,50,-50,0,1100,3,55,1,279,unknown,SteingroverInPrep,2
27855,50,-250,-200,900,4,56,1,279,unknown,SteingroverInPrep,2
27856,50,0,50,950,3,57,1,279,unknown,SteingroverInPrep,2
27857,50,0,50,1000,3,58,1,279,unknown,SteingroverInPrep,2
27858,50,-50,0,1000,3,59,1,279,unknown,SteingroverInPrep,2
27859,50,0,50,1050,4,60,1,279,unknown,SteingroverInPrep,2
27860,50,-50,0,1050,3,61,1,279,unknown,SteingroverInPrep,2
27861,50,0,50,1100,4,62,1,279,unknown,SteingroverInPrep,2
27862,50,0,50,1150,4,63,1,279,unknown,SteingroverInPrep,2
27863,50,0,50,1200,4,64,1,279,unknown,SteingroverInPrep,2
27864,50,0,50,1250,4,65,1,279,unknown,SteingroverInPrep,2
27865,100,-250,-150,1100,1,66,1,279,unknown,SteingroverInPrep,2
27866,50,0,50,1150,3,67,1,279,unknown,SteingroverInPrep,2
27867,100,0,100,1250,2,68,1,279,unknown,SteingroverInPrep,2
27868,100,0,100,1350,2,69,1,279,unknown,SteingroverInPrep,2
27869,100,0,100,1450,2,70,1,279,unknown,SteingroverInPrep,2
27870,50,0,50,1500,3,71,1,279,unknown,SteingroverInPrep,2
27871,50,0,50,1550,4,72,1,279,unknown,SteingroverInPrep,2
27872,50,0,50,1600,3,73,1,279,unknown,SteingroverInPrep,2
27873,50,-50,0,1600,3,74,1,279,unknown,SteingroverInPrep,2
27874,50,0,50,1650,4,75,1,279,unknown,SteingroverInPrep,2
27875,100,-150,-50,1600,1,76,1,279,unknown,SteingroverInPrep,2
27876,50,0,50,1650,3,77,1,279,unknown,SteingroverInPrep,2
27877,50,0,50,1700,4,78,1,279,unknown,SteingroverInPrep,2
27878,50,-50,0,1700,3,79,1,279,unknown,SteingroverInPrep,2
27879,50,0,50,1750,4,80,1,279,unknown,SteingroverInPrep,2
27880,100,-300,-200,1550,1,81,1,279,unknown,SteingroverInPrep,2
27881,100,0,100,1650,2,82,1,279,unknown,SteingroverInPrep,2
27882,100,0,100,1750,2,83,1,279,unknown,SteingroverInPrep,2
27883,100,0,100,1850,2,84,1,279,unknown,SteingroverInPrep,2
27884,100,0,100,1950,2,85,1,279,unknown,SteingroverInPrep,2
27885,50,0,50,2000,3,86,1,279,unknown,SteingroverInPrep,2
27886,50,0,50,2050,4,87,1,279,unknown,SteingroverInPrep,2
27887,50,0,50,2100,4,88,1,279,unknown,SteingroverInPrep,2
27888,50,0,50,2150,4,89,1,279,unknown,SteingroverInPrep,2
27889,50,-50,0,2150,3,90,1,279,unknown,SteingroverInPrep,2
27890,50,-50,0,2150,3,91,1,279,unknown,SteingroverInPrep,2
27891,50,0,50,2200,3,92,1,279,unknown,SteingroverInPrep,2
27892,50,0,50,2250,3,93,1,279,unknown,SteingroverInPrep,2
27893,50,-50,0,2250,3,94,1,279,unknown,SteingroverInPrep,2
27894,50,0,50,2300,3,95,1,279,unknown,SteingroverInPrep,2
27895,50,-50,0,2300,3,96,1,279,unknown,SteingroverInPrep,2
27896,50,-50,0,2300,3,97,1,279,unknown,SteingroverInPrep,2
27897,50,0,50,2350,3,98,1,279,unknown,SteingroverInPrep,2
27898,50,-50,0,2350,3,99,1,279,unknown,SteingroverInPrep,2
27899,50,-50,0,2350,3,100,1,279,unknown,SteingroverInPrep,2
27900,50,-50,0,2000,3,1,1,280,unknown,SteingroverInPrep,2
27901,100,0,100,2100,2,2,1,280,unknown,SteingroverInPrep,2
27902,100,-350,-250,1850,1,3,1,280,unknown,SteingroverInPrep,2
27903,50,0,50,1900,4,4,1,280,unknown,SteingroverInPrep,2
27904,50,0,50,1950,3,5,1,280,unknown,SteingroverInPrep,2
27905,100,-1250,-1150,800,2,6,1,280,unknown,SteingroverInPrep,2
27906,100,0,100,900,2,7,1,280,unknown,SteingroverInPrep,2
27907,100,0,100,1000,2,8,1,280,unknown,SteingroverInPrep,2
27908,100,0,100,1100,2,9,1,280,unknown,SteingroverInPrep,2
27909,100,0,100,1200,2,10,1,280,unknown,SteingroverInPrep,2
27910,100,0,100,1300,2,11,1,280,unknown,SteingroverInPrep,2
27911,100,0,100,1400,2,12,1,280,unknown,SteingroverInPrep,2
27912,100,0,100,1500,2,13,1,280,unknown,SteingroverInPrep,2
27913,100,0,100,1600,2,14,1,280,unknown,SteingroverInPrep,2
27914,100,0,100,1700,2,15,1,280,unknown,SteingroverInPrep,2
27915,100,0,100,1800,2,16,1,280,unknown,SteingroverInPrep,2
27916,100,0,100,1900,2,17,1,280,unknown,SteingroverInPrep,2
27917,100,-1250,-1150,750,2,18,1,280,unknown,SteingroverInPrep,2
27918,100,0,100,850,2,19,1,280,unknown,SteingroverInPrep,2
27919,100,0,100,950,2,20,1,280,unknown,SteingroverInPrep,2
27920,100,0,100,1050,2,21,1,280,unknown,SteingroverInPrep,2
27921,100,0,100,1150,2,22,1,280,unknown,SteingroverInPrep,2
27922,100,0,100,1250,2,23,1,280,unknown,SteingroverInPrep,2
27923,100,0,100,1350,2,24,1,280,unknown,SteingroverInPrep,2
27924,100,0,100,1450,2,25,1,280,unknown,SteingroverInPrep,2
27925,100,0,100,1550,2,26,1,280,unknown,SteingroverInPrep,2
27926,100,0,100,1650,2,27,1,280,unknown,SteingroverInPrep,2
27927,50,0,50,1700,4,28,1,280,unknown,SteingroverInPrep,2
27928,50,0,50,1750,4,29,1,280,unknown,SteingroverInPrep,2
27929,50,0,50,1800,4,30,1,280,unknown,SteingroverInPrep,2
27930,100,-250,-150,1650,1,31,1,280,unknown,SteingroverInPrep,2
27931,100,0,100,1750,1,32,1,280,unknown,SteingroverInPrep,2
27932,100,-200,-100,1650,1,33,1,280,unknown,SteingroverInPrep,2
27933,100,-150,-50,1600,1,34,1,280,unknown,SteingroverInPrep,2
27934,100,0,100,1700,1,35,1,280,unknown,SteingroverInPrep,2
27935,100,-300,-200,1500,1,36,1,280,unknown,SteingroverInPrep,2
27936,100,0,100,1600,1,37,1,280,unknown,SteingroverInPrep,2
27937,100,0,100,1700,1,38,1,280,unknown,SteingroverInPrep,2
27938,50,-250,-200,1500,4,39,1,280,unknown,SteingroverInPrep,2
27939,50,0,50,1550,4,40,1,280,unknown,SteingroverInPrep,2
27940,50,0,50,1600,4,41,1,280,unknown,SteingroverInPrep,2
27941,50,0,50,1650,4,42,1,280,unknown,SteingroverInPrep,2
27942,50,0,50,1700,4,43,1,280,unknown,SteingroverInPrep,2
27943,50,0,50,1750,3,44,1,280,unknown,SteingroverInPrep,2
27944,50,-50,0,1750,3,45,1,280,unknown,SteingroverInPrep,2
27945,50,-50,0,1750,3,46,1,280,unknown,SteingroverInPrep,2
27946,50,0,50,1800,3,47,1,280,unknown,SteingroverInPrep,2
27947,50,-50,0,1800,3,48,1,280,unknown,SteingroverInPrep,2
27948,50,0,50,1850,3,49,1,280,unknown,SteingroverInPrep,2
27949,50,0,50,1900,3,50,1,280,unknown,SteingroverInPrep,2
27950,50,-50,0,1900,3,51,1,280,unknown,SteingroverInPrep,2
27951,50,-50,0,1900,3,52,1,280,unknown,SteingroverInPrep,2
27952,50,0,50,1950,3,53,1,280,unknown,SteingroverInPrep,2
27953,50,0,50,2000,4,54,1,280,unknown,SteingroverInPrep,2
27954,100,0,100,2100,1,55,1,280,unknown,SteingroverInPrep,2
27955,50,0,50,2150,3,56,1,280,unknown,SteingroverInPrep,2
27956,50,0,50,2200,4,57,1,280,unknown,SteingroverInPrep,2
27957,50,-50,0,2200,3,58,1,280,unknown,SteingroverInPrep,2
27958,50,-50,0,2200,3,59,1,280,unknown,SteingroverInPrep,2
27959,50,0,50,2250,3,60,1,280,unknown,SteingroverInPrep,2
27960,50,-50,0,2250,3,61,1,280,unknown,SteingroverInPrep,2
27961,50,-50,0,2250,3,62,1,280,unknown,SteingroverInPrep,2
27962,50,0,50,2300,3,63,1,280,unknown,SteingroverInPrep,2
27963,50,0,50,2350,3,64,1,280,unknown,SteingroverInPrep,2
27964,50,-50,0,2350,3,65,1,280,unknown,SteingroverInPrep,2
27965,50,-50,0,2350,3,66,1,280,unknown,SteingroverInPrep,2
27966,50,-50,0,2350,3,67,1,280,unknown,SteingroverInPrep,2
27967,50,0,50,2400,3,68,1,280,unknown,SteingroverInPrep,2
27968,50,0,50,2450,3,69,1,280,unknown,SteingroverInPrep,2
27969,50,-50,0,2450,3,70,1,280,unknown,SteingroverInPrep,2
27970,50,0,50,2500,3,71,1,280,unknown,SteingroverInPrep,2
27971,50,0,50,2550,4,72,1,280,unknown,SteingroverInPrep,2
27972,50,0,50,2600,4,73,1,280,unknown,SteingroverInPrep,2
27973,50,0,50,2650,3,74,1,280,unknown,SteingroverInPrep,2
27974,50,-50,0,2650,3,75,1,280,unknown,SteingroverInPrep,2
27975,50,0,50,2700,4,76,1,280,unknown,SteingroverInPrep,2
27976,50,0,50,2750,3,77,1,280,unknown,SteingroverInPrep,2
27977,50,-50,0,2750,3,78,1,280,unknown,SteingroverInPrep,2
27978,50,0,50,2800,3,79,1,280,unknown,SteingroverInPrep,2
27979,50,0,50,2850,3,80,1,280,unknown,SteingroverInPrep,2
27980,50,-50,0,2850,3,81,1,280,unknown,SteingroverInPrep,2
27981,50,0,50,2900,4,82,1,280,unknown,SteingroverInPrep,2
27982,50,0,50,2950,4,83,1,280,unknown,SteingroverInPrep,2
27983,50,-50,0,2950,3,84,1,280,unknown,SteingroverInPrep,2
27984,50,0,50,3000,4,85,1,280,unknown,SteingroverInPrep,2
27985,50,0,50,3050,3,86,1,280,unknown,SteingroverInPrep,2
27986,50,0,50,3100,4,87,1,280,unknown,SteingroverInPrep,2
27987,50,0,50,3150,3,88,1,280,unknown,SteingroverInPrep,2
27988,50,0,50,3200,4,89,1,280,unknown,SteingroverInPrep,2
27989,50,-50,0,3200,3,90,1,280,unknown,SteingroverInPrep,2
27990,50,-250,-200,3000,4,91,1,280,unknown,SteingroverInPrep,2
27991,50,-250,-200,2800,4,92,1,280,unknown,SteingroverInPrep,2
27992,50,0,50,2850,3,93,1,280,unknown,SteingroverInPrep,2
27993,50,-50,0,2850,3,94,1,280,unknown,SteingroverInPrep,2
27994,50,0,50,2900,3,95,1,280,unknown,SteingroverInPrep,2
27995,50,-50,0,2900,3,96,1,280,unknown,SteingroverInPrep,2
27996,50,-50,0,2900,3,97,1,280,unknown,SteingroverInPrep,2
27997,50,-50,0,2900,3,98,1,280,unknown,SteingroverInPrep,2
27998,50,-50,0,2900,3,99,1,280,unknown,SteingroverInPrep,2
27999,100,0,100,3000,1,100,1,280,unknown,SteingroverInPrep,2
28000,100,0,100,2100,1,1,1,281,unknown,SteingroverInPrep,2
28001,100,0,100,2200,1,2,1,281,unknown,SteingroverInPrep,2
28002,100,0,100,2300,2,3,1,281,unknown,SteingroverInPrep,2
28003,100,0,100,2400,2,4,1,281,unknown,SteingroverInPrep,2
28004,100,-250,-150,2250,1,5,1,281,unknown,SteingroverInPrep,2
28005,100,0,100,2350,2,6,1,281,unknown,SteingroverInPrep,2
28006,100,0,100,2450,2,7,1,281,unknown,SteingroverInPrep,2
28007,50,-50,0,2450,3,8,1,281,unknown,SteingroverInPrep,2
28008,50,0,50,2500,4,9,1,281,unknown,SteingroverInPrep,2
28009,100,0,100,2600,1,10,1,281,unknown,SteingroverInPrep,2
28010,100,0,100,2700,2,11,1,281,unknown,SteingroverInPrep,2
28011,100,-300,-200,2500,1,12,1,281,unknown,SteingroverInPrep,2
28012,50,0,50,2550,3,13,1,281,unknown,SteingroverInPrep,2
28013,50,0,50,2600,3,14,1,281,unknown,SteingroverInPrep,2
28014,50,-50,0,2600,3,15,1,281,unknown,SteingroverInPrep,2
28015,100,-1250,-1150,1450,2,16,1,281,unknown,SteingroverInPrep,2
28016,50,0,50,1500,4,17,1,281,unknown,SteingroverInPrep,2
28017,50,-50,0,1500,3,18,1,281,unknown,SteingroverInPrep,2
28018,50,-250,-200,1300,4,19,1,281,unknown,SteingroverInPrep,2
28019,100,-350,-250,1050,1,20,1,281,unknown,SteingroverInPrep,2
28020,100,0,100,1150,2,21,1,281,unknown,SteingroverInPrep,2
28021,100,0,100,1250,2,22,1,281,unknown,SteingroverInPrep,2
28022,50,0,50,1300,3,23,1,281,unknown,SteingroverInPrep,2
28023,100,0,100,1400,2,24,1,281,unknown,SteingroverInPrep,2
28024,50,0,50,1450,3,25,1,281,unknown,SteingroverInPrep,2
28025,50,0,50,1500,4,26,1,281,unknown,SteingroverInPrep,2
28026,100,0,100,1600,2,27,1,281,unknown,SteingroverInPrep,2
28027,100,0,100,1700,2,28,1,281,unknown,SteingroverInPrep,2
28028,100,0,100,1800,2,29,1,281,unknown,SteingroverInPrep,2
28029,50,-50,0,1800,3,30,1,281,unknown,SteingroverInPrep,2
28030,100,0,100,1900,2,31,1,281,unknown,SteingroverInPrep,2
28031,100,0,100,2000,2,32,1,281,unknown,SteingroverInPrep,2
28032,100,0,100,2100,2,33,1,281,unknown,SteingroverInPrep,2
28033,100,0,100,2200,2,34,1,281,unknown,SteingroverInPrep,2
28034,50,-50,0,2200,3,35,1,281,unknown,SteingroverInPrep,2
28035,100,0,100,2300,2,36,1,281,unknown,SteingroverInPrep,2
28036,100,0,100,2400,2,37,1,281,unknown,SteingroverInPrep,2
28037,100,-200,-100,2300,1,38,1,281,unknown,SteingroverInPrep,2
28038,100,0,100,2400,2,39,1,281,unknown,SteingroverInPrep,2
28039,100,-1250,-1150,1250,2,40,1,281,unknown,SteingroverInPrep,2
28040,50,0,50,1300,3,41,1,281,unknown,SteingroverInPrep,2
28041,50,-50,0,1300,3,42,1,281,unknown,SteingroverInPrep,2
28042,50,0,50,1350,3,43,1,281,unknown,SteingroverInPrep,2
28043,50,0,50,1400,3,44,1,281,unknown,SteingroverInPrep,2
28044,100,0,100,1500,1,45,1,281,unknown,SteingroverInPrep,2
28045,100,-150,-50,1450,1,46,1,281,unknown,SteingroverInPrep,2
28046,100,0,100,1550,2,47,1,281,unknown,SteingroverInPrep,2
28047,50,0,50,1600,3,48,1,281,unknown,SteingroverInPrep,2
28048,50,0,50,1650,4,49,1,281,unknown,SteingroverInPrep,2
28049,100,0,100,1750,1,50,1,281,unknown,SteingroverInPrep,2
28050,100,0,100,1850,2,51,1,281,unknown,SteingroverInPrep,2
28051,50,-50,0,1850,3,52,1,281,unknown,SteingroverInPrep,2
28052,100,0,100,1950,1,53,1,281,unknown,SteingroverInPrep,2
28053,100,-250,-150,1800,1,54,1,281,unknown,SteingroverInPrep,2
28054,100,0,100,1900,2,55,1,281,unknown,SteingroverInPrep,2
28055,100,0,100,2000,2,56,1,281,unknown,SteingroverInPrep,2
28056,100,0,100,2100,2,57,1,281,unknown,SteingroverInPrep,2
28057,100,-1250,-1150,950,2,58,1,281,unknown,SteingroverInPrep,2
28058,100,0,100,1050,2,59,1,281,unknown,SteingroverInPrep,2
28059,100,0,100,1150,2,60,1,281,unknown,SteingroverInPrep,2
28060,100,0,100,1250,2,61,1,281,unknown,SteingroverInPrep,2
28061,100,0,100,1350,2,62,1,281,unknown,SteingroverInPrep,2
28062,50,0,50,1400,3,63,1,281,unknown,SteingroverInPrep,2
28063,100,0,100,1500,2,64,1,281,unknown,SteingroverInPrep,2
28064,100,0,100,1600,2,65,1,281,unknown,SteingroverInPrep,2
28065,100,0,100,1700,2,66,1,281,unknown,SteingroverInPrep,2
28066,100,0,100,1800,2,67,1,281,unknown,SteingroverInPrep,2
28067,100,0,100,1900,2,68,1,281,unknown,SteingroverInPrep,2
28068,100,0,100,2000,2,69,1,281,unknown,SteingroverInPrep,2
28069,100,-350,-250,1750,1,70,1,281,unknown,SteingroverInPrep,2
28070,100,0,100,1850,2,71,1,281,unknown,SteingroverInPrep,2
28071,100,0,100,1950,2,72,1,281,unknown,SteingroverInPrep,2
28072,100,0,100,2050,2,73,1,281,unknown,SteingroverInPrep,2
28073,100,-1250,-1150,900,2,74,1,281,unknown,SteingroverInPrep,2
28074,50,-50,0,900,3,75,1,281,unknown,SteingroverInPrep,2
28075,50,-50,0,900,3,76,1,281,unknown,SteingroverInPrep,2
28076,50,-50,0,900,3,77,1,281,unknown,SteingroverInPrep,2
28077,50,0,50,950,4,78,1,281,unknown,SteingroverInPrep,2
28078,100,0,100,1050,1,79,1,281,unknown,SteingroverInPrep,2
28079,100,-200,-100,950,1,80,1,281,unknown,SteingroverInPrep,2
28080,100,0,100,1050,2,81,1,281,unknown,SteingroverInPrep,2
28081,100,0,100,1150,2,82,1,281,unknown,SteingroverInPrep,2
28082,100,0,100,1250,2,83,1,281,unknown,SteingroverInPrep,2
28083,100,0,100,1350,2,84,1,281,unknown,SteingroverInPrep,2
28084,100,0,100,1450,2,85,1,281,unknown,SteingroverInPrep,2
28085,50,0,50,1500,3,86,1,281,unknown,SteingroverInPrep,2
28086,50,0,50,1550,4,87,1,281,unknown,SteingroverInPrep,2
28087,50,0,50,1600,3,88,1,281,unknown,SteingroverInPrep,2
28088,50,-50,0,1600,3,89,1,281,unknown,SteingroverInPrep,2
28089,50,0,50,1650,4,90,1,281,unknown,SteingroverInPrep,2
28090,100,0,100,1750,1,91,1,281,unknown,SteingroverInPrep,2
28091,100,-150,-50,1700,1,92,1,281,unknown,SteingroverInPrep,2
28092,100,-1250,-1150,550,2,93,1,281,unknown,SteingroverInPrep,2
28093,50,0,50,600,3,94,1,281,unknown,SteingroverInPrep,2
28094,50,-50,0,600,3,95,1,281,unknown,SteingroverInPrep,2
28095,50,0,50,650,3,96,1,281,unknown,SteingroverInPrep,2
28096,50,-50,0,650,3,97,1,281,unknown,SteingroverInPrep,2
28097,50,0,50,700,4,98,1,281,unknown,SteingroverInPrep,2
28098,100,0,100,800,1,99,1,281,unknown,SteingroverInPrep,2
28099,100,0,100,900,2,100,1,281,unknown,SteingroverInPrep,2
28100,100,-200,-100,1900,1,1,1,282,unknown,SteingroverInPrep,2
28101,50,-50,0,1900,3,2,1,282,unknown,SteingroverInPrep,2
28102,100,0,100,2000,2,3,1,282,unknown,SteingroverInPrep,2
28103,100,0,100,2100,2,4,1,282,unknown,SteingroverInPrep,2
28104,100,0,100,2200,2,5,1,282,unknown,SteingroverInPrep,2
28105,100,0,100,2300,2,6,1,282,unknown,SteingroverInPrep,2
28106,100,0,100,2400,2,7,1,282,unknown,SteingroverInPrep,2
28107,100,0,100,2500,2,8,1,282,unknown,SteingroverInPrep,2
28108,100,0,100,2600,2,9,1,282,unknown,SteingroverInPrep,2
28109,100,-1250,-1150,1450,2,10,1,282,unknown,SteingroverInPrep,2
28110,50,0,50,1500,3,11,1,282,unknown,SteingroverInPrep,2
28111,50,-50,0,1500,3,12,1,282,unknown,SteingroverInPrep,2
28112,50,0,50,1550,4,13,1,282,unknown,SteingroverInPrep,2
28113,50,-250,-200,1350,4,14,1,282,unknown,SteingroverInPrep,2
28114,100,0,100,1450,1,15,1,282,unknown,SteingroverInPrep,2
28115,100,0,100,1550,1,16,1,282,unknown,SteingroverInPrep,2
28116,100,0,100,1650,1,17,1,282,unknown,SteingroverInPrep,2
28117,100,0,100,1750,2,18,1,282,unknown,SteingroverInPrep,2
28118,100,0,100,1850,2,19,1,282,unknown,SteingroverInPrep,2
28119,100,-250,-150,1700,1,20,1,282,unknown,SteingroverInPrep,2
28120,100,0,100,1800,2,21,1,282,unknown,SteingroverInPrep,2
28121,100,0,100,1900,2,22,1,282,unknown,SteingroverInPrep,2
28122,100,0,100,2000,2,23,1,282,unknown,SteingroverInPrep,2
28123,100,0,100,2100,2,24,1,282,unknown,SteingroverInPrep,2
28124,100,0,100,2200,2,25,1,282,unknown,SteingroverInPrep,2
28125,100,-1250,-1150,1050,2,26,1,282,unknown,SteingroverInPrep,2
28126,50,0,50,1100,3,27,1,282,unknown,SteingroverInPrep,2
28127,100,-300,-200,900,1,28,1,282,unknown,SteingroverInPrep,2
28128,100,0,100,1000,2,29,1,282,unknown,SteingroverInPrep,2
28129,100,0,100,1100,2,30,1,282,unknown,SteingroverInPrep,2
28130,100,0,100,1200,2,31,1,282,unknown,SteingroverInPrep,2
28131,100,0,100,1300,2,32,1,282,unknown,SteingroverInPrep,2
28132,100,-1250,-1150,150,2,33,1,282,unknown,SteingroverInPrep,2
28133,100,0,100,250,1,34,1,282,unknown,SteingroverInPrep,2
28134,100,0,100,350,2,35,1,282,unknown,SteingroverInPrep,2
28135,100,0,100,450,2,36,1,282,unknown,SteingroverInPrep,2
28136,100,0,100,550,2,37,1,282,unknown,SteingroverInPrep,2
28137,100,0,100,650,1,38,1,282,unknown,SteingroverInPrep,2
28138,50,-50,0,650,3,39,1,282,unknown,SteingroverInPrep,2
28139,50,0,50,700,4,40,1,282,unknown,SteingroverInPrep,2
28140,100,0,100,800,2,41,1,282,unknown,SteingroverInPrep,2
28141,100,-150,-50,750,1,42,1,282,unknown,SteingroverInPrep,2
28142,100,0,100,850,2,43,1,282,unknown,SteingroverInPrep,2
28143,100,0,100,950,2,44,1,282,unknown,SteingroverInPrep,2
28144,50,0,50,1000,4,45,1,282,unknown,SteingroverInPrep,2
28145,50,0,50,1050,4,46,1,282,unknown,SteingroverInPrep,2
28146,50,0,50,1100,3,47,1,282,unknown,SteingroverInPrep,2
28147,100,0,100,1200,2,48,1,282,unknown,SteingroverInPrep,2
28148,100,-350,-250,950,1,49,1,282,unknown,SteingroverInPrep,2
28149,100,0,100,1050,2,50,1,282,unknown,SteingroverInPrep,2
28150,50,0,50,1100,4,51,1,282,unknown,SteingroverInPrep,2
28151,50,0,50,1150,3,52,1,282,unknown,SteingroverInPrep,2
28152,100,0,100,1250,2,53,1,282,unknown,SteingroverInPrep,2
28153,100,0,100,1350,2,54,1,282,unknown,SteingroverInPrep,2
28154,50,-50,0,1350,3,55,1,282,unknown,SteingroverInPrep,2
28155,50,0,50,1400,4,56,1,282,unknown,SteingroverInPrep,2
28156,100,0,100,1500,2,57,1,282,unknown,SteingroverInPrep,2
28157,100,0,100,1600,2,58,1,282,unknown,SteingroverInPrep,2
28158,50,0,50,1650,4,59,1,282,unknown,SteingroverInPrep,2
28159,50,0,50,1700,4,60,1,282,unknown,SteingroverInPrep,2
28160,100,0,100,1800,2,61,1,282,unknown,SteingroverInPrep,2
28161,100,-250,-150,1650,1,62,1,282,unknown,SteingroverInPrep,2
28162,100,0,100,1750,2,63,1,282,unknown,SteingroverInPrep,2
28163,100,-1250,-1150,600,2,64,1,282,unknown,SteingroverInPrep,2
28164,50,0,50,650,4,65,1,282,unknown,SteingroverInPrep,2
28165,100,0,100,750,2,66,1,282,unknown,SteingroverInPrep,2
28166,100,0,100,850,2,67,1,282,unknown,SteingroverInPrep,2
28167,100,0,100,950,2,68,1,282,unknown,SteingroverInPrep,2
28168,50,0,50,1000,4,69,1,282,unknown,SteingroverInPrep,2
28169,50,0,50,1050,4,70,1,282,unknown,SteingroverInPrep,2
28170,50,0,50,1100,4,71,1,282,unknown,SteingroverInPrep,2
28171,100,0,100,1200,2,72,1,282,unknown,SteingroverInPrep,2
28172,50,0,50,1250,4,73,1,282,unknown,SteingroverInPrep,2
28173,100,0,100,1350,1,74,1,282,unknown,SteingroverInPrep,2
28174,50,0,50,1400,4,75,1,282,unknown,SteingroverInPrep,2
28175,100,0,100,1500,2,76,1,282,unknown,SteingroverInPrep,2
28176,100,-350,-250,1250,1,77,1,282,unknown,SteingroverInPrep,2
28177,100,0,100,1350,2,78,1,282,unknown,SteingroverInPrep,2
28178,50,0,50,1400,4,79,1,282,unknown,SteingroverInPrep,2
28179,100,0,100,1500,2,80,1,282,unknown,SteingroverInPrep,2
28180,50,-250,-200,1300,4,81,1,282,unknown,SteingroverInPrep,2
28181,50,0,50,1350,3,82,1,282,unknown,SteingroverInPrep,2
28182,100,0,100,1450,2,83,1,282,unknown,SteingroverInPrep,2
28183,100,0,100,1550,2,84,1,282,unknown,SteingroverInPrep,2
28184,100,0,100,1650,1,85,1,282,unknown,SteingroverInPrep,2
28185,100,0,100,1750,2,86,1,282,unknown,SteingroverInPrep,2
28186,100,0,100,1850,1,87,1,282,unknown,SteingroverInPrep,2
28187,50,-50,0,1850,3,88,1,282,unknown,SteingroverInPrep,2
28188,50,0,50,1900,4,89,1,282,unknown,SteingroverInPrep,2
28189,50,-50,0,1900,3,90,1,282,unknown,SteingroverInPrep,2
28190,50,0,50,1950,4,91,1,282,unknown,SteingroverInPrep,2
28191,100,0,100,2050,2,92,1,282,unknown,SteingroverInPrep,2
28192,100,-300,-200,1850,1,93,1,282,unknown,SteingroverInPrep,2
28193,100,-1250,-1150,700,2,94,1,282,unknown,SteingroverInPrep,2
28194,50,0,50,750,3,95,1,282,unknown,SteingroverInPrep,2
28195,50,0,50,800,4,96,1,282,unknown,SteingroverInPrep,2
28196,100,0,100,900,2,97,1,282,unknown,SteingroverInPrep,2
28197,100,0,100,1000,2,98,1,282,unknown,SteingroverInPrep,2
28198,100,0,100,1100,2,99,1,282,unknown,SteingroverInPrep,2
28199,100,0,100,1200,2,100,1,282,unknown,SteingroverInPrep,2
28200,100,0,100,2100,1,1,1,283,unknown,SteingroverInPrep,2
28201,100,-300,-200,1900,1,2,1,283,unknown,SteingroverInPrep,2
28202,100,-1250,-1150,750,2,3,1,283,unknown,SteingroverInPrep,2
28203,100,0,100,850,1,4,1,283,unknown,SteingroverInPrep,2
28204,50,0,50,900,3,5,1,283,unknown,SteingroverInPrep,2
28205,50,0,50,950,4,6,1,283,unknown,SteingroverInPrep,2
28206,50,0,50,1000,3,7,1,283,unknown,SteingroverInPrep,2
28207,50,0,50,1050,4,8,1,283,unknown,SteingroverInPrep,2
28208,100,0,100,1150,2,9,1,283,unknown,SteingroverInPrep,2
28209,50,0,50,1200,3,10,1,283,unknown,SteingroverInPrep,2
28210,50,0,50,1250,4,11,1,283,unknown,SteingroverInPrep,2
28211,100,0,100,1350,1,12,1,283,unknown,SteingroverInPrep,2
28212,50,-50,0,1350,3,13,1,283,unknown,SteingroverInPrep,2
28213,100,0,100,1450,2,14,1,283,unknown,SteingroverInPrep,2
28214,50,0,50,1500,4,15,1,283,unknown,SteingroverInPrep,2
28215,100,-350,-250,1250,1,16,1,283,unknown,SteingroverInPrep,2
28216,100,0,100,1350,2,17,1,283,unknown,SteingroverInPrep,2
28217,100,0,100,1450,2,18,1,283,unknown,SteingroverInPrep,2
28218,50,-50,0,1450,3,19,1,283,unknown,SteingroverInPrep,2
28219,50,-50,0,1450,3,20,1,283,unknown,SteingroverInPrep,2
28220,50,0,50,1500,4,21,1,283,unknown,SteingroverInPrep,2
28221,50,0,50,1550,4,22,1,283,unknown,SteingroverInPrep,2
28222,50,0,50,1600,4,23,1,283,unknown,SteingroverInPrep,2
28223,50,-250,-200,1400,4,24,1,283,unknown,SteingroverInPrep,2
28224,50,-50,0,1400,3,25,1,283,unknown,SteingroverInPrep,2
28225,100,0,100,1500,2,26,1,283,unknown,SteingroverInPrep,2
28226,100,0,100,1600,2,27,1,283,unknown,SteingroverInPrep,2
28227,100,0,100,1700,2,28,1,283,unknown,SteingroverInPrep,2
28228,100,0,100,1800,2,29,1,283,unknown,SteingroverInPrep,2
28229,100,0,100,1900,2,30,1,283,unknown,SteingroverInPrep,2
28230,100,0,100,2000,2,31,1,283,unknown,SteingroverInPrep,2
28231,100,0,100,2100,2,32,1,283,unknown,SteingroverInPrep,2
28232,100,-1250,-1150,950,2,33,1,283,unknown,SteingroverInPrep,2
28233,100,-200,-100,850,1,34,1,283,unknown,SteingroverInPrep,2
28234,100,0,100,950,1,35,1,283,unknown,SteingroverInPrep,2
28235,100,0,100,1050,1,36,1,283,unknown,SteingroverInPrep,2
28236,100,-150,-50,1000,1,37,1,283,unknown,SteingroverInPrep,2
28237,100,-250,-150,850,1,38,1,283,unknown,SteingroverInPrep,2
28238,100,0,100,950,2,39,1,283,unknown,SteingroverInPrep,2
28239,100,0,100,1050,2,40,1,283,unknown,SteingroverInPrep,2
28240,100,0,100,1150,2,41,1,283,unknown,SteingroverInPrep,2
28241,100,0,100,1250,2,42,1,283,unknown,SteingroverInPrep,2
28242,100,0,100,1350,2,43,1,283,unknown,SteingroverInPrep,2
28243,100,0,100,1450,2,44,1,283,unknown,SteingroverInPrep,2
28244,100,0,100,1550,2,45,1,283,unknown,SteingroverInPrep,2
28245,50,-50,0,1550,3,46,1,283,unknown,SteingroverInPrep,2
28246,50,0,50,1600,4,47,1,283,unknown,SteingroverInPrep,2
28247,50,0,50,1650,4,48,1,283,unknown,SteingroverInPrep,2
28248,50,0,50,1700,4,49,1,283,unknown,SteingroverInPrep,2
28249,50,0,50,1750,4,50,1,283,unknown,SteingroverInPrep,2
28250,50,0,50,1800,4,51,1,283,unknown,SteingroverInPrep,2
28251,50,0,50,1850,4,52,1,283,unknown,SteingroverInPrep,2
28252,50,0,50,1900,4,53,1,283,unknown,SteingroverInPrep,2
28253,50,0,50,1950,4,54,1,283,unknown,SteingroverInPrep,2
28254,50,0,50,2000,4,55,1,283,unknown,SteingroverInPrep,2
28255,50,-250,-200,1800,4,56,1,283,unknown,SteingroverInPrep,2
28256,100,0,100,1900,2,57,1,283,unknown,SteingroverInPrep,2
28257,100,0,100,2000,2,58,1,283,unknown,SteingroverInPrep,2
28258,100,0,100,2100,2,59,1,283,unknown,SteingroverInPrep,2
28259,100,0,100,2200,2,60,1,283,unknown,SteingroverInPrep,2
28260,100,0,100,2300,2,61,1,283,unknown,SteingroverInPrep,2
28261,100,0,100,2400,2,62,1,283,unknown,SteingroverInPrep,2
28262,100,-1250,-1150,1250,2,63,1,283,unknown,SteingroverInPrep,2
28263,50,0,50,1300,3,64,1,283,unknown,SteingroverInPrep,2
28264,50,0,50,1350,3,65,1,283,unknown,SteingroverInPrep,2
28265,50,0,50,1400,3,66,1,283,unknown,SteingroverInPrep,2
28266,50,0,50,1450,3,67,1,283,unknown,SteingroverInPrep,2
28267,50,0,50,1500,3,68,1,283,unknown,SteingroverInPrep,2
28268,50,0,50,1550,3,69,1,283,unknown,SteingroverInPrep,2
28269,50,-50,0,1550,3,70,1,283,unknown,SteingroverInPrep,2
28270,100,-350,-250,1300,1,71,1,283,unknown,SteingroverInPrep,2
28271,100,-250,-150,1150,1,72,1,283,unknown,SteingroverInPrep,2
28272,100,-150,-50,1100,1,73,1,283,unknown,SteingroverInPrep,2
28273,100,0,100,1200,1,74,1,283,unknown,SteingroverInPrep,2
28274,100,-300,-200,1000,1,75,1,283,unknown,SteingroverInPrep,2
28275,100,0,100,1100,2,76,1,283,unknown,SteingroverInPrep,2
28276,100,0,100,1200,2,77,1,283,unknown,SteingroverInPrep,2
28277,100,0,100,1300,2,78,1,283,unknown,SteingroverInPrep,2
28278,100,0,100,1400,2,79,1,283,unknown,SteingroverInPrep,2
28279,100,-1250,-1150,250,2,80,1,283,unknown,SteingroverInPrep,2
28280,50,-50,0,250,3,81,1,283,unknown,SteingroverInPrep,2
28281,50,0,50,300,4,82,1,283,unknown,SteingroverInPrep,2
28282,50,0,50,350,4,83,1,283,unknown,SteingroverInPrep,2
28283,50,0,50,400,4,84,1,283,unknown,SteingroverInPrep,2
28284,50,0,50,450,3,85,1,283,unknown,SteingroverInPrep,2
28285,50,0,50,500,4,86,1,283,unknown,SteingroverInPrep,2
28286,50,0,50,550,4,87,1,283,unknown,SteingroverInPrep,2
28287,50,0,50,600,4,88,1,283,unknown,SteingroverInPrep,2
28288,50,0,50,650,4,89,1,283,unknown,SteingroverInPrep,2
28289,50,-50,0,650,3,90,1,283,unknown,SteingroverInPrep,2
28290,50,0,50,700,4,91,1,283,unknown,SteingroverInPrep,2
28291,50,-250,-200,500,4,92,1,283,unknown,SteingroverInPrep,2
28292,100,0,100,600,2,93,1,283,unknown,SteingroverInPrep,2
28293,100,0,100,700,2,94,1,283,unknown,SteingroverInPrep,2
28294,100,0,100,800,2,95,1,283,unknown,SteingroverInPrep,2
28295,100,0,100,900,2,96,1,283,unknown,SteingroverInPrep,2
28296,100,0,100,1000,2,97,1,283,unknown,SteingroverInPrep,2
28297,100,0,100,1100,1,98,1,283,unknown,SteingroverInPrep,2
28298,100,0,100,1200,1,99,1,283,unknown,SteingroverInPrep,2
28299,100,-200,-100,1100,1,100,1,283,unknown,SteingroverInPrep,2
28300,50,0,50,2050,3,1,1,284,unknown,SteingroverInPrep,2
28301,100,0,100,2150,2,2,1,284,unknown,SteingroverInPrep,2
28302,100,-350,-250,1900,1,3,1,284,unknown,SteingroverInPrep,2
28303,100,-1250,-1150,750,2,4,1,284,unknown,SteingroverInPrep,2
28304,50,0,50,800,4,5,1,284,unknown,SteingroverInPrep,2
28305,100,0,100,900,2,6,1,284,unknown,SteingroverInPrep,2
28306,100,0,100,1000,1,7,1,284,unknown,SteingroverInPrep,2
28307,50,0,50,1050,4,8,1,284,unknown,SteingroverInPrep,2
28308,100,-300,-200,850,1,9,1,284,unknown,SteingroverInPrep,2
28309,100,0,100,950,2,10,1,284,unknown,SteingroverInPrep,2
28310,50,0,50,1000,3,11,1,284,unknown,SteingroverInPrep,2
28311,50,0,50,1050,4,12,1,284,unknown,SteingroverInPrep,2
28312,100,0,100,1150,2,13,1,284,unknown,SteingroverInPrep,2
28313,50,0,50,1200,3,14,1,284,unknown,SteingroverInPrep,2
28314,50,0,50,1250,4,15,1,284,unknown,SteingroverInPrep,2
28315,50,-50,0,1250,3,16,1,284,unknown,SteingroverInPrep,2
28316,100,-150,-50,1200,1,17,1,284,unknown,SteingroverInPrep,2
28317,100,0,100,1300,2,18,1,284,unknown,SteingroverInPrep,2
28318,50,-50,0,1300,3,19,1,284,unknown,SteingroverInPrep,2
28319,50,0,50,1350,4,20,1,284,unknown,SteingroverInPrep,2
28320,50,0,50,1400,4,21,1,284,unknown,SteingroverInPrep,2
28321,50,-250,-200,1200,4,22,1,284,unknown,SteingroverInPrep,2
28322,100,0,100,1300,2,23,1,284,unknown,SteingroverInPrep,2
28323,100,-250,-150,1150,1,24,1,284,unknown,SteingroverInPrep,2
28324,50,0,50,1200,3,25,1,284,unknown,SteingroverInPrep,2
28325,50,-50,0,1200,3,26,1,284,unknown,SteingroverInPrep,2
28326,100,0,100,1300,2,27,1,284,unknown,SteingroverInPrep,2
28327,100,0,100,1400,2,28,1,284,unknown,SteingroverInPrep,2
28328,100,0,100,1500,2,29,1,284,unknown,SteingroverInPrep,2
28329,100,0,100,1600,2,30,1,284,unknown,SteingroverInPrep,2
28330,100,0,100,1700,2,31,1,284,unknown,SteingroverInPrep,2
28331,50,-50,0,1700,3,32,1,284,unknown,SteingroverInPrep,2
28332,50,0,50,1750,4,33,1,284,unknown,SteingroverInPrep,2
28333,50,-50,0,1750,3,34,1,284,unknown,SteingroverInPrep,2
28334,100,-200,-100,1650,1,35,1,284,unknown,SteingroverInPrep,2
28335,100,0,100,1750,2,36,1,284,unknown,SteingroverInPrep,2
28336,100,0,100,1850,2,37,1,284,unknown,SteingroverInPrep,2
28337,100,0,100,1950,2,38,1,284,unknown,SteingroverInPrep,2
28338,100,0,100,2050,2,39,1,284,unknown,SteingroverInPrep,2
28339,100,0,100,2150,2,40,1,284,unknown,SteingroverInPrep,2
28340,100,0,100,2250,2,41,1,284,unknown,SteingroverInPrep,2
28341,100,-1250,-1150,1100,2,42,1,284,unknown,SteingroverInPrep,2
28342,50,0,50,1150,3,43,1,284,unknown,SteingroverInPrep,2
28343,50,0,50,1200,3,44,1,284,unknown,SteingroverInPrep,2
28344,50,-50,0,1200,3,45,1,284,unknown,SteingroverInPrep,2
28345,50,0,50,1250,4,46,1,284,unknown,SteingroverInPrep,2
28346,50,0,50,1300,4,47,1,284,unknown,SteingroverInPrep,2
28347,50,0,50,1350,4,48,1,284,unknown,SteingroverInPrep,2
28348,50,-250,-200,1150,4,49,1,284,unknown,SteingroverInPrep,2
28349,100,0,100,1250,1,50,1,284,unknown,SteingroverInPrep,2
28350,100,0,100,1350,1,51,1,284,unknown,SteingroverInPrep,2
28351,100,0,100,1450,1,52,1,284,unknown,SteingroverInPrep,2
28352,100,0,100,1550,1,53,1,284,unknown,SteingroverInPrep,2
28353,100,-300,-200,1350,1,54,1,284,unknown,SteingroverInPrep,2
28354,100,0,100,1450,2,55,1,284,unknown,SteingroverInPrep,2
28355,100,0,100,1550,2,56,1,284,unknown,SteingroverInPrep,2
28356,100,-1250,-1150,400,2,57,1,284,unknown,SteingroverInPrep,2
28357,50,-50,0,400,3,58,1,284,unknown,SteingroverInPrep,2
28358,50,0,50,450,4,59,1,284,unknown,SteingroverInPrep,2
28359,50,0,50,500,4,60,1,284,unknown,SteingroverInPrep,2
28360,50,0,50,550,4,61,1,284,unknown,SteingroverInPrep,2
28361,50,0,50,600,4,62,1,284,unknown,SteingroverInPrep,2
28362,50,0,50,650,4,63,1,284,unknown,SteingroverInPrep,2
28363,50,-50,0,650,3,64,1,284,unknown,SteingroverInPrep,2
28364,100,0,100,750,2,65,1,284,unknown,SteingroverInPrep,2
28365,100,0,100,850,2,66,1,284,unknown,SteingroverInPrep,2
28366,100,0,100,950,2,67,1,284,unknown,SteingroverInPrep,2
28367,50,0,50,1000,3,68,1,284,unknown,SteingroverInPrep,2
28368,50,-50,0,1000,3,69,1,284,unknown,SteingroverInPrep,2
28369,50,0,50,1050,4,70,1,284,unknown,SteingroverInPrep,2
28370,50,0,50,1100,4,71,1,284,unknown,SteingroverInPrep,2
28371,50,0,50,1150,4,72,1,284,unknown,SteingroverInPrep,2
28372,100,0,100,1250,2,73,1,284,unknown,SteingroverInPrep,2
28373,50,-50,0,1250,3,74,1,284,unknown,SteingroverInPrep,2
28374,50,0,50,1300,4,75,1,284,unknown,SteingroverInPrep,2
28375,50,0,50,1350,4,76,1,284,unknown,SteingroverInPrep,2
28376,50,0,50,1400,4,77,1,284,unknown,SteingroverInPrep,2
28377,50,0,50,1450,4,78,1,284,unknown,SteingroverInPrep,2
28378,100,0,100,1550,2,79,1,284,unknown,SteingroverInPrep,2
28379,50,0,50,1600,3,80,1,284,unknown,SteingroverInPrep,2
28380,100,0,100,1700,2,81,1,284,unknown,SteingroverInPrep,2
28381,50,0,50,1750,4,82,1,284,unknown,SteingroverInPrep,2
28382,50,0,50,1800,3,83,1,284,unknown,SteingroverInPrep,2
28383,50,0,50,1850,3,84,1,284,unknown,SteingroverInPrep,2
28384,50,0,50,1900,4,85,1,284,unknown,SteingroverInPrep,2
28385,100,0,100,2000,2,86,1,284,unknown,SteingroverInPrep,2
28386,50,-50,0,2000,3,87,1,284,unknown,SteingroverInPrep,2
28387,50,-250,-200,1800,4,88,1,284,unknown,SteingroverInPrep,2
28388,100,0,100,1900,2,89,1,284,unknown,SteingroverInPrep,2
28389,100,0,100,2000,2,90,1,284,unknown,SteingroverInPrep,2
28390,100,-1250,-1150,850,2,91,1,284,unknown,SteingroverInPrep,2
28391,50,0,50,900,3,92,1,284,unknown,SteingroverInPrep,2
28392,50,0,50,950,3,93,1,284,unknown,SteingroverInPrep,2
28393,50,0,50,1000,3,94,1,284,unknown,SteingroverInPrep,2
28394,50,0,50,1050,4,95,1,284,unknown,SteingroverInPrep,2
28395,50,0,50,1100,3,96,1,284,unknown,SteingroverInPrep,2
28396,100,-200,-100,1000,1,97,1,284,unknown,SteingroverInPrep,2
28397,50,0,50,1050,4,98,1,284,unknown,SteingroverInPrep,2
28398,50,0,50,1100,4,99,1,284,unknown,SteingroverInPrep,2
28399,50,0,50,1150,4,100,1,284,unknown,SteingroverInPrep,2
28400,50,-50,0,2000,3,1,1,285,unknown,SteingroverInPrep,2
28401,100,0,100,2100,2,2,1,285,unknown,SteingroverInPrep,2
28402,50,0,50,2150,4,3,1,285,unknown,SteingroverInPrep,2
28403,100,0,100,2250,1,4,1,285,unknown,SteingroverInPrep,2
28404,100,0,100,2350,2,5,1,285,unknown,SteingroverInPrep,2
28405,50,0,50,2400,4,6,1,285,unknown,SteingroverInPrep,2
28406,50,-50,0,2400,3,7,1,285,unknown,SteingroverInPrep,2
28407,100,-300,-200,2200,1,8,1,285,unknown,SteingroverInPrep,2
28408,100,0,100,2300,2,9,1,285,unknown,SteingroverInPrep,2
28409,100,0,100,2400,2,10,1,285,unknown,SteingroverInPrep,2
28410,100,0,100,2500,2,11,1,285,unknown,SteingroverInPrep,2
28411,100,0,100,2600,2,12,1,285,unknown,SteingroverInPrep,2
28412,100,-1250,-1150,1450,2,13,1,285,unknown,SteingroverInPrep,2
28413,50,0,50,1500,4,14,1,285,unknown,SteingroverInPrep,2
28414,100,0,100,1600,2,15,1,285,unknown,SteingroverInPrep,2
28415,50,0,50,1650,3,16,1,285,unknown,SteingroverInPrep,2
28416,100,0,100,1750,2,17,1,285,unknown,SteingroverInPrep,2
28417,100,0,100,1850,2,18,1,285,unknown,SteingroverInPrep,2
28418,50,0,50,1900,4,19,1,285,unknown,SteingroverInPrep,2
28419,100,-200,-100,1800,1,20,1,285,unknown,SteingroverInPrep,2
28420,100,0,100,1900,2,21,1,285,unknown,SteingroverInPrep,2
28421,100,0,100,2000,2,22,1,285,unknown,SteingroverInPrep,2
28422,100,0,100,2100,2,23,1,285,unknown,SteingroverInPrep,2
28423,50,0,50,2150,3,24,1,285,unknown,SteingroverInPrep,2
28424,100,-1250,-1150,1000,2,25,1,285,unknown,SteingroverInPrep,2
28425,100,0,100,1100,2,26,1,285,unknown,SteingroverInPrep,2
28426,100,0,100,1200,2,27,1,285,unknown,SteingroverInPrep,2
28427,100,0,100,1300,2,28,1,285,unknown,SteingroverInPrep,2
28428,100,0,100,1400,2,29,1,285,unknown,SteingroverInPrep,2
28429,50,0,50,1450,4,30,1,285,unknown,SteingroverInPrep,2
28430,100,0,100,1550,2,31,1,285,unknown,SteingroverInPrep,2
28431,50,0,50,1600,3,32,1,285,unknown,SteingroverInPrep,2
28432,50,-250,-200,1400,4,33,1,285,unknown,SteingroverInPrep,2
28433,50,-50,0,1400,3,34,1,285,unknown,SteingroverInPrep,2
28434,100,-350,-250,1150,1,35,1,285,unknown,SteingroverInPrep,2
28435,100,0,100,1250,2,36,1,285,unknown,SteingroverInPrep,2
28436,100,0,100,1350,2,37,1,285,unknown,SteingroverInPrep,2
28437,100,0,100,1450,2,38,1,285,unknown,SteingroverInPrep,2
28438,100,0,100,1550,2,39,1,285,unknown,SteingroverInPrep,2
28439,100,0,100,1650,2,40,1,285,unknown,SteingroverInPrep,2
28440,50,0,50,1700,4,41,1,285,unknown,SteingroverInPrep,2
28441,50,0,50,1750,4,42,1,285,unknown,SteingroverInPrep,2
28442,50,0,50,1800,4,43,1,285,unknown,SteingroverInPrep,2
28443,50,0,50,1850,4,44,1,285,unknown,SteingroverInPrep,2
28444,50,0,50,1900,3,45,1,285,unknown,SteingroverInPrep,2
28445,100,0,100,2000,2,46,1,285,unknown,SteingroverInPrep,2
28446,50,0,50,2050,3,47,1,285,unknown,SteingroverInPrep,2
28447,100,0,100,2150,2,48,1,285,unknown,SteingroverInPrep,2
28448,50,0,50,2200,4,49,1,285,unknown,SteingroverInPrep,2
28449,50,-50,0,2200,3,50,1,285,unknown,SteingroverInPrep,2
28450,50,-250,-200,2000,4,51,1,285,unknown,SteingroverInPrep,2
28451,50,0,50,2050,4,52,1,285,unknown,SteingroverInPrep,2
28452,50,0,50,2100,4,53,1,285,unknown,SteingroverInPrep,2
28453,50,-50,0,2100,3,54,1,285,unknown,SteingroverInPrep,2
28454,100,0,100,2200,2,55,1,285,unknown,SteingroverInPrep,2
28455,50,0,50,2250,4,56,1,285,unknown,SteingroverInPrep,2
28456,50,0,50,2300,3,57,1,285,unknown,SteingroverInPrep,2
28457,50,0,50,2350,3,58,1,285,unknown,SteingroverInPrep,2
28458,50,0,50,2400,4,59,1,285,unknown,SteingroverInPrep,2
28459,50,-50,0,2400,3,60,1,285,unknown,SteingroverInPrep,2
28460,50,0,50,2450,4,61,1,285,unknown,SteingroverInPrep,2
28461,50,0,50,2500,4,62,1,285,unknown,SteingroverInPrep,2
28462,50,0,50,2550,4,63,1,285,unknown,SteingroverInPrep,2
28463,50,0,50,2600,4,64,1,285,unknown,SteingroverInPrep,2
28464,50,-250,-200,2400,4,65,1,285,unknown,SteingroverInPrep,2
28465,50,0,50,2450,4,66,1,285,unknown,SteingroverInPrep,2
28466,50,0,50,2500,4,67,1,285,unknown,SteingroverInPrep,2
28467,50,0,50,2550,4,68,1,285,unknown,SteingroverInPrep,2
28468,50,0,50,2600,4,69,1,285,unknown,SteingroverInPrep,2
28469,50,-50,0,2600,3,70,1,285,unknown,SteingroverInPrep,2
28470,50,-50,0,2600,3,71,1,285,unknown,SteingroverInPrep,2
28471,50,0,50,2650,4,72,1,285,unknown,SteingroverInPrep,2
28472,50,0,50,2700,4,73,1,285,unknown,SteingroverInPrep,2
28473,50,0,50,2750,3,74,1,285,unknown,SteingroverInPrep,2
28474,50,0,50,2800,4,75,1,285,unknown,SteingroverInPrep,2
28475,50,-50,0,2800,3,76,1,285,unknown,SteingroverInPrep,2
28476,50,0,50,2850,3,77,1,285,unknown,SteingroverInPrep,2
28477,50,-50,0,2850,3,78,1,285,unknown,SteingroverInPrep,2
28478,50,0,50,2900,3,79,1,285,unknown,SteingroverInPrep,2
28479,50,-50,0,2900,3,80,1,285,unknown,SteingroverInPrep,2
28480,50,0,50,2950,3,81,1,285,unknown,SteingroverInPrep,2
28481,50,0,50,3000,4,82,1,285,unknown,SteingroverInPrep,2
28482,50,0,50,3050,4,83,1,285,unknown,SteingroverInPrep,2
28483,50,0,50,3100,4,84,1,285,unknown,SteingroverInPrep,2
28484,50,0,50,3150,4,85,1,285,unknown,SteingroverInPrep,2
28485,50,0,50,3200,4,86,1,285,unknown,SteingroverInPrep,2
28486,50,0,50,3250,4,87,1,285,unknown,SteingroverInPrep,2
28487,50,-250,-200,3050,4,88,1,285,unknown,SteingroverInPrep,2
28488,50,0,50,3100,3,89,1,285,unknown,SteingroverInPrep,2
28489,50,0,50,3150,4,90,1,285,unknown,SteingroverInPrep,2
28490,50,0,50,3200,4,91,1,285,unknown,SteingroverInPrep,2
28491,50,0,50,3250,4,92,1,285,unknown,SteingroverInPrep,2
28492,50,0,50,3300,4,93,1,285,unknown,SteingroverInPrep,2
28493,50,0,50,3350,4,94,1,285,unknown,SteingroverInPrep,2
28494,50,0,50,3400,4,95,1,285,unknown,SteingroverInPrep,2
28495,50,0,50,3450,4,96,1,285,unknown,SteingroverInPrep,2
28496,50,0,50,3500,4,97,1,285,unknown,SteingroverInPrep,2
28497,50,0,50,3550,4,98,1,285,unknown,SteingroverInPrep,2
28498,50,-250,-200,3350,4,99,1,285,unknown,SteingroverInPrep,2
28499,100,0,100,3450,1,100,1,285,unknown,SteingroverInPrep,2
28500,100,-150,-50,1950,1,1,1,286,unknown,SteingroverInPrep,2
28501,50,0,50,2000,4,2,1,286,unknown,SteingroverInPrep,2
28502,100,0,100,2100,2,3,1,286,unknown,SteingroverInPrep,2
28503,50,0,50,2150,3,4,1,286,unknown,SteingroverInPrep,2
28504,100,0,100,2250,2,5,1,286,unknown,SteingroverInPrep,2
28505,50,0,50,2300,4,6,1,286,unknown,SteingroverInPrep,2
28506,100,0,100,2400,1,7,1,286,unknown,SteingroverInPrep,2
28507,100,0,100,2500,1,8,1,286,unknown,SteingroverInPrep,2
28508,100,-1250,-1150,1350,2,9,1,286,unknown,SteingroverInPrep,2
28509,100,0,100,1450,2,10,1,286,unknown,SteingroverInPrep,2
28510,100,0,100,1550,2,11,1,286,unknown,SteingroverInPrep,2
28511,100,-350,-250,1300,1,12,1,286,unknown,SteingroverInPrep,2
28512,50,-50,0,1300,3,13,1,286,unknown,SteingroverInPrep,2
28513,50,0,50,1350,4,14,1,286,unknown,SteingroverInPrep,2
28514,50,0,50,1400,4,15,1,286,unknown,SteingroverInPrep,2
28515,100,0,100,1500,2,16,1,286,unknown,SteingroverInPrep,2
28516,100,0,100,1600,2,17,1,286,unknown,SteingroverInPrep,2
28517,50,0,50,1650,3,18,1,286,unknown,SteingroverInPrep,2
28518,50,0,50,1700,3,19,1,286,unknown,SteingroverInPrep,2
28519,50,0,50,1750,4,20,1,286,unknown,SteingroverInPrep,2
28520,50,-250,-200,1550,4,21,1,286,unknown,SteingroverInPrep,2
28521,100,0,100,1650,2,22,1,286,unknown,SteingroverInPrep,2
28522,100,0,100,1750,2,23,1,286,unknown,SteingroverInPrep,2
28523,100,0,100,1850,2,24,1,286,unknown,SteingroverInPrep,2
28524,100,-1250,-1150,700,2,25,1,286,unknown,SteingroverInPrep,2
28525,50,-50,0,700,3,26,1,286,unknown,SteingroverInPrep,2
28526,50,0,50,750,3,27,1,286,unknown,SteingroverInPrep,2
28527,50,0,50,800,4,28,1,286,unknown,SteingroverInPrep,2
28528,50,0,50,850,4,29,1,286,unknown,SteingroverInPrep,2
28529,100,-300,-200,650,1,30,1,286,unknown,SteingroverInPrep,2
28530,100,-200,-100,550,1,31,1,286,unknown,SteingroverInPrep,2
28531,100,0,100,650,2,32,1,286,unknown,SteingroverInPrep,2
28532,100,0,100,750,2,33,1,286,unknown,SteingroverInPrep,2
28533,50,-50,0,750,3,34,1,286,unknown,SteingroverInPrep,2
28534,50,0,50,800,3,35,1,286,unknown,SteingroverInPrep,2
28535,50,-50,0,800,3,36,1,286,unknown,SteingroverInPrep,2
28536,50,-50,0,800,3,37,1,286,unknown,SteingroverInPrep,2
28537,50,-50,0,800,3,38,1,286,unknown,SteingroverInPrep,2
28538,50,0,50,850,4,39,1,286,unknown,SteingroverInPrep,2
28539,50,0,50,900,4,40,1,286,unknown,SteingroverInPrep,2
28540,100,0,100,1000,2,41,1,286,unknown,SteingroverInPrep,2
28541,100,0,100,1100,2,42,1,286,unknown,SteingroverInPrep,2
28542,50,-50,0,1100,3,43,1,286,unknown,SteingroverInPrep,2
28543,100,0,100,1200,2,44,1,286,unknown,SteingroverInPrep,2
28544,100,0,100,1300,2,45,1,286,unknown,SteingroverInPrep,2
28545,100,0,100,1400,2,46,1,286,unknown,SteingroverInPrep,2
28546,100,0,100,1500,2,47,1,286,unknown,SteingroverInPrep,2
28547,100,0,100,1600,2,48,1,286,unknown,SteingroverInPrep,2
28548,100,0,100,1700,2,49,1,286,unknown,SteingroverInPrep,2
28549,100,0,100,1800,2,50,1,286,unknown,SteingroverInPrep,2
28550,100,0,100,1900,2,51,1,286,unknown,SteingroverInPrep,2
28551,100,0,100,2000,2,52,1,286,unknown,SteingroverInPrep,2
28552,100,0,100,2100,2,53,1,286,unknown,SteingroverInPrep,2
28553,100,-1250,-1150,950,2,54,1,286,unknown,SteingroverInPrep,2
28554,50,-50,0,950,3,55,1,286,unknown,SteingroverInPrep,2
28555,100,0,100,1050,2,56,1,286,unknown,SteingroverInPrep,2
28556,50,0,50,1100,4,57,1,286,unknown,SteingroverInPrep,2
28557,100,0,100,1200,1,58,1,286,unknown,SteingroverInPrep,2
28558,100,0,100,1300,1,59,1,286,unknown,SteingroverInPrep,2
28559,100,0,100,1400,2,60,1,286,unknown,SteingroverInPrep,2
28560,100,0,100,1500,2,61,1,286,unknown,SteingroverInPrep,2
28561,100,0,100,1600,2,62,1,286,unknown,SteingroverInPrep,2
28562,100,-250,-150,1450,1,63,1,286,unknown,SteingroverInPrep,2
28563,100,0,100,1550,1,64,1,286,unknown,SteingroverInPrep,2
28564,100,0,100,1650,1,65,1,286,unknown,SteingroverInPrep,2
28565,50,0,50,1700,4,66,1,286,unknown,SteingroverInPrep,2
28566,100,0,100,1800,2,67,1,286,unknown,SteingroverInPrep,2
28567,50,0,50,1850,3,68,1,286,unknown,SteingroverInPrep,2
28568,100,-250,-150,1700,1,69,1,286,unknown,SteingroverInPrep,2
28569,100,0,100,1800,2,70,1,286,unknown,SteingroverInPrep,2
28570,100,0,100,1900,2,71,1,286,unknown,SteingroverInPrep,2
28571,50,0,50,1950,4,72,1,286,unknown,SteingroverInPrep,2
28572,50,-250,-200,1750,4,73,1,286,unknown,SteingroverInPrep,2
28573,50,0,50,1800,4,74,1,286,unknown,SteingroverInPrep,2
28574,50,0,50,1850,4,75,1,286,unknown,SteingroverInPrep,2
28575,50,0,50,1900,4,76,1,286,unknown,SteingroverInPrep,2
28576,50,0,50,1950,4,77,1,286,unknown,SteingroverInPrep,2
28577,50,0,50,2000,4,78,1,286,unknown,SteingroverInPrep,2
28578,100,0,100,2100,2,79,1,286,unknown,SteingroverInPrep,2
28579,100,0,100,2200,2,80,1,286,unknown,SteingroverInPrep,2
28580,100,-200,-100,2100,1,81,1,286,unknown,SteingroverInPrep,2
28581,50,0,50,2150,4,82,1,286,unknown,SteingroverInPrep,2
28582,50,-250,-200,1950,4,83,1,286,unknown,SteingroverInPrep,2
28583,50,0,50,2000,3,84,1,286,unknown,SteingroverInPrep,2
28584,50,0,50,2050,3,85,1,286,unknown,SteingroverInPrep,2
28585,50,0,50,2100,4,86,1,286,unknown,SteingroverInPrep,2
28586,50,0,50,2150,3,87,1,286,unknown,SteingroverInPrep,2
28587,50,0,50,2200,4,88,1,286,unknown,SteingroverInPrep,2
28588,100,-1250,-1150,1050,2,89,1,286,unknown,SteingroverInPrep,2
28589,100,0,100,1150,2,90,1,286,unknown,SteingroverInPrep,2
28590,100,0,100,1250,2,91,1,286,unknown,SteingroverInPrep,2
28591,100,0,100,1350,2,92,1,286,unknown,SteingroverInPrep,2
28592,100,0,100,1450,2,93,1,286,unknown,SteingroverInPrep,2
28593,100,-1250,-1150,300,2,94,1,286,unknown,SteingroverInPrep,2
28594,50,-50,0,300,3,95,1,286,unknown,SteingroverInPrep,2
28595,50,-50,0,300,3,96,1,286,unknown,SteingroverInPrep,2
28596,50,0,50,350,3,97,1,286,unknown,SteingroverInPrep,2
28597,100,0,100,450,2,98,1,286,unknown,SteingroverInPrep,2
28598,100,0,100,550,2,99,1,286,unknown,SteingroverInPrep,2
28599,100,0,100,650,2,100,1,286,unknown,SteingroverInPrep,2
28600,100,0,100,2100,2,1,1,287,unknown,SteingroverInPrep,2
28601,50,-50,0,2100,3,2,1,287,unknown,SteingroverInPrep,2
28602,50,0,50,2150,4,3,1,287,unknown,SteingroverInPrep,2
28603,50,0,50,2200,4,4,1,287,unknown,SteingroverInPrep,2
28604,50,-250,-200,2000,4,5,1,287,unknown,SteingroverInPrep,2
28605,50,0,50,2050,3,6,1,287,unknown,SteingroverInPrep,2
28606,100,0,100,2150,2,7,1,287,unknown,SteingroverInPrep,2
28607,50,0,50,2200,3,8,1,287,unknown,SteingroverInPrep,2
28608,50,0,50,2250,4,9,1,287,unknown,SteingroverInPrep,2
28609,50,0,50,2300,4,10,1,287,unknown,SteingroverInPrep,2
28610,50,0,50,2350,4,11,1,287,unknown,SteingroverInPrep,2
28611,50,0,50,2400,4,12,1,287,unknown,SteingroverInPrep,2
28612,50,0,50,2450,4,13,1,287,unknown,SteingroverInPrep,2
28613,50,0,50,2500,4,14,1,287,unknown,SteingroverInPrep,2
28614,50,0,50,2550,4,15,1,287,unknown,SteingroverInPrep,2
28615,50,-250,-200,2350,4,16,1,287,unknown,SteingroverInPrep,2
28616,50,0,50,2400,4,17,1,287,unknown,SteingroverInPrep,2
28617,50,0,50,2450,4,18,1,287,unknown,SteingroverInPrep,2
28618,50,0,50,2500,4,19,1,287,unknown,SteingroverInPrep,2
28619,50,0,50,2550,4,20,1,287,unknown,SteingroverInPrep,2
28620,50,0,50,2600,4,21,1,287,unknown,SteingroverInPrep,2
28621,50,0,50,2650,4,22,1,287,unknown,SteingroverInPrep,2
28622,50,0,50,2700,4,23,1,287,unknown,SteingroverInPrep,2
28623,50,0,50,2750,4,24,1,287,unknown,SteingroverInPrep,2
28624,50,0,50,2800,4,25,1,287,unknown,SteingroverInPrep,2
28625,50,0,50,2850,4,26,1,287,unknown,SteingroverInPrep,2
28626,50,0,50,2900,4,27,1,287,unknown,SteingroverInPrep,2
28627,50,-250,-200,2700,4,28,1,287,unknown,SteingroverInPrep,2
28628,50,0,50,2750,4,29,1,287,unknown,SteingroverInPrep,2
28629,50,0,50,2800,4,30,1,287,unknown,SteingroverInPrep,2
28630,50,0,50,2850,4,31,1,287,unknown,SteingroverInPrep,2
28631,50,0,50,2900,4,32,1,287,unknown,SteingroverInPrep,2
28632,50,0,50,2950,4,33,1,287,unknown,SteingroverInPrep,2
28633,50,0,50,3000,4,34,1,287,unknown,SteingroverInPrep,2
28634,50,0,50,3050,4,35,1,287,unknown,SteingroverInPrep,2
28635,50,0,50,3100,4,36,1,287,unknown,SteingroverInPrep,2
28636,50,0,50,3150,4,37,1,287,unknown,SteingroverInPrep,2
28637,50,0,50,3200,4,38,1,287,unknown,SteingroverInPrep,2
28638,50,-250,-200,3000,4,39,1,287,unknown,SteingroverInPrep,2
28639,50,0,50,3050,4,40,1,287,unknown,SteingroverInPrep,2
28640,50,0,50,3100,4,41,1,287,unknown,SteingroverInPrep,2
28641,50,0,50,3150,4,42,1,287,unknown,SteingroverInPrep,2
28642,50,0,50,3200,4,43,1,287,unknown,SteingroverInPrep,2
28643,50,0,50,3250,4,44,1,287,unknown,SteingroverInPrep,2
28644,50,0,50,3300,4,45,1,287,unknown,SteingroverInPrep,2
28645,50,0,50,3350,4,46,1,287,unknown,SteingroverInPrep,2
28646,100,-250,-150,3200,1,47,1,287,unknown,SteingroverInPrep,2
28647,50,0,50,3250,4,48,1,287,unknown,SteingroverInPrep,2
28648,50,0,50,3300,3,49,1,287,unknown,SteingroverInPrep,2
28649,100,0,100,3400,2,50,1,287,unknown,SteingroverInPrep,2
28650,100,0,100,3500,2,51,1,287,unknown,SteingroverInPrep,2
28651,100,0,100,3600,2,52,1,287,unknown,SteingroverInPrep,2
28652,100,0,100,3700,2,53,1,287,unknown,SteingroverInPrep,2
28653,100,0,100,3800,2,54,1,287,unknown,SteingroverInPrep,2
28654,100,0,100,3900,2,55,1,287,unknown,SteingroverInPrep,2
28655,100,-1250,-1150,2750,2,56,1,287,unknown,SteingroverInPrep,2
28656,50,0,50,2800,4,57,1,287,unknown,SteingroverInPrep,2
28657,50,0,50,2850,4,58,1,287,unknown,SteingroverInPrep,2
28658,50,0,50,2900,4,59,1,287,unknown,SteingroverInPrep,2
28659,50,0,50,2950,4,60,1,287,unknown,SteingroverInPrep,2
28660,50,0,50,3000,4,61,1,287,unknown,SteingroverInPrep,2
28661,50,0,50,3050,4,62,1,287,unknown,SteingroverInPrep,2
28662,50,0,50,3100,4,63,1,287,unknown,SteingroverInPrep,2
28663,50,-250,-200,2900,4,64,1,287,unknown,SteingroverInPrep,2
28664,50,0,50,2950,4,65,1,287,unknown,SteingroverInPrep,2
28665,50,0,50,3000,4,66,1,287,unknown,SteingroverInPrep,2
28666,50,0,50,3050,4,67,1,287,unknown,SteingroverInPrep,2
28667,50,0,50,3100,4,68,1,287,unknown,SteingroverInPrep,2
28668,50,0,50,3150,4,69,1,287,unknown,SteingroverInPrep,2
28669,50,-250,-200,2950,4,70,1,287,unknown,SteingroverInPrep,2
28670,50,0,50,3000,4,71,1,287,unknown,SteingroverInPrep,2
28671,50,0,50,3050,4,72,1,287,unknown,SteingroverInPrep,2
28672,50,0,50,3100,4,73,1,287,unknown,SteingroverInPrep,2
28673,50,0,50,3150,4,74,1,287,unknown,SteingroverInPrep,2
28674,50,0,50,3200,4,75,1,287,unknown,SteingroverInPrep,2
28675,50,0,50,3250,4,76,1,287,unknown,SteingroverInPrep,2
28676,50,-250,-200,3050,4,77,1,287,unknown,SteingroverInPrep,2
28677,50,0,50,3100,4,78,1,287,unknown,SteingroverInPrep,2
28678,50,0,50,3150,4,79,1,287,unknown,SteingroverInPrep,2
28679,50,0,50,3200,4,80,1,287,unknown,SteingroverInPrep,2
28680,50,0,50,3250,4,81,1,287,unknown,SteingroverInPrep,2
28681,50,0,50,3300,4,82,1,287,unknown,SteingroverInPrep,2
28682,50,0,50,3350,4,83,1,287,unknown,SteingroverInPrep,2
28683,50,0,50,3400,4,84,1,287,unknown,SteingroverInPrep,2
28684,50,-250,-200,3200,4,85,1,287,unknown,SteingroverInPrep,2
28685,50,0,50,3250,4,86,1,287,unknown,SteingroverInPrep,2
28686,50,0,50,3300,4,87,1,287,unknown,SteingroverInPrep,2
28687,50,0,50,3350,4,88,1,287,unknown,SteingroverInPrep,2
28688,50,0,50,3400,4,89,1,287,unknown,SteingroverInPrep,2
28689,50,0,50,3450,4,90,1,287,unknown,SteingroverInPrep,2
28690,50,0,50,3500,4,91,1,287,unknown,SteingroverInPrep,2
28691,50,0,50,3550,4,92,1,287,unknown,SteingroverInPrep,2
28692,50,0,50,3600,4,93,1,287,unknown,SteingroverInPrep,2
28693,50,0,50,3650,4,94,1,287,unknown,SteingroverInPrep,2
28694,50,0,50,3700,4,95,1,287,unknown,SteingroverInPrep,2
28695,50,0,50,3750,4,96,1,287,unknown,SteingroverInPrep,2
28696,50,0,50,3800,4,97,1,287,unknown,SteingroverInPrep,2
28697,50,0,50,3850,4,98,1,287,unknown,SteingroverInPrep,2
28698,50,-250,-200,3650,4,99,1,287,unknown,SteingroverInPrep,2
28699,50,0,50,3700,4,100,1,287,unknown,SteingroverInPrep,2
28700,100,0,100,2100,1,1,1,288,unknown,SteingroverInPrep,2
28701,100,0,100,2200,2,2,1,288,unknown,SteingroverInPrep,2
28702,50,-50,0,2200,3,3,1,288,unknown,SteingroverInPrep,2
28703,50,0,50,2250,4,4,1,288,unknown,SteingroverInPrep,2
28704,100,-300,-200,2050,1,5,1,288,unknown,SteingroverInPrep,2
28705,100,0,100,2150,2,6,1,288,unknown,SteingroverInPrep,2
28706,100,0,100,2250,2,7,1,288,unknown,SteingroverInPrep,2
28707,100,0,100,2350,2,8,1,288,unknown,SteingroverInPrep,2
28708,100,0,100,2450,2,9,1,288,unknown,SteingroverInPrep,2
28709,100,0,100,2550,2,10,1,288,unknown,SteingroverInPrep,2
28710,100,0,100,2650,2,11,1,288,unknown,SteingroverInPrep,2
28711,100,0,100,2750,2,12,1,288,unknown,SteingroverInPrep,2
28712,100,0,100,2850,2,13,1,288,unknown,SteingroverInPrep,2
28713,100,-1250,-1150,1700,2,14,1,288,unknown,SteingroverInPrep,2
28714,100,-1250,-1150,550,2,15,1,288,unknown,SteingroverInPrep,2
28715,100,0,100,650,1,16,1,288,unknown,SteingroverInPrep,2
28716,100,-350,-250,400,1,17,1,288,unknown,SteingroverInPrep,2
28717,50,0,50,450,3,18,1,288,unknown,SteingroverInPrep,2
28718,100,0,100,550,2,19,1,288,unknown,SteingroverInPrep,2
28719,50,0,50,600,4,20,1,288,unknown,SteingroverInPrep,2
28720,50,0,50,650,3,21,1,288,unknown,SteingroverInPrep,2
28721,100,0,100,750,2,22,1,288,unknown,SteingroverInPrep,2
28722,100,-250,-150,600,1,23,1,288,unknown,SteingroverInPrep,2
28723,100,0,100,700,2,24,1,288,unknown,SteingroverInPrep,2
28724,100,0,100,800,2,25,1,288,unknown,SteingroverInPrep,2
28725,100,0,100,900,2,26,1,288,unknown,SteingroverInPrep,2
28726,100,0,100,1000,2,27,1,288,unknown,SteingroverInPrep,2
28727,100,0,100,1100,2,28,1,288,unknown,SteingroverInPrep,2
28728,100,0,100,1200,2,29,1,288,unknown,SteingroverInPrep,2
28729,100,0,100,1300,2,30,1,288,unknown,SteingroverInPrep,2
28730,100,0,100,1400,2,31,1,288,unknown,SteingroverInPrep,2
28731,100,0,100,1500,2,32,1,288,unknown,SteingroverInPrep,2
28732,100,0,100,1600,2,33,1,288,unknown,SteingroverInPrep,2
28733,50,-50,0,1600,3,34,1,288,unknown,SteingroverInPrep,2
28734,100,0,100,1700,2,35,1,288,unknown,SteingroverInPrep,2
28735,100,0,100,1800,2,36,1,288,unknown,SteingroverInPrep,2
28736,100,-1250,-1150,650,2,37,1,288,unknown,SteingroverInPrep,2
28737,100,0,100,750,1,38,1,288,unknown,SteingroverInPrep,2
28738,100,-150,-50,700,1,39,1,288,unknown,SteingroverInPrep,2
28739,100,0,100,800,2,40,1,288,unknown,SteingroverInPrep,2
28740,50,0,50,850,3,41,1,288,unknown,SteingroverInPrep,2
28741,50,0,50,900,4,42,1,288,unknown,SteingroverInPrep,2
28742,50,0,50,950,3,43,1,288,unknown,SteingroverInPrep,2
28743,50,-50,0,950,3,44,1,288,unknown,SteingroverInPrep,2
28744,100,0,100,1050,2,45,1,288,unknown,SteingroverInPrep,2
28745,100,0,100,1150,1,46,1,288,unknown,SteingroverInPrep,2
28746,100,0,100,1250,1,47,1,288,unknown,SteingroverInPrep,2
28747,100,-200,-100,1150,1,48,1,288,unknown,SteingroverInPrep,2
28748,100,0,100,1250,2,49,1,288,unknown,SteingroverInPrep,2
28749,100,0,100,1350,2,50,1,288,unknown,SteingroverInPrep,2
28750,100,0,100,1450,2,51,1,288,unknown,SteingroverInPrep,2
28751,100,0,100,1550,2,52,1,288,unknown,SteingroverInPrep,2
28752,100,0,100,1650,2,53,1,288,unknown,SteingroverInPrep,2
28753,100,0,100,1750,2,54,1,288,unknown,SteingroverInPrep,2
28754,100,0,100,1850,2,55,1,288,unknown,SteingroverInPrep,2
28755,50,0,50,1900,4,56,1,288,unknown,SteingroverInPrep,2
28756,50,0,50,1950,4,57,1,288,unknown,SteingroverInPrep,2
28757,50,-250,-200,1750,4,58,1,288,unknown,SteingroverInPrep,2
28758,50,0,50,1800,4,59,1,288,unknown,SteingroverInPrep,2
28759,50,0,50,1850,4,60,1,288,unknown,SteingroverInPrep,2
28760,50,0,50,1900,4,61,1,288,unknown,SteingroverInPrep,2
28761,50,0,50,1950,4,62,1,288,unknown,SteingroverInPrep,2
28762,50,0,50,2000,4,63,1,288,unknown,SteingroverInPrep,2
28763,100,0,100,2100,2,64,1,288,unknown,SteingroverInPrep,2
28764,100,0,100,2200,2,65,1,288,unknown,SteingroverInPrep,2
28765,100,-1250,-1150,1050,2,66,1,288,unknown,SteingroverInPrep,2
28766,100,0,100,1150,2,67,1,288,unknown,SteingroverInPrep,2
28767,100,0,100,1250,2,68,1,288,unknown,SteingroverInPrep,2
28768,100,0,100,1350,2,69,1,288,unknown,SteingroverInPrep,2
28769,100,-1250,-1150,200,2,70,1,288,unknown,SteingroverInPrep,2
28770,100,0,100,300,2,71,1,288,unknown,SteingroverInPrep,2
28771,100,0,100,400,2,72,1,288,unknown,SteingroverInPrep,2
28772,100,0,100,500,2,73,1,288,unknown,SteingroverInPrep,2
28773,100,0,100,600,2,74,1,288,unknown,SteingroverInPrep,2
28774,100,0,100,700,2,75,1,288,unknown,SteingroverInPrep,2
28775,100,0,100,800,2,76,1,288,unknown,SteingroverInPrep,2
28776,100,0,100,900,2,77,1,288,unknown,SteingroverInPrep,2
28777,100,0,100,1000,2,78,1,288,unknown,SteingroverInPrep,2
28778,50,0,50,1050,4,79,1,288,unknown,SteingroverInPrep,2
28779,50,0,50,1100,4,80,1,288,unknown,SteingroverInPrep,2
28780,50,-50,0,1100,3,81,1,288,unknown,SteingroverInPrep,2
28781,50,-50,0,1100,3,82,1,288,unknown,SteingroverInPrep,2
28782,50,-250,-200,900,4,83,1,288,unknown,SteingroverInPrep,2
28783,100,0,100,1000,2,84,1,288,unknown,SteingroverInPrep,2
28784,100,0,100,1100,1,85,1,288,unknown,SteingroverInPrep,2
28785,100,-300,-200,900,1,86,1,288,unknown,SteingroverInPrep,2
28786,100,0,100,1000,2,87,1,288,unknown,SteingroverInPrep,2
28787,100,0,100,1100,1,88,1,288,unknown,SteingroverInPrep,2
28788,100,0,100,1200,2,89,1,288,unknown,SteingroverInPrep,2
28789,100,0,100,1300,1,90,1,288,unknown,SteingroverInPrep,2
28790,100,0,100,1400,2,91,1,288,unknown,SteingroverInPrep,2
28791,100,-250,-150,1250,1,92,1,288,unknown,SteingroverInPrep,2
28792,100,0,100,1350,2,93,1,288,unknown,SteingroverInPrep,2
28793,100,0,100,1450,1,94,1,288,unknown,SteingroverInPrep,2
28794,100,-1250,-1150,300,2,95,1,288,unknown,SteingroverInPrep,2
28795,100,-200,-100,200,1,96,1,288,unknown,SteingroverInPrep,2
28796,100,0,100,300,1,97,1,288,unknown,SteingroverInPrep,2
28797,100,-350,-250,50,1,98,1,288,unknown,SteingroverInPrep,2
28798,100,-150,-50,0,1,99,1,288,unknown,SteingroverInPrep,2
28799,100,-300,-200,-200,1,100,1,288,unknown,SteingroverInPrep,2
28800,100,0,100,2100,2,1,1,289,unknown,SteingroverInPrep,2
28801,50,-250,-200,1900,4,2,1,289,unknown,SteingroverInPrep,2
28802,50,0,50,1950,4,3,1,289,unknown,SteingroverInPrep,2
28803,100,-300,-200,1750,1,4,1,289,unknown,SteingroverInPrep,2
28804,100,0,100,1850,1,5,1,289,unknown,SteingroverInPrep,2
28805,100,0,100,1950,2,6,1,289,unknown,SteingroverInPrep,2
28806,100,0,100,2050,2,7,1,289,unknown,SteingroverInPrep,2
28807,50,0,50,2100,4,8,1,289,unknown,SteingroverInPrep,2
28808,50,0,50,2150,3,9,1,289,unknown,SteingroverInPrep,2
28809,50,0,50,2200,3,10,1,289,unknown,SteingroverInPrep,2
28810,50,0,50,2250,3,11,1,289,unknown,SteingroverInPrep,2
28811,50,-50,0,2250,3,12,1,289,unknown,SteingroverInPrep,2
28812,50,0,50,2300,3,13,1,289,unknown,SteingroverInPrep,2
28813,50,0,50,2350,3,14,1,289,unknown,SteingroverInPrep,2
28814,50,-50,0,2350,3,15,1,289,unknown,SteingroverInPrep,2
28815,50,-50,0,2350,3,16,1,289,unknown,SteingroverInPrep,2
28816,50,-50,0,2350,3,17,1,289,unknown,SteingroverInPrep,2
28817,50,-50,0,2350,3,18,1,289,unknown,SteingroverInPrep,2
28818,50,-50,0,2350,3,19,1,289,unknown,SteingroverInPrep,2
28819,50,-50,0,2350,3,20,1,289,unknown,SteingroverInPrep,2
28820,50,0,50,2400,3,21,1,289,unknown,SteingroverInPrep,2
28821,50,0,50,2450,3,22,1,289,unknown,SteingroverInPrep,2
28822,50,-50,0,2450,3,23,1,289,unknown,SteingroverInPrep,2
28823,50,-50,0,2450,3,24,1,289,unknown,SteingroverInPrep,2
28824,50,0,50,2500,3,25,1,289,unknown,SteingroverInPrep,2
28825,50,0,50,2550,4,26,1,289,unknown,SteingroverInPrep,2
28826,50,0,50,2600,4,27,1,289,unknown,SteingroverInPrep,2
28827,50,0,50,2650,4,28,1,289,unknown,SteingroverInPrep,2
28828,50,0,50,2700,4,29,1,289,unknown,SteingroverInPrep,2
28829,50,-50,0,2700,3,30,1,289,unknown,SteingroverInPrep,2
28830,50,0,50,2750,4,31,1,289,unknown,SteingroverInPrep,2
28831,50,0,50,2800,3,32,1,289,unknown,SteingroverInPrep,2
28832,50,0,50,2850,4,33,1,289,unknown,SteingroverInPrep,2
28833,50,0,50,2900,4,34,1,289,unknown,SteingroverInPrep,2
28834,50,0,50,2950,3,35,1,289,unknown,SteingroverInPrep,2
28835,50,0,50,3000,3,36,1,289,unknown,SteingroverInPrep,2
28836,50,0,50,3050,4,37,1,289,unknown,SteingroverInPrep,2
28837,50,0,50,3100,3,38,1,289,unknown,SteingroverInPrep,2
28838,50,0,50,3150,4,39,1,289,unknown,SteingroverInPrep,2
28839,50,-50,0,3150,3,40,1,289,unknown,SteingroverInPrep,2
28840,50,0,50,3200,3,41,1,289,unknown,SteingroverInPrep,2
28841,50,-50,0,3200,3,42,1,289,unknown,SteingroverInPrep,2
28842,50,0,50,3250,3,43,1,289,unknown,SteingroverInPrep,2
28843,50,0,50,3300,4,44,1,289,unknown,SteingroverInPrep,2
28844,50,0,50,3350,4,45,1,289,unknown,SteingroverInPrep,2
28845,50,0,50,3400,4,46,1,289,unknown,SteingroverInPrep,2
28846,50,0,50,3450,4,47,1,289,unknown,SteingroverInPrep,2
28847,50,-50,0,3450,3,48,1,289,unknown,SteingroverInPrep,2
28848,50,0,50,3500,3,49,1,289,unknown,SteingroverInPrep,2
28849,50,0,50,3550,4,50,1,289,unknown,SteingroverInPrep,2
28850,50,-250,-200,3350,4,51,1,289,unknown,SteingroverInPrep,2
28851,50,-50,0,3350,3,52,1,289,unknown,SteingroverInPrep,2
28852,50,-50,0,3350,3,53,1,289,unknown,SteingroverInPrep,2
28853,50,-50,0,3350,3,54,1,289,unknown,SteingroverInPrep,2
28854,50,0,50,3400,3,55,1,289,unknown,SteingroverInPrep,2
28855,50,0,50,3450,4,56,1,289,unknown,SteingroverInPrep,2
28856,50,0,50,3500,4,57,1,289,unknown,SteingroverInPrep,2
28857,100,0,100,3600,2,58,1,289,unknown,SteingroverInPrep,2
28858,100,0,100,3700,2,59,1,289,unknown,SteingroverInPrep,2
28859,50,0,50,3750,4,60,1,289,unknown,SteingroverInPrep,2
28860,50,0,50,3800,3,61,1,289,unknown,SteingroverInPrep,2
28861,100,0,100,3900,2,62,1,289,unknown,SteingroverInPrep,2
28862,100,-200,-100,3800,1,63,1,289,unknown,SteingroverInPrep,2
28863,100,0,100,3900,2,64,1,289,unknown,SteingroverInPrep,2
28864,50,0,50,3950,4,65,1,289,unknown,SteingroverInPrep,2
28865,50,-50,0,3950,3,66,1,289,unknown,SteingroverInPrep,2
28866,50,-50,0,3950,3,67,1,289,unknown,SteingroverInPrep,2
28867,50,0,50,4000,3,68,1,289,unknown,SteingroverInPrep,2
28868,50,0,50,4050,4,69,1,289,unknown,SteingroverInPrep,2
28869,100,0,100,4150,2,70,1,289,unknown,SteingroverInPrep,2
28870,100,0,100,4250,2,71,1,289,unknown,SteingroverInPrep,2
28871,100,0,100,4350,1,72,1,289,unknown,SteingroverInPrep,2
28872,100,0,100,4450,1,73,1,289,unknown,SteingroverInPrep,2
28873,50,0,50,4500,3,74,1,289,unknown,SteingroverInPrep,2
28874,50,0,50,4550,4,75,1,289,unknown,SteingroverInPrep,2
28875,50,0,50,4600,4,76,1,289,unknown,SteingroverInPrep,2
28876,50,-50,0,4600,3,77,1,289,unknown,SteingroverInPrep,2
28877,50,-50,0,4600,3,78,1,289,unknown,SteingroverInPrep,2
28878,50,0,50,4650,3,79,1,289,unknown,SteingroverInPrep,2
28879,50,-50,0,4650,3,80,1,289,unknown,SteingroverInPrep,2
28880,50,0,50,4700,4,81,1,289,unknown,SteingroverInPrep,2
28881,50,0,50,4750,3,82,1,289,unknown,SteingroverInPrep,2
28882,100,-1250,-1150,3600,2,83,1,289,unknown,SteingroverInPrep,2
28883,100,0,100,3700,2,84,1,289,unknown,SteingroverInPrep,2
28884,100,-150,-50,3650,1,85,1,289,unknown,SteingroverInPrep,2
28885,100,0,100,3750,1,86,1,289,unknown,SteingroverInPrep,2
28886,50,-50,0,3750,3,87,1,289,unknown,SteingroverInPrep,2
28887,50,-50,0,3750,3,88,1,289,unknown,SteingroverInPrep,2
28888,50,0,50,3800,3,89,1,289,unknown,SteingroverInPrep,2
28889,50,-250,-200,3600,4,90,1,289,unknown,SteingroverInPrep,2
28890,50,0,50,3650,4,91,1,289,unknown,SteingroverInPrep,2
28891,50,0,50,3700,4,92,1,289,unknown,SteingroverInPrep,2
28892,50,0,50,3750,3,93,1,289,unknown,SteingroverInPrep,2
28893,50,0,50,3800,3,94,1,289,unknown,SteingroverInPrep,2
28894,50,0,50,3850,4,95,1,289,unknown,SteingroverInPrep,2
28895,100,0,100,3950,2,96,1,289,unknown,SteingroverInPrep,2
28896,100,-250,-150,3800,1,97,1,289,unknown,SteingroverInPrep,2
28897,100,-350,-250,3550,1,98,1,289,unknown,SteingroverInPrep,2
28898,100,0,100,3650,2,99,1,289,unknown,SteingroverInPrep,2
28899,100,0,100,3750,2,100,1,289,unknown,SteingroverInPrep,2
28900,100,-1250,-1150,850,2,1,1,290,unknown,SteingroverInPrep,2
28901,50,0,50,900,3,2,1,290,unknown,SteingroverInPrep,2
28902,50,0,50,950,4,3,1,290,unknown,SteingroverInPrep,2
28903,100,0,100,1050,1,4,1,290,unknown,SteingroverInPrep,2
28904,100,0,100,1150,2,5,1,290,unknown,SteingroverInPrep,2
28905,50,0,50,1200,3,6,1,290,unknown,SteingroverInPrep,2
28906,50,0,50,1250,4,7,1,290,unknown,SteingroverInPrep,2
28907,100,-200,-100,1150,1,8,1,290,unknown,SteingroverInPrep,2
28908,100,0,100,1250,2,9,1,290,unknown,SteingroverInPrep,2
28909,50,0,50,1300,3,10,1,290,unknown,SteingroverInPrep,2
28910,50,0,50,1350,4,11,1,290,unknown,SteingroverInPrep,2
28911,100,0,100,1450,1,12,1,290,unknown,SteingroverInPrep,2
28912,100,0,100,1550,2,13,1,290,unknown,SteingroverInPrep,2
28913,50,-50,0,1550,3,14,1,290,unknown,SteingroverInPrep,2
28914,50,0,50,1600,4,15,1,290,unknown,SteingroverInPrep,2
28915,100,-300,-200,1400,1,16,1,290,unknown,SteingroverInPrep,2
28916,100,0,100,1500,1,17,1,290,unknown,SteingroverInPrep,2
28917,100,0,100,1600,2,18,1,290,unknown,SteingroverInPrep,2
28918,50,0,50,1650,3,19,1,290,unknown,SteingroverInPrep,2
28919,50,-250,-200,1450,4,20,1,290,unknown,SteingroverInPrep,2
28920,50,0,50,1500,4,21,1,290,unknown,SteingroverInPrep,2
28921,100,0,100,1600,1,22,1,290,unknown,SteingroverInPrep,2
28922,100,0,100,1700,2,23,1,290,unknown,SteingroverInPrep,2
28923,50,-50,0,1700,3,24,1,290,unknown,SteingroverInPrep,2
28924,50,0,50,1750,3,25,1,290,unknown,SteingroverInPrep,2
28925,50,0,50,1800,4,26,1,290,unknown,SteingroverInPrep,2
28926,100,-150,-50,1750,1,27,1,290,unknown,SteingroverInPrep,2
28927,100,0,100,1850,1,28,1,290,unknown,SteingroverInPrep,2
28928,100,0,100,1950,2,29,1,290,unknown,SteingroverInPrep,2
28929,50,-50,0,1950,3,30,1,290,unknown,SteingroverInPrep,2
28930,50,-50,0,1950,3,31,1,290,unknown,SteingroverInPrep,2
28931,50,0,50,2000,4,32,1,290,unknown,SteingroverInPrep,2
28932,50,-50,0,2000,3,33,1,290,unknown,SteingroverInPrep,2
28933,100,-250,-150,1850,1,34,1,290,unknown,SteingroverInPrep,2
28934,100,-350,-250,1600,1,35,1,290,unknown,SteingroverInPrep,2
28935,100,0,100,1700,2,36,1,290,unknown,SteingroverInPrep,2
28936,50,-50,0,1700,3,37,1,290,unknown,SteingroverInPrep,2
28937,100,0,100,1800,2,38,1,290,unknown,SteingroverInPrep,2
28938,100,0,100,1900,2,39,1,290,unknown,SteingroverInPrep,2
28939,100,0,100,2000,2,40,1,290,unknown,SteingroverInPrep,2
28940,100,0,100,2100,2,41,1,290,unknown,SteingroverInPrep,2
28941,100,-1250,-1150,950,2,42,1,290,unknown,SteingroverInPrep,2
28942,50,-50,0,950,3,43,1,290,unknown,SteingroverInPrep,2
28943,50,0,50,1000,4,44,1,290,unknown,SteingroverInPrep,2
28944,50,0,50,1050,4,45,1,290,unknown,SteingroverInPrep,2
28945,50,0,50,1100,4,46,1,290,unknown,SteingroverInPrep,2
28946,50,0,50,1150,4,47,1,290,unknown,SteingroverInPrep,2
28947,100,0,100,1250,1,48,1,290,unknown,SteingroverInPrep,2
28948,100,-250,-150,1100,1,49,1,290,unknown,SteingroverInPrep,2
28949,100,-150,-50,1050,1,50,1,290,unknown,SteingroverInPrep,2
28950,100,0,100,1150,2,51,1,290,unknown,SteingroverInPrep,2
28951,100,0,100,1250,2,52,1,290,unknown,SteingroverInPrep,2
28952,100,0,100,1350,2,53,1,290,unknown,SteingroverInPrep,2
28953,100,0,100,1450,2,54,1,290,unknown,SteingroverInPrep,2
28954,50,-50,0,1450,3,55,1,290,unknown,SteingroverInPrep,2
28955,50,0,50,1500,4,56,1,290,unknown,SteingroverInPrep,2
28956,50,0,50,1550,4,57,1,290,unknown,SteingroverInPrep,2
28957,50,0,50,1600,4,58,1,290,unknown,SteingroverInPrep,2
28958,50,0,50,1650,4,59,1,290,unknown,SteingroverInPrep,2
28959,100,0,100,1750,1,60,1,290,unknown,SteingroverInPrep,2
28960,100,-300,-200,1550,1,61,1,290,unknown,SteingroverInPrep,2
28961,100,0,100,1650,2,62,1,290,unknown,SteingroverInPrep,2
28962,100,0,100,1750,2,63,1,290,unknown,SteingroverInPrep,2
28963,100,0,100,1850,2,64,1,290,unknown,SteingroverInPrep,2
28964,100,0,100,1950,2,65,1,290,unknown,SteingroverInPrep,2
28965,50,0,50,2000,3,66,1,290,unknown,SteingroverInPrep,2
28966,50,0,50,2050,3,67,1,290,unknown,SteingroverInPrep,2
28967,50,-50,0,2050,3,68,1,290,unknown,SteingroverInPrep,2
28968,50,0,50,2100,3,69,1,290,unknown,SteingroverInPrep,2
28969,50,0,50,2150,4,70,1,290,unknown,SteingroverInPrep,2
28970,50,0,50,2200,4,71,1,290,unknown,SteingroverInPrep,2
28971,50,0,50,2250,3,72,1,290,unknown,SteingroverInPrep,2
28972,100,0,100,2350,1,73,1,290,unknown,SteingroverInPrep,2
28973,100,-350,-250,2100,1,74,1,290,unknown,SteingroverInPrep,2
28974,100,0,100,2200,2,75,1,290,unknown,SteingroverInPrep,2
28975,100,0,100,2300,2,76,1,290,unknown,SteingroverInPrep,2
28976,100,-1250,-1150,1150,2,77,1,290,unknown,SteingroverInPrep,2
28977,50,-50,0,1150,3,78,1,290,unknown,SteingroverInPrep,2
28978,50,0,50,1200,4,79,1,290,unknown,SteingroverInPrep,2
28979,50,-250,-200,1000,4,80,1,290,unknown,SteingroverInPrep,2
28980,50,0,50,1050,3,81,1,290,unknown,SteingroverInPrep,2
28981,100,0,100,1150,1,82,1,290,unknown,SteingroverInPrep,2
28982,100,-200,-100,1050,1,83,1,290,unknown,SteingroverInPrep,2
28983,100,0,100,1150,2,84,1,290,unknown,SteingroverInPrep,2
28984,100,0,100,1250,2,85,1,290,unknown,SteingroverInPrep,2
28985,50,-50,0,1250,3,86,1,290,unknown,SteingroverInPrep,2
28986,50,0,50,1300,4,87,1,290,unknown,SteingroverInPrep,2
28987,100,0,100,1400,2,88,1,290,unknown,SteingroverInPrep,2
28988,50,-250,-200,1200,4,89,1,290,unknown,SteingroverInPrep,2
28989,100,0,100,1300,1,90,1,290,unknown,SteingroverInPrep,2
28990,100,-350,-250,1050,1,91,1,290,unknown,SteingroverInPrep,2
28991,100,0,100,1150,2,92,1,290,unknown,SteingroverInPrep,2
28992,100,0,100,1250,2,93,1,290,unknown,SteingroverInPrep,2
28993,50,0,50,1300,4,94,1,290,unknown,SteingroverInPrep,2
28994,100,0,100,1400,2,95,1,290,unknown,SteingroverInPrep,2
28995,100,0,100,1500,1,96,1,290,unknown,SteingroverInPrep,2
28996,100,0,100,1600,2,97,1,290,unknown,SteingroverInPrep,2
28997,100,-200,-100,1500,1,98,1,290,unknown,SteingroverInPrep,2
28998,100,0,100,1600,2,99,1,290,unknown,SteingroverInPrep,2
28999,100,0,100,1700,2,100,1,290,unknown,SteingroverInPrep,2
29000,100,-1250,-1150,850,2,1,1,291,unknown,SteingroverInPrep,2
29001,100,-350,-250,600,1,2,1,291,unknown,SteingroverInPrep,2
29002,50,-50,0,600,3,3,1,291,unknown,SteingroverInPrep,2
29003,50,0,50,650,4,4,1,291,unknown,SteingroverInPrep,2
29004,50,0,50,700,4,5,1,291,unknown,SteingroverInPrep,2
29005,50,0,50,750,4,6,1,291,unknown,SteingroverInPrep,2
29006,50,0,50,800,4,7,1,291,unknown,SteingroverInPrep,2
29007,50,0,50,850,4,8,1,291,unknown,SteingroverInPrep,2
29008,50,0,50,900,4,9,1,291,unknown,SteingroverInPrep,2
29009,50,-250,-200,700,4,10,1,291,unknown,SteingroverInPrep,2
29010,50,0,50,750,4,11,1,291,unknown,SteingroverInPrep,2
29011,50,-50,0,750,3,12,1,291,unknown,SteingroverInPrep,2
29012,100,0,100,850,2,13,1,291,unknown,SteingroverInPrep,2
29013,100,-250,-150,700,1,14,1,291,unknown,SteingroverInPrep,2
29014,50,0,50,750,4,15,1,291,unknown,SteingroverInPrep,2
29015,50,0,50,800,4,16,1,291,unknown,SteingroverInPrep,2
29016,50,0,50,850,4,17,1,291,unknown,SteingroverInPrep,2
29017,50,0,50,900,4,18,1,291,unknown,SteingroverInPrep,2
29018,100,0,100,1000,2,19,1,291,unknown,SteingroverInPrep,2
29019,50,0,50,1050,4,20,1,291,unknown,SteingroverInPrep,2
29020,100,0,100,1150,2,21,1,291,unknown,SteingroverInPrep,2
29021,50,0,50,1200,4,22,1,291,unknown,SteingroverInPrep,2
29022,100,0,100,1300,2,23,1,291,unknown,SteingroverInPrep,2
29023,50,-250,-200,1100,4,24,1,291,unknown,SteingroverInPrep,2
29024,100,0,100,1200,2,25,1,291,unknown,SteingroverInPrep,2
29025,50,0,50,1250,4,26,1,291,unknown,SteingroverInPrep,2
29026,100,0,100,1350,2,27,1,291,unknown,SteingroverInPrep,2
29027,50,0,50,1400,4,28,1,291,unknown,SteingroverInPrep,2
29028,100,0,100,1500,2,29,1,291,unknown,SteingroverInPrep,2
29029,50,0,50,1550,4,30,1,291,unknown,SteingroverInPrep,2
29030,100,0,100,1650,2,31,1,291,unknown,SteingroverInPrep,2
29031,50,0,50,1700,4,32,1,291,unknown,SteingroverInPrep,2
29032,100,0,100,1800,2,33,1,291,unknown,SteingroverInPrep,2
29033,50,0,50,1850,4,34,1,291,unknown,SteingroverInPrep,2
29034,100,0,100,1950,2,35,1,291,unknown,SteingroverInPrep,2
29035,50,0,50,2000,4,36,1,291,unknown,SteingroverInPrep,2
29036,100,0,100,2100,2,37,1,291,unknown,SteingroverInPrep,2
29037,50,0,50,2150,4,38,1,291,unknown,SteingroverInPrep,2
29038,100,0,100,2250,2,39,1,291,unknown,SteingroverInPrep,2
29039,50,-250,-200,2050,4,40,1,291,unknown,SteingroverInPrep,2
29040,100,0,100,2150,2,41,1,291,unknown,SteingroverInPrep,2
29041,50,0,50,2200,4,42,1,291,unknown,SteingroverInPrep,2
29042,100,-1250,-1150,1050,2,43,1,291,unknown,SteingroverInPrep,2
29043,100,0,100,1150,1,44,1,291,unknown,SteingroverInPrep,2
29044,50,0,50,1200,4,45,1,291,unknown,SteingroverInPrep,2
29045,100,0,100,1300,1,46,1,291,unknown,SteingroverInPrep,2
29046,50,0,50,1350,4,47,1,291,unknown,SteingroverInPrep,2
29047,100,0,100,1450,1,48,1,291,unknown,SteingroverInPrep,2
29048,50,0,50,1500,4,49,1,291,unknown,SteingroverInPrep,2
29049,100,0,100,1600,1,50,1,291,unknown,SteingroverInPrep,2
29050,50,0,50,1650,4,51,1,291,unknown,SteingroverInPrep,2
29051,100,-300,-200,1450,1,52,1,291,unknown,SteingroverInPrep,2
29052,50,0,50,1500,4,53,1,291,unknown,SteingroverInPrep,2
29053,50,0,50,1550,4,54,1,291,unknown,SteingroverInPrep,2
29054,50,0,50,1600,4,55,1,291,unknown,SteingroverInPrep,2
29055,50,0,50,1650,4,56,1,291,unknown,SteingroverInPrep,2
29056,50,0,50,1700,4,57,1,291,unknown,SteingroverInPrep,2
29057,50,0,50,1750,4,58,1,291,unknown,SteingroverInPrep,2
29058,50,0,50,1800,4,59,1,291,unknown,SteingroverInPrep,2
29059,50,0,50,1850,4,60,1,291,unknown,SteingroverInPrep,2
29060,50,-250,-200,1650,4,61,1,291,unknown,SteingroverInPrep,2
29061,50,0,50,1700,4,62,1,291,unknown,SteingroverInPrep,2
29062,50,0,50,1750,4,63,1,291,unknown,SteingroverInPrep,2
29063,50,0,50,1800,4,64,1,291,unknown,SteingroverInPrep,2
29064,50,0,50,1850,4,65,1,291,unknown,SteingroverInPrep,2
29065,50,0,50,1900,4,66,1,291,unknown,SteingroverInPrep,2
29066,50,0,50,1950,4,67,1,291,unknown,SteingroverInPrep,2
29067,50,0,50,2000,4,68,1,291,unknown,SteingroverInPrep,2
29068,50,0,50,2050,4,69,1,291,unknown,SteingroverInPrep,2
29069,50,0,50,2100,4,70,1,291,unknown,SteingroverInPrep,2
29070,50,0,50,2150,4,71,1,291,unknown,SteingroverInPrep,2
29071,50,0,50,2200,4,72,1,291,unknown,SteingroverInPrep,2
29072,50,0,50,2250,4,73,1,291,unknown,SteingroverInPrep,2
29073,50,-250,-200,2050,4,74,1,291,unknown,SteingroverInPrep,2
29074,50,0,50,2100,3,75,1,291,unknown,SteingroverInPrep,2
29075,50,0,50,2150,3,76,1,291,unknown,SteingroverInPrep,2
29076,50,-50,0,2150,3,77,1,291,unknown,SteingroverInPrep,2
29077,50,0,50,2200,4,78,1,291,unknown,SteingroverInPrep,2
29078,50,0,50,2250,4,79,1,291,unknown,SteingroverInPrep,2
29079,50,0,50,2300,4,80,1,291,unknown,SteingroverInPrep,2
29080,50,0,50,2350,4,81,1,291,unknown,SteingroverInPrep,2
29081,50,0,50,2400,4,82,1,291,unknown,SteingroverInPrep,2
29082,50,0,50,2450,4,83,1,291,unknown,SteingroverInPrep,2
29083,50,0,50,2500,4,84,1,291,unknown,SteingroverInPrep,2
29084,50,-250,-200,2300,4,85,1,291,unknown,SteingroverInPrep,2
29085,50,0,50,2350,3,86,1,291,unknown,SteingroverInPrep,2
29086,50,0,50,2400,3,87,1,291,unknown,SteingroverInPrep,2
29087,50,-50,0,2400,3,88,1,291,unknown,SteingroverInPrep,2
29088,50,0,50,2450,4,89,1,291,unknown,SteingroverInPrep,2
29089,50,0,50,2500,4,90,1,291,unknown,SteingroverInPrep,2
29090,50,0,50,2550,4,91,1,291,unknown,SteingroverInPrep,2
29091,50,0,50,2600,4,92,1,291,unknown,SteingroverInPrep,2
29092,50,-250,-200,2400,4,93,1,291,unknown,SteingroverInPrep,2
29093,50,0,50,2450,4,94,1,291,unknown,SteingroverInPrep,2
29094,50,0,50,2500,4,95,1,291,unknown,SteingroverInPrep,2
29095,50,0,50,2550,4,96,1,291,unknown,SteingroverInPrep,2
29096,50,0,50,2600,4,97,1,291,unknown,SteingroverInPrep,2
29097,100,0,100,2700,1,98,1,291,unknown,SteingroverInPrep,2
29098,50,0,50,2750,4,99,1,291,unknown,SteingroverInPrep,2
29099,50,0,50,2800,4,100,1,291,unknown,SteingroverInPrep,2
